Time [s]; Voltage [V]; Current [A]
1731091448024230000; 0.02044521484375; 0.0019484944661458334
1731091448024240000; 5.11998046875; 0.0
1731091448024250000; 5.11998046875; 0.0
1731091448024260000; 5.11998046875; 0.0
1731091448024270000; 5.11998046875; 0.0
1731091448024280000; 5.11998046875; 0.0
1731091448024290000; 2.87772177734375; 0.0
1731091448024300000; 2.907255859375; 0.0
1731091448024310000; 2.9246324218749997; 0.0
1731091448024320000; 2.93713583984375; 0.0
1731091448024330000; 2.9471322265625; 0.0
1731091448024340000; 2.95557080078125; 0.0
1731091448024350000; 2.9628538085937497; 0.0
1731091448024360000; 2.96919130859375; 0.0
1731091448024370000; 2.9747647460937503; 0.0
1731091448024380000; 2.9796847656250005; 0.0
1731091448024390000; 2.98407705078125; 0.0
1731091448024400000; 2.98798564453125; 0.0
1731091448024410000; 2.9914940429687498; 0.0
1731091448024420000; 2.9946616210937504; 0.0
1731091448024430000; 2.99751669921875; 0.0
1731091448024440000; 3.00010625; 0.0
1731091448024450000; 3.0024618164062504; 0.0
1731091448024460000; 3.00462216796875; 0.0
1731091448024470000; 3.0066140625; 0.0
1731091448024480000; 3.0084458007812502; 0.0
1731091448024490000; 3.0101111328125; 0.0
1731091448024500000; 3.0116421875; 0.0
1731091448024510000; 3.0130283203125003; 0.0
1731091448024520000; 3.0142888671875; 0.0
1731091448024530000; 3.01543330078125; 0.0
1731091448024540000; 3.0164736328125; 0.0
1731091448024550000; 3.01742734375; 0.0
1731091448024560000; 3.01830625; 0.0
1731091448024570000; 3.01910732421875; 0.0
1731091448024580000; 3.01985712890625; 0.0
1731091448024590000; 3.02053701171875; 0.0
1731091448024600000; 3.02118603515625; 0.0
1731091448024610000; 3.0217849609375005; 0.0
1731091448024620000; 3.022356640625; 0.0
1731091448024630000; 3.0228897460937505; 0.0
1731091448024640000; 3.02338818359375; 0.0
1731091448024650000; 3.0238427734375; 0.0
1731091448024660000; 3.02426513671875; 0.0
1731091448024670000; 3.02463935546875; 0.0
1731091448024680000; 3.024981640625; 0.0
1731091448024690000; 3.0252931640625; 0.0
1731091448024700000; 3.0255683593750002; 0.0
1731091448024710000; 3.02582666015625; 0.0
1731091448024720000; 3.0260713867187503; 0.0
1731091448024730000; 3.02629990234375; 0.0
1731091448024740000; 3.026510546875; 0.0
1731091448024750000; 3.0267167968749997; 0.0
1731091448024760000; 3.02691240234375; 0.0
1731091448024770000; 3.02710263671875; 0.0
1731091448024780000; 3.02728369140625; 0.0
1731091448024790000; 3.0274542968750002; 0.0
1731091448024800000; 3.0276056640625; 0.0
1731091448024810000; 3.0277443359375003; 0.0
1731091448024820000; 3.0278727539062498; 0.0
1731091448024830000; 3.02799150390625; 0.0
1731091448024840000; 3.0280828125; 0.0
1731091448024850000; 3.02817080078125; 0.0
1731091448024860000; 3.028252734375; 0.0
1731091448024870000; 3.028329296875; 0.0
1731091448024880000; 3.0284015625; 0.0
1731091448024890000; 3.0284728515625; 0.0
1731091448024900000; 3.02854208984375; 0.0
1731091448024910000; 3.02861025390625; 0.0
1731091448024920000; 3.028681640625; 0.0
1731091448024930000; 3.02874375; 0.0
1731091448024940000; 3.0287998046875004; 0.0
1731091448024950000; 3.0288486328125; 0.0
1731091448024960000; 3.0288953125; 0.0
1731091448024970000; 3.0289314453125002; 0.0
1731091448024980000; 3.0289778320312504; 0.0
1731091448024990000; 3.0290148437499997; 0.0
1731091448025000000; 3.02904677734375; 0.0
1731091448025010000; 3.0290669921875004; 0.0
1731091448025020000; 3.0290875; 0.0
1731091448025030000; 3.0291097656250003; 0.0
1731091448025040000; 3.0291426757812503; 0.0
1731091448025050000; 3.0291708984375005; 0.0
1731091448025060000; 3.0292041015625; 0.0
1731091448025070000; 3.02923076171875; 0.0
1731091448025080000; 3.0292529296875; 0.0
1731091448025090000; 3.02926015625; 0.0
1731091448025100000; 3.0292726562500003; 0.0
1731091448025110000; 3.02927421875; 0.0
1731091448025120000; 3.02928662109375; 0.0
1731091448025130000; 3.02930546875; 0.0
1731091448025140000; 3.02931337890625; 0.0
1731091448025150000; 3.0293289062500004; 0.0
1731091448025160000; 3.0293408203125; 0.0
1731091448025170000; 3.0293484375000004; 0.0
1731091448025180000; 3.0293635742187504; 0.0
1731091448025190000; 3.0293826171875002; 0.0
1731091448025200000; 3.0294002929687505; 0.0
1731091448025210000; 3.0294153320312502; 0.0
1731091448025220000; 3.0294235351562504; 0.0
1731091448025230000; 3.02942490234375; 0.0
1731091448025240000; 3.02941552734375; 0.0
1731091448025250000; 3.02941142578125; 0.0
1731091448025260000; 3.02939638671875; 0.0
1731091448025270000; 3.02939453125; 0.0
1731091448025280000; 3.02939765625; 0.0
1731091448025290000; 3.0294109375; 0.0
1731091448025300000; 3.02941962890625; 0.0
1731091448025310000; 3.02943017578125; 0.0
1731091448025320000; 3.0294438476562497; 0.0
1731091448025330000; 3.02945625; 0.0
1731091448025340000; 3.0294693359375002; 0.0
1731091448025350000; 3.02949052734375; 0.0
1731091448025360000; 3.02950439453125; 0.0
1731091448025370000; 3.0295120117187504; 0.0
1731091448025380000; 3.02950498046875; 0.0
1731091448025390000; 3.0294753906250005; 0.0
1731091448025400000; 3.029451171875; 0.0
1731091448025410000; 3.02943017578125; 0.0
1731091448025420000; 3.02941220703125; 0.0
1731091448025430000; 3.0294197265625002; 0.0
1731091448025440000; 3.029426953125; 0.0
1731091448025450000; 3.02943125; 0.0
1731091448025460000; 3.0294448242187504; 0.0
1731091448025470000; 3.0294591796875; 0.0
1731091448025480000; 3.0294775390625; 0.0
1731091448025490000; 3.0294935546875; 0.0
1731091448025500000; 3.02952421875; 0.0
1731091448025510000; 3.02953916015625; 0.0
1731091448025520000; 3.02953916015625; 0.0
1731091448025530000; 3.0295169921875; 0.0
1731091448025540000; 3.02949033203125; 0.0
1731091448025550000; 3.02945322265625; 0.0
1731091448025560000; 3.02943095703125; 0.0
1731091448025570000; 3.0294126953125; 0.0
1731091448025580000; 3.0293970703125; 0.0
1731091448025590000; 3.0293810546874997; 0.0
1731091448025600000; 3.0293577148437496; 0.0
1731091448025610000; 3.0291886718749996; 0.0
1731091448025620000; 3.02839951171875; 0.0
1731091448025630000; 3.026881640625; 0.0
1731091448025640000; 3.0247873046875005; 0.0
1731091448025650000; 3.02241748046875; 0.0
1731091448025660000; 3.02022333984375; 0.0
1731091448025670000; 3.016396484375; 9.076029459635418e-05
1731091448025680000; 3.0054055664062505; 0.00035278116861979167
1731091448025690000; 2.9978296875; 0.000376190185546875
1731091448025700000; 2.9929040039062498; 0.00035361328125000003
1731091448025710000; 2.9889671875; 0.0003405029296875
1731091448025720000; 2.9853228515625; 0.00033680928548177085
1731091448025730000; 2.98178759765625; 0.00033916015625000005
1731091448025740000; 2.9782484375; 0.0003449879964192708
1731091448025750000; 2.9747302734375; 0.0003527475992838542
1731091448025760000; 2.9713102539062497; 0.000359796142578125
1731091448025770000; 2.9678367187499997; 0.00037240091959635414
1731091448025780000; 2.9642779296875; 0.00038489888509114583
1731091448025790000; 2.9607791015625002; 0.0003962056477864584
1731091448025800000; 2.95729228515625; 0.0004075063069661459
1731091448025810000; 2.9537921875; 0.0004187418619791667
1731091448025820000; 2.95030380859375; 0.00042849629720052087
1731091448025830000; 2.946813671875; 0.00043720397949218755
1731091448025840000; 2.94334970703125; 0.00044486083984375
1731091448025850000; 2.9398439453125; 0.0004526926676432292
1731091448025860000; 2.9363291992187497; 0.00045992431640625006
1731091448025870000; 2.9328416015624996; 0.0004669606526692709
1731091448025880000; 2.92932548828125; 0.00047638854980468757
1731091448025890000; 2.9257857421875; 0.0004859141031901042
1731091448025900000; 2.92227109375; 0.0004958079020182292
1731091448025910000; 2.9187453125; 0.0005067921956380208
1731091448025920000; 2.9152260742187504; 0.0005179931640625
1731091448025930000; 2.9116869140625; 0.0005302195231119791
1731091448025940000; 2.9081961914062497; 0.0005412180582682292
1731091448025950000; 2.9046976562499998; 0.0005534250895182292
1731091448025960000; 2.9011912109374998; 0.0005640899658203125
1731091448025970000; 2.89771298828125; 0.00057293701171875
1731091448025980000; 2.89436337890625; 0.0005790639241536459
1731091448025990000; 2.89089443359375; 0.0005884694417317708
1731091448026000000; 2.88735166015625; 0.0005954854329427084
1731091448026010000; 2.88385146484375; 0.0006012512207031251
1731091448026020000; 2.8803400390625002; 0.0006074422200520834
1731091448026030000; 2.8768092773437504; 0.0006143839518229166
1731091448026040000; 2.8732678710937503; 0.0006217508951822917
1731091448026050000; 2.8697607421875; 0.0006299489339192709
1731091448026060000; 2.866212890625; 0.00063997802734375
1731091448026070000; 2.8626583984375005; 0.0006506042480468751
1731091448026080000; 2.8591226562500003; 0.0006617441813151042
1731091448026090000; 2.8556392578125003; 0.0006724517822265626
1731091448026100000; 2.85218486328125; 0.000682843017578125
1731091448026110000; 2.848691015625; 0.0006929097493489583
1731091448026120000; 2.8452365234375003; 0.0007016743977864584
1731091448026130000; 2.8417630859374996; 0.0007091583251953125
1731091448026140000; 2.8382663085937505; 0.0007163940429687501
1731091448026150000; 2.8347608398437503; 0.0007219930013020834
1731091448026160000; 2.831268359375; 0.0007270924886067709
1731091448026170000; 2.8277662109375; 0.0007322550455729167
1731091448026180000; 2.8242212890625003; 0.0007379709879557292
1731091448026190000; 2.8207113281250003; 0.000743536376953125
1731091448026200000; 2.81720791015625; 0.0007502878824869792
1731091448026210000; 2.8137693359375; 0.0007575642903645834
1731091448026220000; 2.8102304687500004; 0.0007682139078776042
1731091448026230000; 2.8066794921875; 0.0007790120442708335
1731091448026240000; 2.80315673828125; 0.0007897176106770834
1731091448026250000; 2.79966435546875; 0.00079954833984375
1731091448026260000; 2.79621220703125; 0.000808550008138021
1731091448026270000; 2.7927282226562498; 0.0008166147867838542
1731091448026280000; 2.7892312500000003; 0.0008238555908203126
1731091448026290000; 2.7857077148437503; 0.0008302174886067709
1731091448026300000; 2.78219716796875; 0.0008353963216145833
1731091448026310000; 2.7786936523437498; 0.0008400024414062499
1731091448026320000; 2.77523798828125; 0.0008435791015625001
1731091448026330000; 2.77172421875; 0.0008484832763671876
1731091448026340000; 2.7682056640625; 0.000853277587890625
1731091448026350000; 2.76469091796875; 0.0008590382893880209
1731091448026360000; 2.76116142578125; 0.0008660471598307293
1731091448026370000; 2.75760703125; 0.0008746775309244792
1731091448026380000; 2.7540935546875; 0.0008843190511067709
1731091448026390000; 2.75056298828125; 0.0008946258544921875
1731091448026400000; 2.7470866210937497; 0.0009039194742838543
1731091448026410000; 2.74361455078125; 0.0009124114990234376
1731091448026420000; 2.74015390625; 0.0009196604410807292
1731091448026430000; 2.7367531250000003; 0.0009254099527994793
1731091448026440000; 2.7332518554687497; 0.0009315734863281251
1731091448026450000; 2.7297181640625; 0.0009365804036458333
1731091448026460000; 2.72623095703125; 0.0009406453450520834
1731091448026470000; 2.72271904296875; 0.0009444702148437501
1731091448026480000; 2.7191903320312503; 0.0009484385172526043
1731091448026490000; 2.7156791992187497; 0.0009522979736328126
1731091448026500000; 2.7121817382812505; 0.0009570556640625001
1731091448026510000; 2.70863115234375; 0.0009632425944010417
1731091448026520000; 2.7050814453125; 0.0009708577473958334
1731091448026530000; 2.70155703125; 0.0009794993082682293
1731091448026540000; 2.6981328125; 0.0009885477701822916
1731091448026550000; 2.6946626953125; 0.000997772216796875
1731091448026560000; 2.6911769531250003; 0.001005815633138021
1731091448026570000; 2.6876904296875; 0.0010124725341796876
1731091448026580000; 2.68418935546875; 0.0010184254964192708
1731091448026590000; 2.6806861328125002; 0.0010234710693359376
1731091448026600000; 2.6771619140625003; 0.0010280721028645835
1731091448026610000; 2.67369208984375; 0.0010315256754557293
1731091448026620000; 2.6701708984375; 0.0010352335611979167
1731091448026630000; 2.6666412109375; 0.0010385772705078125
1731091448026640000; 2.6631484375000003; 0.0010420135498046875
1731091448026650000; 2.65975849609375; 0.0010454366048177084
1731091448026660000; 2.6562233398437503; 0.0010511932373046876
1731091448026670000; 2.65264453125; 0.0010578460693359377
1731091448026680000; 2.6491451171875; 0.0010655680338541667
1731091448026690000; 2.6456791015624996; 0.0010741149902343751
1731091448026700000; 2.6421541015625003; 0.0010826619466145833
1731091448026710000; 2.6386578125; 0.0010900014241536457
1731091448026720000; 2.6351817382812497; 0.0010964396158854167
1731091448026730000; 2.63166748046875; 0.0011018575032552085
1731091448026740000; 2.62814462890625; 0.0011064961751302083
1731091448026750000; 2.6246409179687498; 0.0011104593912760418
1731091448026760000; 2.6211900390625; 0.0011137430826822917
1731091448026770000; 2.61767919921875; 0.0011173777262369793
1731091448026780000; 2.6141751953125; 0.001120362345377604
1731091448026790000; 2.6106850585937504; 0.0011234690348307292
1731091448026800000; 2.6071510742187503; 0.001127135213216146
1731091448026810000; 2.6036365234375; 0.0011315155029296877
1731091448026820000; 2.6001498046875002; 0.001137267049153646
1731091448026830000; 2.5966483398437497; 0.0011441996256510416
1731091448026840000; 2.59312587890625; 0.0011518941243489585
1731091448026850000; 2.589607421875; 0.0011595723470052084
1731091448026860000; 2.58612060546875; 0.001166375732421875
1731091448026870000; 2.58265126953125; 0.0011721934000651043
1731091448026880000; 2.5792333984375; 0.0011768707275390626
1731091448026890000; 2.57573935546875; 0.0011813791910807291
1731091448026900000; 2.57222353515625; 0.00118514404296875
1731091448026910000; 2.5686990234375005; 0.001188641357421875
1731091448026920000; 2.5651701171875; 0.0011917887369791668
1731091448026930000; 2.5616597656250004; 0.001194818115234375
1731091448026940000; 2.558151953125; 0.0011976999918619793
1731091448026950000; 2.55462978515625; 0.0012012420654296876
1731091448026960000; 2.5511243164062503; 0.001205296834309896
1731091448026970000; 2.5476189453124998; 0.0012104471842447916
1731091448026980000; 2.54411826171875; 0.001216534423828125
1731091448026990000; 2.540650390625; 0.0012229797363281251
1731091448027000000; 2.5371472656250003; 0.001229637654622396
1731091448027010000; 2.533648046875; 0.0012358774820963544
1731091448027020000; 2.53016142578125; 0.0012414326985677084
1731091448027030000; 2.5266302734375; 0.0012462381998697917
1731091448027040000; 2.523129296875; 0.0012501597086588543
1731091448027050000; 2.5196267578125; 0.0012535959879557293
1731091448027060000; 2.5161107421875; 0.0012568939208984376
1731091448027070000; 2.512586328125; 0.0012597920735677084
1731091448027080000; 2.50909931640625; 0.001262744140625
1731091448027090000; 2.5056453125; 0.0012655609130859378
1731091448027100000; 2.5022263671875002; 0.0012686482747395833
1731091448027110000; 2.49872099609375; 0.0012726623535156251
1731091448027120000; 2.4951666992187502; 0.0012774119059244793
1731091448027130000; 2.4916638671875; 0.0012826985677083333
1731091448027140000; 2.4881474609375003; 0.0012882883707682293
1731091448027150000; 2.48460771484375; 0.0012939178466796874
1731091448027160000; 2.4810783203125; 0.0012994110107421874
1731091448027170000; 2.4775814453125; 0.0013043355305989584
1731091448027180000; 2.4740671875; 0.0013088348388671876
1731091448027190000; 2.4705392578125; 0.0013124847412109375
1731091448027200000; 2.46703779296875; 0.0013158518473307293
1731091448027210000; 2.4635841796875; 0.0013187032063802083
1731091448027220000; 2.46007744140625; 0.0013217793782552083
1731091448027230000; 2.4566064453125; 0.0013246470133463542
1731091448027240000; 2.453124609375; 0.0013275767008463543
1731091448027250000; 2.4496226562500003; 0.0013308624267578126
1731091448027260000; 2.4460939453125; 0.0013348520914713544
1731091448027270000; 2.4425684570312503; 0.0013391672770182292
1731091448027280000; 2.43907685546875; 0.001343755086263021
1731091448027290000; 2.43556845703125; 0.0013483194986979167
1731091448027300000; 2.43203251953125; 0.0013528971354166666
1731091448027310000; 2.42853447265625; 0.0013575205485026043
1731091448027320000; 2.42512978515625; 0.0013615427652994795
1731091448027330000; 2.42162431640625; 0.001365814208984375
1731091448027340000; 2.41807265625; 0.0013695556640625
1731091448027350000; 2.4145798828125002; 0.0013726826985677085
1731091448027360000; 2.411098828125; 0.0013755574544270835
1731091448027370000; 2.40760048828125; 0.0013785797119140624
1731091448027380000; 2.4041108398437503; 0.0013814992268880207
1731091448027390000; 2.4006138671875004; 0.0013846323649088542
1731091448027400000; 2.39707802734375; 0.0013881754557291668
1731091448027410000; 2.39354580078125; 0.0013920725504557294
1731091448027420000; 2.3900318359375; 0.001396129353841146
1731091448027430000; 2.38657314453125; 0.0013999725341796877
1731091448027440000; 2.3830897460937503; 0.0014036468505859376
1731091448027450000; 2.3795606445312503; 0.0014072235107421877
1731091448027460000; 2.376058984375; 0.0014108123779296878
1731091448027470000; 2.3725532226562502; 0.001414623006184896
1731091448027480000; 2.369046875; 0.0014183247884114584
1731091448027490000; 2.365508203125; 0.0014217437744140627
1731091448027500000; 2.3620247070312503; 0.001424805704752604
1731091448027510000; 2.35854306640625; 0.001427763875325521
1731091448027520000; 2.3550509765625; 0.0014306294759114586
1731091448027530000; 2.35154697265625; 0.0014336812337239586
1731091448027540000; 2.34815009765625; 0.0014367991129557293
1731091448027550000; 2.34461904296875; 0.001440545654296875
1731091448027560000; 2.34107001953125; 0.0014444529215494792
1731091448027570000; 2.3375580078125; 0.001448393758138021
1731091448027580000; 2.3340751953125003; 0.0014518422444661457
1731091448027590000; 2.3305541015625; 0.001454779052734375
1731091448027600000; 2.32703828125; 0.0014573781331380208
1731091448027610000; 2.323548046875; 0.0014600331624348957
1731091448027620000; 2.3200296875; 0.001463054402669271
1731091448027630000; 2.316469921875; 0.0014662902832031253
1731091448027640000; 2.31297060546875; 0.0014694824218750002
1731091448027650000; 2.30952431640625; 0.0014723948160807294
1731091448027660000; 2.3060813476562503; 0.0014753458658854168
1731091448027670000; 2.30260361328125; 0.0014783325195312502
1731091448027680000; 2.2990884765625; 0.001481427001953125
1731091448027690000; 2.29557822265625; 0.0014849761962890625
1731091448027700000; 2.2920466796875; 0.0014888356526692708
1731091448027710000; 2.28851650390625; 0.0014929402669270834
1731091448027720000; 2.28501953125; 0.0014967976888020833
1731091448027730000; 2.2815244140625; 0.0014998718261718751
1731091448027740000; 2.27800380859375; 0.0015022989908854167
1731091448027750000; 2.2745060546875; 0.0015041300455729168
1731091448027760000; 2.2710072265625003; 0.0015058461507161459
1731091448027770000; 2.26758447265625; 0.0015078501383463544
1731091448027780000; 2.26407041015625; 0.0015104329427083334
1731091448027790000; 2.26057353515625; 0.0015132843017578127
1731091448027800000; 2.257065625; 0.0015163350423177085
1731091448027810000; 2.25356083984375; 0.001519371541341146
1731091448027820000; 2.25004677734375; 0.0015223866780598961
1731091448027830000; 2.24653486328125; 0.0015256978352864584
1731091448027840000; 2.24300625; 0.0015292612711588543
1731091448027850000; 2.2394801757812504; 0.001533348592122396
1731091448027860000; 2.2359537109375; 0.0015376129150390628
1731091448027870000; 2.23246630859375; 0.0015412343343098958
1731091448027880000; 2.2290384765625; 0.0015439422607421876
1731091448027890000; 2.2255453125; 0.0015458363850911461
1731091448027900000; 2.2220404296875; 0.0015471567789713543
1731091448027910000; 2.2185411132812503; 0.0015481730143229167
1731091448027920000; 2.21503017578125; 0.0015493977864583332
1731091448027930000; 2.2115400390625; 0.00155120849609375
1731091448027940000; 2.2080423828125; 0.0015537099202473958
1731091448027950000; 2.20452568359375; 0.001556511433919271
1731091448027960000; 2.20100068359375; 0.0015596476236979168
1731091448027970000; 2.19748115234375; 0.0015628387451171878
1731091448027980000; 2.1939974609375; 0.0015663157145182293
1731091448027990000; 2.1905640625; 0.0015699554443359377
1731091448028000000; 2.18706630859375; 0.001574309285481771
1731091448028010000; 2.1835166015625003; 0.0015787241617838544
1731091448028020000; 2.18001767578125; 0.00158231201171875
1731091448028030000; 2.1765259765625; 0.0015849070231119793
1731091448028040000; 2.17300634765625; 0.0015864756266276041
1731091448028050000; 2.1694849609375; 0.0015872212727864586
1731091448028060000; 2.16599501953125; 0.0015876424153645834
1731091448028070000; 2.16248525390625; 0.0015882059733072918
1731091448028080000; 2.1589697265625; 0.0015892598470052086
1731091448028090000; 2.1554537109375; 0.001591148885091146
1731091448028100000; 2.1520052734375; 0.0015935465494791667
1731091448028110000; 2.1484846679687504; 0.0015967132568359378
1731091448028120000; 2.1449696289062503; 0.0015999918619791667
1731091448028130000; 2.14146396484375; 0.001603586832682292
1731091448028140000; 2.13795166015625; 0.0016076222737630209
1731091448028150000; 2.13443828125; 0.0016121907552083335
1731091448028160000; 2.1309135742187504; 0.0016164906819661458
1731091448028170000; 2.1274138671875; 0.001620030721028646
1731091448028180000; 2.1239251953125002; 0.0016224314371744795
1731091448028190000; 2.12040595703125; 0.0016238271077473959
1731091448028200000; 2.11692412109375; 0.001624186197916667
1731091448028210000; 2.113569921875; 0.0016239420572916668
1731091448028220000; 2.11005576171875; 0.001624022420247396
1731091448028230000; 2.10650390625; 0.0016243062337239584
1731091448028240000; 2.10300009765625; 0.0016255869547526043
1731091448028250000; 2.0995017578125; 0.0016277404785156253
1731091448028260000; 2.0959576171875; 0.0016305735270182291
1731091448028270000; 2.0924299804687503; 0.0016340586344401043
1731091448028280000; 2.088925; 0.0016378967285156252
1731091448028290000; 2.0853923828125; 0.0016423065185546875
1731091448028300000; 2.08184931640625; 0.0016468526204427084
1731091448028310000; 2.07834208984375; 0.0016511566162109375
1731091448028320000; 2.0748542968750003; 0.0016546040852864585
1731091448028330000; 2.07140556640625; 0.0016569325764973961
1731091448028340000; 2.0679515625; 0.001658111572265625
1731091448028350000; 2.0644779296875; 0.0016582651774088542
1731091448028360000; 2.0609708984375; 0.0016579132080078126
1731091448028370000; 2.0574564453125; 0.0016574005126953125
1731091448028380000; 2.05393466796875; 0.0016572580973307294
1731091448028390000; 2.05043349609375; 0.001657726033528646
1731091448028400000; 2.0468919921874997; 0.0016594919840494792
1731091448028410000; 2.0433610351562503; 0.0016620259602864583
1731091448028420000; 2.03984697265625; 0.0016654286702473958
1731091448028430000; 2.0363576171875; 0.00166961669921875
1731091448028440000; 2.03292275390625; 0.001674040730794271
1731091448028450000; 2.0294214843750003; 0.0016787424723307292
1731091448028460000; 2.0258838867187503; 0.0016830851236979169
1731091448028470000; 2.0223906250000003; 0.0016862070719401044
1731091448028480000; 2.01891923828125; 0.0016885355631510418
1731091448028490000; 2.01543251953125; 0.001689605712890625
1731091448028500000; 2.01193427734375; 0.0016896667480468751
1731091448028510000; 2.0084171875; 0.0016890960693359376
1731091448028520000; 2.004894921875; 0.0016881876627604167
1731091448028530000; 2.0013478515625; 0.0016876261393229167
1731091448028540000; 1.9978365234375; 0.0016876291910807293
1731091448028550000; 1.99437529296875; 0.0016886006673177084
1731091448028560000; 1.99085693359375; 0.00169090576171875
1731091448028570000; 1.9873400390625; 0.0016943552652994793
1731091448028580000; 1.9838306640625; 0.0016986195882161459
1731091448028590000; 1.9803001953125; 0.0017033487955729167
1731091448028600000; 1.976781640625; 0.0017081319173177084
1731091448028610000; 1.9732845703125; 0.0017120829264322917
1731091448028620000; 1.96982138671875; 0.0017152292887369794
1731091448028630000; 1.9663248046875; 0.0017173004150390625
1731091448028640000; 1.9628374023437503; 0.0017182342529296875
1731091448028650000; 1.9593623046875002; 0.0017184031168619794
1731091448028660000; 1.95595009765625; 0.001717597452799479
1731091448028670000; 1.9524449218750002; 0.0017165995279947918
1731091448028680000; 1.9489061523437499; 0.0017157430013020835
1731091448028690000; 1.94538671875; 0.0017152008056640626
1731091448028700000; 1.9418776367187502; 0.0017157358805338543
1731091448028710000; 1.9383192382812502; 0.0017174835205078125
1731091448028720000; 1.934796484375; 0.001720556640625
1731091448028730000; 1.9312674804687502; 0.001724974568684896
1731091448028740000; 1.9277349609375; 0.0017299245198567708
1731091448028750000; 1.9242264648437502; 0.0017347534179687502
1731091448028760000; 1.92075654296875; 0.0017386952718098962
1731091448028770000; 1.91734775390625; 0.0017415669759114586
1731091448028780000; 1.9138633789062502; 0.001743522135416667
1731091448028790000; 1.91035927734375; 0.0017444681803385417
1731091448028800000; 1.90687421875; 0.0017445699055989585
1731091448028810000; 1.90337734375; 0.0017438629150390624
1731091448028820000; 1.899857421875; 0.0017428487141927084
1731091448028830000; 1.89633857421875; 0.0017416829427083335
1731091448028840000; 1.89282998046875; 0.0017409108479817708
1731091448028850000; 1.8893134765625001; 0.0017408915201822916
1731091448028860000; 1.8857486328125; 0.0017422973632812502
1731091448028870000; 1.88223984375; 0.0017451253255208335
1731091448028880000; 1.8788067382812499; 0.0017493662516276042
1731091448028890000; 1.8752974609375; 0.0017543334960937501
1731091448028900000; 1.87178515625; 0.00175894775390625
1731091448028910000; 1.86831044921875; 0.0017628397623697916
1731091448028920000; 1.86481572265625; 0.0017655995686848961
1731091448028930000; 1.86129677734375; 0.0017674387613932294
1731091448028940000; 1.8577778320312501; 0.001768376668294271
1731091448028950000; 1.85427802734375; 0.00176849365234375
1731091448028960000; 1.850751171875; 0.0017679484049479169
1731091448028970000; 1.847215234375; 0.001766783650716146
1731091448028980000; 1.8436963867187501; 0.0017656138102213543
1731091448028990000; 1.84021044921875; 0.0017647115071614586
1731091448029000000; 1.836676953125; 0.0017644978841145833
1731091448029010000; 1.8331603515625; 0.0017653279622395835
1731091448029020000; 1.829645703125; 0.0017676920572916668
1731091448029030000; 1.8261529296874999; 0.0017715270996093752
1731091448029040000; 1.8226698242187502; 0.0017763956705729167
1731091448029050000; 1.81915810546875; 0.0017809346516927086
1731091448029060000; 1.8156816406250003; 0.0017847208658854168
1731091448029070000; 1.81217802734375; 0.0017874796549479169
1731091448029080000; 1.80866708984375; 0.0017890777587890626
1731091448029090000; 1.80515927734375; 0.0017898691813151043
1731091448029100000; 1.80170078125; 0.001789910888671875
1731091448029110000; 1.7982606445312501; 0.0017894205729166667
1731091448029120000; 1.7947667968749998; 0.0017885080973307293
1731091448029130000; 1.79122802734375; 0.0017874654134114585
1731091448029140000; 1.78773017578125; 0.001786444091796875
1731091448029150000; 1.78417900390625; 0.0017860992431640626
1731091448029160000; 1.7806538085937502; 0.0017866984049479168
1731091448029170000; 1.7771201171875; 0.0017887308756510418
1731091448029180000; 1.77363623046875; 0.0017922200520833335
1731091448029190000; 1.7701125; 0.0017964660644531252
1731091448029200000; 1.7666000976562501; 0.0018009002685546876
1731091448029210000; 1.7631210937500001; 0.0018044860839843751
1731091448029220000; 1.75967001953125; 0.0018069712320963544
1731091448029230000; 1.756174609375; 0.001808653767903646
1731091448029240000; 1.75267919921875; 0.0018093302408854167
1731091448029250000; 1.7491767578125001; 0.0018095367431640627
1731091448029260000; 1.7456669921875; 0.0018091328938802083
1731091448029270000; 1.74215; 0.0018082478841145834
1731091448029280000; 1.73866337890625; 0.0018073272705078124
1731091448029290000; 1.73513720703125; 0.0018064463297526043
1731091448029300000; 1.7316130859374999; 0.0018061289469401042
1731091448029310000; 1.7281032226562498; 0.0018064097086588544
1731091448029320000; 1.72461943359375; 0.0018080810546875
1731091448029330000; 1.72120322265625; 0.0018111104329427085
1731091448029340000; 1.7177012695312501; 0.0018149149576822917
1731091448029350000; 1.7141724609375002; 0.0018187082926432294
1731091448029360000; 1.71066982421875; 0.0018220214843750002
1731091448029370000; 1.7071634765625001; 0.0018244293212890624
1731091448029380000; 1.7036466796875; 0.0018259012858072917
1731091448029390000; 1.7001373046875; 0.001826617431640625
1731091448029400000; 1.6966313476562502; 0.0018268564860026042
1731091448029410000; 1.6931189453125; 0.0018265360514322917
1731091448029420000; 1.6895908203125; 0.0018260182698567708
1731091448029430000; 1.6860863281249998; 0.0018252655029296877
1731091448029440000; 1.682630859375; 0.0018245391845703126
1731091448029450000; 1.67916455078125; 0.0018240722656250002
1731091448029460000; 1.675654296875; 0.0018244659423828128
1731091448029470000; 1.6721532226562499; 0.0018259145100911459
1731091448029480000; 1.66862578125; 0.001828337605794271
1731091448029490000; 1.6651060546875; 0.0018314178466796876
1731091448029500000; 1.66158779296875; 0.0018346466064453127
1731091448029510000; 1.65809814453125; 0.0018375956217447917
1731091448029520000; 1.6545814453125; 0.0018398468017578127
1731091448029530000; 1.65106220703125; 0.0018412628173828127
1731091448029540000; 1.6475654296875002; 0.001842021687825521
1731091448029550000; 1.6441615234375002; 0.0018422129313151042
1731091448029560000; 1.6406519531250001; 0.0018421844482421875
1731091448029570000; 1.63711474609375; 0.0018416839599609378
1731091448029580000; 1.63362451171875; 0.0018412211100260418
1731091448029590000; 1.63014736328125; 0.0018407409667968752
1731091448029600000; 1.626661328125; 0.0018406321207682294
1731091448029610000; 1.6231271484375; 0.0018410125732421876
1731091448029620000; 1.61962705078125; 0.0018423624674479167
1731091448029630000; 1.61607978515625; 0.0018442657470703124
1731091448029640000; 1.6125388671875; 0.001846599324544271
1731091448029650000; 1.60903330078125; 0.0018490030924479166
1731091448029660000; 1.60557724609375; 0.0018513142903645835
1731091448029670000; 1.6020781250000002; 0.0018534423828125
1731091448029680000; 1.5985792968749999; 0.0018548655192057292
1731091448029690000; 1.5950872070312498; 0.0018556284586588542
1731091448029700000; 1.59159833984375; 0.0018557749430338543
1731091448029710000; 1.5880763671875; 0.0018558970133463542
1731091448029720000; 1.58455458984375; 0.0018556711832682293
1731091448029730000; 1.5810947265625002; 0.0018554260253906252
1731091448029740000; 1.57761328125; 0.0018553314208984376
1731091448029750000; 1.57409482421875; 0.0018553741455078127
1731091448029760000; 1.57059228515625; 0.0018559773763020834
1731091448029770000; 1.5671677734375; 0.001857224527994792
1731091448029780000; 1.56365673828125; 0.0018587951660156252
1731091448029790000; 1.56009375; 0.0018603312174479167
1731091448029800000; 1.55658447265625; 0.0018620758056640627
1731091448029810000; 1.55307724609375; 0.0018636525472005207
1731091448029820000; 1.5495568359375; 0.0018654022216796876
1731091448029830000; 1.54604892578125; 0.0018665873209635416
1731091448029840000; 1.542558984375; 0.0018674326578776044
1731091448029850000; 1.5390365234374999; 0.0018677815755208335
1731091448029860000; 1.5355069335937501; 0.0018679036458333334
1731091448029870000; 1.532021484375; 0.0018678660074869793
1731091448029880000; 1.5285423828125; 0.0018679667154947919
1731091448029890000; 1.5250751953125001; 0.0018680531819661459
1731091448029900000; 1.52156865234375; 0.0018686553955078126
1731091448029910000; 1.5180579101562501; 0.0018695088704427086
1731091448029920000; 1.5145540039062502; 0.0018707305908203125
1731091448029930000; 1.5110379882812501; 0.001871825154622396
1731091448029940000; 1.50752080078125; 0.001872850545247396
1731091448029950000; 1.5040223632812502; 0.0018736602783203126
1731091448029960000; 1.50049736328125; 0.0018746541341145833
1731091448029970000; 1.49697744140625; 0.0018756449381510418
1731091448029980000; 1.49346650390625; 0.0018767384847005208
1731091448029990000; 1.49000517578125; 0.0018775787353515628
1731091448030000000; 1.48656259765625; 0.0018780069986979167
1731091448030010000; 1.4831034179687501; 0.0018782755533854167
1731091448030020000; 1.4795781250000002; 0.0018785308837890628
1731091448030030000; 1.4760783203125; 0.0018787577311197917
1731091448030040000; 1.4725498046875; 0.0018793019612630211
1731091448030050000; 1.4690300781249999; 0.0018802062988281252
1731091448030060000; 1.4655119140625001; 0.001881395467122396
1731091448030070000; 1.4620081054687502; 0.0018826354980468751
1731091448030080000; 1.4584771484374999; 0.0018835388183593752
1731091448030090000; 1.45495537109375; 0.0018839630126953127
1731091448030100000; 1.4514385742187499; 0.001884002685546875
1731091448030110000; 1.4479804687500002; 0.0018841684977213544
1731091448030120000; 1.44446826171875; 0.0018846242268880208
1731091448030130000; 1.4409641601562502; 0.0018853220621744794
1731091448030140000; 1.4374708984375; 0.0018862325032552086
1731091448030150000; 1.4339904296875; 0.0018868041992187502
1731091448030160000; 1.43050771484375; 0.001887388102213542
1731091448030170000; 1.427003515625; 0.0018877044677734376
1731091448030180000; 1.42349375; 0.0018882486979166669
1731091448030190000; 1.419958203125; 0.0018891255696614584
1731091448030200000; 1.41644228515625; 0.0018904602050781253
1731091448030210000; 1.4129515625; 0.0018918863932291669
1731091448030220000; 1.40953427734375; 0.0018931528727213543
1731091448030230000; 1.40602509765625; 0.00189384765625
1731091448030240000; 1.4025056640625002; 0.0018938883463541667
1731091448030250000; 1.3989960937500001; 0.0018933858235677084
1731091448030260000; 1.3954897460937499; 0.0018927795410156251
1731091448030270000; 1.3919609375000002; 0.0018924794514973958
1731091448030280000; 1.388433203125; 0.0018927378336588544
1731091448030290000; 1.38495634765625; 0.001893346150716146
1731091448030300000; 1.3814515625000001; 0.0018941507975260418
1731091448030310000; 1.3779408203125; 0.0018948608398437503
1731091448030320000; 1.37443359375; 0.0018955078125000003
1731091448030330000; 1.37097109375; 0.001896331787109375
1731091448030340000; 1.367456640625; 0.0018976277669270835
1731091448030350000; 1.3639404296875; 0.001899249267578125
1731091448030360000; 1.3604411132812502; 0.0019011077880859376
1731091448030370000; 1.35694306640625; 0.0019025034586588544
1731091448030380000; 1.35344453125; 0.0019029246012369793
1731091448030390000; 1.3499255859375001; 0.0019026743570963543
1731091448030400000; 1.3464423828125; 0.001901627604166667
1731091448030410000; 1.34292109375; 0.0019003763834635418
1731091448030420000; 1.3394039062499998; 0.0018994578043619792
1731091448030430000; 1.3359447265625; 0.0018990641276041666
1731091448030440000; 1.33253525390625; 0.0018993835449218751
1731091448030450000; 1.3290267578125; 0.001900177001953125
1731091448030460000; 1.32547568359375; 0.0019011138916015626
1731091448030470000; 1.321982421875; 0.0019020985921223959
1731091448030480000; 1.3184779296875002; 0.0019032786051432294
1731091448030490000; 1.31495107421875; 0.0019047943115234375
1731091448030500000; 1.311425390625; 0.0019068725585937502
1731091448030510000; 1.3079197265625; 0.001908928426106771
1731091448030520000; 1.3044033203124998; 0.0019104278564453126
1731091448030530000; 1.30088662109375; 0.001910863240559896
1731091448030540000; 1.29738671875; 0.0019102030436197917
1731091448030550000; 1.293935546875; 0.0019087615966796876
1731091448030560000; 1.290423046875; 0.001907018025716146
1731091448030570000; 1.2869365234374999; 0.0019055185953776043
1731091448030580000; 1.28345791015625; 0.0019045552571614584
1731091448030590000; 1.27995068359375; 0.0019044525146484376
1731091448030600000; 1.2764279296875; 0.0019052012125651044
1731091448030610000; 1.2729154296875; 0.0019062652587890627
1731091448030620000; 1.26941796875; 0.001907579549153646
1731091448030630000; 1.2659049804687499; 0.0019091603597005211
1731091448030640000; 1.2623658203125; 0.0019110585530598958
1731091448030650000; 1.2588634765625002; 0.0019132832845052085
1731091448030660000; 1.25538466796875; 0.001915514119466146
1731091448030670000; 1.25195966796875; 0.0019169087727864585
1731091448030680000; 1.24845380859375; 0.0019173675537109377
1731091448030690000; 1.2449512695312501; 0.0019166158040364583
1731091448030700000; 1.24149462890625; 0.0019150146484375003
1731091448030710000; 1.2379781250000002; 0.0019128997802734377
1731091448030720000; 1.234466015625; 0.0019109405517578127
1731091448030730000; 1.2309415039062501; 0.0019094441731770833
1731091448030740000; 1.227404296875; 0.0019088541666666668
1731091448030750000; 1.22385625; 0.0019092478434244791
1731091448030760000; 1.220335546875; 0.0019103037516276043
1731091448030770000; 1.216818359375; 0.0019118418375651041
1731091448030780000; 1.21334091796875; 0.0019138061523437501
1731091448030790000; 1.20981591796875; 0.0019162180582682291
1731091448030800000; 1.20633056640625; 0.0019187113444010418
1731091448030810000; 1.20282626953125; 0.0019210205078125
1731091448030820000; 1.19931005859375; 0.0019225168863932294
1731091448030830000; 1.19580146484375; 0.0019228922526041666
1731091448030840000; 1.19235224609375; 0.0019220174153645837
1731091448030850000; 1.188873046875; 0.001920231119791667
1731091448030860000; 1.18536611328125; 0.001917917887369792
1731091448030870000; 1.18186015625; 0.0019156575520833336
1731091448030880000; 1.17836484375; 0.0019137003580729168
1731091448030890000; 1.1749166015625; 0.0019125722249348958
1731091448030900000; 1.1714109375; 0.0019126068115234377
1731091448030910000; 1.1678599609375; 0.0019136413574218753
1731091448030920000; 1.1643375; 0.0019152791341145834
1731091448030930000; 1.160840625; 0.0019176422119140627
1731091448030940000; 1.15730087890625; 0.0019203023274739584
1731091448030950000; 1.1537830078125; 0.0019231414794921874
1731091448030960000; 1.1502880859375; 0.0019255289713541667
1731091448030970000; 1.146779296875; 0.001927031453450521
1731091448030980000; 1.14328310546875; 0.0019273295084635416
1731091448030990000; 1.1398140625000002; 0.0019265228271484378
1731091448031000000; 1.1363679687500001; 0.001924724324544271
1731091448031010000; 1.1328783203125001; 0.0019224344889322918
1731091448031020000; 1.12936787109375; 0.001919847615559896
1731091448031030000; 1.12587109375; 0.0019175557454427083
1731091448031040000; 1.1223482421875; 0.0019160369873046875
1731091448031050000; 1.1188103515625; 0.001915488688151042
1731091448031060000; 1.1152689453125; 0.0019162109375
1731091448031070000; 1.11176962890625; 0.001918035888671875
1731091448031080000; 1.1082466796875001; 0.0019206512451171876
1731091448031090000; 1.1047248046875; 0.001923766072591146
1731091448031100000; 1.1012292968750002; 0.0019268229166666667
1731091448031110000; 1.0978061523437501; 0.0019291625976562501
1731091448031120000; 1.0943343749999999; 0.001930584716796875
1731091448031130000; 1.090841015625; 0.001930900065104167
1731091448031140000; 1.08735830078125; 0.001930126953125
1731091448031150000; 1.0838740234375; 0.0019284413655598959
1731091448031160000; 1.0803704101562501; 0.0019261423746744794
1731091448031170000; 1.076858203125; 0.0019233225504557295
1731091448031180000; 1.073334375; 0.0019210032145182293
1731091448031190000; 1.06981083984375; 0.0019191792805989586
1731091448031200000; 1.06626025390625; 0.0019182352701822918
1731091448031210000; 1.06273271484375; 0.0019185017903645834
1731091448031220000; 1.0592432617187502; 0.0019202667236328129
1731091448031230000; 1.0557335937499999; 0.0019231384277343753
1731091448031240000; 1.0522095703125; 0.0019266621907552085
1731091448031250000; 1.04874267578125; 0.0019297526041666669
1731091448031260000; 1.0452931640625; 0.0019322418212890627
1731091448031270000; 1.04180009765625; 0.0019334320068359375
1731091448031280000; 1.0382845703124999; 0.001933708699544271
1731091448031290000; 1.03479423828125; 0.0019329915364583333
1731091448031300000; 1.03129326171875; 0.0019314615885416666
1731091448031310000; 1.02778154296875; 0.0019291290283203128
1731091448031320000; 1.0242876953125; 0.0019265024820963542
1731091448031330000; 1.02082275390625; 0.0019239827473958335
1731091448031340000; 1.0173548828125; 0.0019219299316406253
1731091448031350000; 1.01382685546875; 0.0019206593831380208
1731091448031360000; 1.010296484375; 0.001920611572265625
1731091448031370000; 1.00677509765625; 0.001922125244140625
1731091448031380000; 1.0032404296875002; 0.0019250274658203126
1731091448031390000; 0.9997185546875; 0.0019286844889322917
1731091448031400000; 0.9962623046875001; 0.0019319915771484374
1731091448031410000; 0.99276064453125; 0.0019344930013020832
1731091448031420000; 0.9892642578125; 0.0019357248942057292
1731091448031430000; 0.98576044921875; 0.0019360087076822918
1731091448031440000; 0.9822690429687501; 0.0019353586832682292
1731091448031450000; 0.978799609375; 0.0019338043212890628
1731091448031460000; 0.975306640625; 0.001931731160481771
1731091448031470000; 0.9718054687500001; 0.0019292266845703126
1731091448031480000; 0.96830869140625; 0.0019267211914062502
1731091448031490000; 0.964783984375; 0.0019245829264322918
1731091448031500000; 0.96126494140625; 0.0019230214436848961
1731091448031510000; 0.9577384765625; 0.0019227610270182293
1731091448031520000; 0.9542076171875; 0.0019240519205729167
1731091448031530000; 0.9506964843750001; 0.0019267781575520834
1731091448031540000; 0.9472168945312499; 0.001930315144856771
1731091448031550000; 0.94376328125; 0.0019336924235026044
1731091448031560000; 0.9403310546875001; 0.0019361002604166668
1731091448031570000; 0.936847265625; 0.001937358601888021
1731091448031580000; 0.93333251953125; 0.0019375712076822918
1731091448031590000; 0.9298324218749999; 0.001936937459309896
1731091448031600000; 0.9263174804687501; 0.0019356536865234376
1731091448031610000; 0.92280322265625; 0.001933739217122396
1731091448031620000; 0.91928203125; 0.0019315541585286462
1731091448031630000; 0.9157751953125001; 0.0019292053222656252
1731091448031640000; 0.9122291015624999; 0.0019270090738932294
1731091448031650000; 0.90869326171875; 0.001925536092122396
1731091448031660000; 0.90517109375; 0.0019249755859375001
1731091448031670000; 0.9016818359375001; 0.0019259094238281251
1731091448031680000; 0.89817978515625; 0.001928404744466146
1731091448031690000; 0.8946984375; 0.0019317565917968751
1731091448031700000; 0.8912062500000001; 0.0019350616455078126
1731091448031710000; 0.8877167968749999; 0.0019372843424479169
1731091448031720000; 0.88420107421875; 0.0019384989420572919
1731091448031730000; 0.8807126953125; 0.0019387491861979167
1731091448031740000; 0.877205078125; 0.0019382822672526043
1731091448031750000; 0.87368662109375; 0.0019370890299479169
1731091448031760000; 0.87018388671875; 0.0019354319254557292
1731091448031770000; 0.86669521484375; 0.00193355712890625
1731091448031780000; 0.86325302734375; 0.0019313995361328127
1731091448031790000; 0.8597555664062501; 0.0019294047037760418
1731091448031800000; 0.85622763671875; 0.0019278025309244792
1731091448031810000; 0.85272734375; 0.0019272074381510417
1731091448031820000; 0.8492491210937501; 0.0019279856363932292
1731091448031830000; 0.84572744140625; 0.0019301452636718752
1731091448031840000; 0.8422062499999999; 0.0019330108642578126
1731091448031850000; 0.83868955078125; 0.0019359018961588542
1731091448031860000; 0.8351766601562499; 0.001938096110026042
1731091448031870000; 0.83164912109375; 0.0019393707275390626
1731091448031880000; 0.8281560546875001; 0.0019396484375
1731091448031890000; 0.8246930664062501; 0.0019392486572265626
1731091448031900000; 0.82119384765625; 0.0019381907145182293
1731091448031910000; 0.81767744140625; 0.0019368418375651042
1731091448031920000; 0.8141887695312501; 0.001935301717122396
1731091448031930000; 0.8106904296874999; 0.0019334971110026042
1731091448031940000; 0.80717802734375; 0.0019316843668619793
1731091448031950000; 0.8036736328125; 0.0019303171793619792
1731091448031960000; 0.8001838867187501; 0.0019297800699869794
1731091448031970000; 0.7966542968750001; 0.0019304036458333335
1731091448031980000; 0.793139453125; 0.0019319549560546875
1731091448031990000; 0.7896428710937501; 0.0019342631022135418
1731091448032000000; 0.7862212890625; 0.0019366353352864585
1731091448032010000; 0.7827005859375; 0.0019385996500651042
1731091448032020000; 0.7791708984375001; 0.001939951578776042
1731091448032030000; 0.77568935546875; 0.0019403259277343751
1731091448032040000; 0.77220625; 0.0019400095621744792
1731091448032050000; 0.7686695312499999; 0.0019391113281250004
1731091448032060000; 0.7651626953125; 0.0019379740397135418
1731091448032070000; 0.76165859375; 0.0019366424560546876
1731091448032080000; 0.75814140625; 0.001935228474934896
1731091448032090000; 0.75465810546875; 0.0019338226318359375
1731091448032100000; 0.75113955078125; 0.0019327585856119792
1731091448032110000; 0.7476368164062499; 0.0019323811848958334
1731091448032120000; 0.744144921875; 0.0019329243977864584
1731091448032130000; 0.74064892578125; 0.001934063720703125
1731091448032140000; 0.7371297851562499; 0.0019356923421223959
1731091448032150000; 0.73362998046875; 0.001937357584635417
1731091448032160000; 0.73010478515625; 0.0019389719645182294
1731091448032170000; 0.72658837890625; 0.0019401936848958334
1731091448032180000; 0.723078515625; 0.0019406168619791667
1731091448032190000; 0.7195725585937499; 0.001940495808919271
1731091448032200000; 0.71607001953125; 0.0019399251302083334
1731091448032210000; 0.7125708984375; 0.0019390696207682292
1731091448032220000; 0.70909521484375; 0.001937962849934896
1731091448032230000; 0.70568115234375; 0.0019367757161458336
1731091448032240000; 0.7021822265625001; 0.0019358795166015627
1731091448032250000; 0.6986696289062501; 0.0019351816813151044
1731091448032260000; 0.6951536132812499; 0.0019351125081380211
1731091448032270000; 0.69165576171875; 0.0019356109619140627
1731091448032280000; 0.68813271484375; 0.001936417643229167
1731091448032290000; 0.6846138671875001; 0.001937449137369792
1731091448032300000; 0.6810962890625; 0.0019384012858072919
1731091448032310000; 0.6775516601562501; 0.0019394968668619795
1731091448032320000; 0.6740297851562499; 0.0019403554280598959
1731091448032330000; 0.6705350585937501; 0.0019408294677734374
1731091448032340000; 0.6670515625; 0.0019408630371093752
1731091448032350000; 0.663559375; 0.0019404683430989584
1731091448032360000; 0.6600759765624999; 0.001939777628580729
1731091448032370000; 0.65660625; 0.0019390452067057293
1731091448032380000; 0.65311630859375; 0.0019383697509765627
1731091448032390000; 0.6496000000000001; 0.0019377990722656252
1731091448032400000; 0.6460935546875; 0.0019376068115234376
1731091448032410000; 0.6425614257812501; 0.00193782958984375
1731091448032420000; 0.6390345703125; 0.0019383697509765627
1731091448032430000; 0.6355428710937501; 0.0019389404296875
1731091448032440000; 0.6320639648437499; 0.0019392985026041667
1731091448032450000; 0.62861220703125; 0.0019395456949869794
1731091448032460000; 0.6251158203125; 0.0019400095621744792
1731091448032470000; 0.6215787109375001; 0.0019404642740885416
1731091448032480000; 0.61807890625; 0.001940831502278646
1731091448032490000; 0.6145861328125001; 0.0019410034179687503
1731091448032500000; 0.6110748046875; 0.001940934244791667
1731091448032510000; 0.60757880859375; 0.0019405232747395835
1731091448032520000; 0.60409619140625; 0.0019400838216145834
1731091448032530000; 0.6005638671875; 0.0019396494547526044
1731091448032540000; 0.59703349609375; 0.0019395172119140627
1731091448032550000; 0.5935197265625; 0.0019399058024088542
1731091448032560000; 0.59004990234375; 0.0019405090332031251
1731091448032570000; 0.5865166992187499; 0.0019412322998046878
1731091448032580000; 0.5830137695312501; 0.0019415069580078126
1731091448032590000; 0.57952119140625; 0.0019414245605468752
1731091448032600000; 0.5760259765625; 0.0019410359700520836
1731091448032610000; 0.5725041015625; 0.0019406504313151044
1731091448032620000; 0.5689669921875; 0.0019406290690104169
1731091448032630000; 0.5654603515625; 0.0019408386230468752
1731091448032640000; 0.56194619140625; 0.0019410990397135419
1731091448032650000; 0.558469921875; 0.0019411092122395834
1731091448032660000; 0.5550052734375001; 0.00194107666015625
1731091448032670000; 0.551580078125; 0.00194085693359375
1731091448032680000; 0.548069140625; 0.00194090576171875
1731091448032690000; 0.5445345703125001; 0.0019412811279296877
1731091448032700000; 0.5410334960937501; 0.0019420847574869793
1731091448032710000; 0.537540234375; 0.001943107096354167
1731091448032720000; 0.53403701171875; 0.0019440195719401044
1731091448032730000; 0.53053642578125; 0.0019441192626953128
1731091448032740000; 0.52700966796875; 0.0019436136881510419
1731091448032750000; 0.523496484375; 0.0019426788330078127
1731091448032760000; 0.519958203125; 0.0019417643229166668
1731091448032770000; 0.51643544921875; 0.0019409932454427085
1731091448032780000; 0.512949609375; 0.0019408243815104169
1731091448032790000; 0.50947763671875; 0.0019409749348958335
1731091448032800000; 0.50598662109375; 0.0019411855061848959
1731091448032810000; 0.5025017578125; 0.0019415486653645835
1731091448032820000; 0.4989984375; 0.0019418233235677085
1731091448032830000; 0.49548945312500003; 0.0019421488444010418
1731091448032840000; 0.49195703125; 0.0019429239908854167
1731091448032850000; 0.48843603515625; 0.0019441721598307293
1731091448032860000; 0.48491201171875; 0.0019455708821614584
1731091448032870000; 0.481412890625; 0.0019465555826822917
1731091448032880000; 0.47791425781249997; 0.0019466257731119794
1731091448032890000; 0.474458984375; 0.0019458730061848958
1731091448032900000; 0.47098671875000003; 0.001944469197591146
1731091448032910000; 0.46749013671875; 0.0019429229736328127
1731091448032920000; 0.46399218750000004; 0.0019416880289713542
1731091448032930000; 0.46051767578125; 0.001941020711263021
1731091448032940000; 0.4570166015625; 0.0019409027099609377
1731091448032950000; 0.4535115234375; 0.0019412109375
1731091448032960000; 0.45000009765625004; 0.0019418172200520833
1731091448032970000; 0.44646826171875; 0.0019423126220703127
1731091448032980000; 0.44293378906249997; 0.0019430572509765627
1731091448032990000; 0.43940751953125; 0.0019442769368489584
1731091448033000000; 0.4359052734375; 0.0019460337320963542
1731091448033010000; 0.43240498046875003; 0.001947746785481771
1731091448033020000; 0.42891083984375; 0.0019488037109375
1731091448033030000; 0.42542890624999996; 0.0019489420572916668
1731091448033040000; 0.4219271484375; 0.0019479400634765625
1731091448033050000; 0.41842080078125; 0.001946391805013021
1731091448033060000; 0.414954296875; 0.0019443410237630209
1731091448033070000; 0.41145341796875; 0.0019424997965494792
1731091448033080000; 0.40793779296875; 0.0019413126627604168
1731091448033090000; 0.4044130859375; 0.0019408620198567712
1731091448033100000; 0.40091240234375003; 0.0019411651611328127
1731091448033110000; 0.39741064453124997; 0.0019419474283854168
1731091448033120000; 0.3939435546875; 0.00194273681640625
1731091448033130000; 0.390427734375; 0.0019439605712890625
1731091448033140000; 0.38691181640625005; 0.0019455556233723959
1731091448033150000; 0.38341796875; 0.0019475972493489585
1731091448033160000; 0.3799283203125; 0.001949596150716146
1731091448033170000; 0.3764203125; 0.0019508433024088543
1731091448033180000; 0.37292099609375; 0.0019508605957031253
1731091448033190000; 0.36942763671875; 0.0019499450683593753
1731091448033200000; 0.36591806640625; 0.0019480885823567708
1731091448033210000; 0.3624259765625; 0.0019459096272786461
1731091448033220000; 0.35893291015625; 0.0019437123616536458
1731091448033230000; 0.35544091796875; 0.0019419169108072917
1731091448033240000; 0.35191923828125; 0.001941008504231771
1731091448033250000; 0.34840556640625003; 0.0019411458333333334
1731091448033260000; 0.34490351562500005; 0.001941827392578125
1731091448033270000; 0.34139609375; 0.0019431518554687503
1731091448033280000; 0.33786484375000003; 0.0019447906494140627
1731091448033290000; 0.33433916015625004; 0.0019468658447265627
1731091448033300000; 0.33082187500000004; 0.0019493052164713542
1731091448033310000; 0.32731884765624997; 0.0019514180501302083
1731091448033320000; 0.32382490234375; 0.0019526468912760416
1731091448033330000; 0.32035390625; 0.0019527201334635419
1731091448033340000; 0.316937890625; 0.001951671346028646
1731091448033350000; 0.31346884765625; 0.0019498362223307293
1731091448033360000; 0.30996591796875; 0.001947332763671875
1731091448033370000; 0.3064685546875; 0.0019449320475260418
1731091448033380000; 0.30297138671875; 0.0019427276611328126
1731091448033390000; 0.29946269531249997; 0.0019414143880208334
1731091448033400000; 0.2959291015625; 0.0019411285400390626
1731091448033410000; 0.29239912109375; 0.0019417816162109378
1731091448033420000; 0.28884501953124997; 0.001943340047200521
1731091448033430000; 0.28530966796875; 0.001945396931966146
1731091448033440000; 0.28177968750000004; 0.0019478729248046875
1731091448033450000; 0.27828955078125; 0.001950554402669271
1731091448033460000; 0.27478271484375; 0.001952812703450521
1731091448033470000; 0.271290625; 0.0019540222167968753
1731091448033480000; 0.26785751953125003; 0.0019542236328125
1731091448033490000; 0.26439462890625004; 0.0019533732096354167
1731091448033500000; 0.26090009765625; 0.001951488240559896
1731091448033510000; 0.25736806640625004; 0.0019489267985026042
1731091448033520000; 0.25385966796875; 0.0019461507161458336
1731091448033530000; 0.25033007812499997; 0.0019437642415364583
1731091448033540000; 0.2468115234375; 0.0019421356201171876
1731091448033550000; 0.24331337890625002; 0.0019414265950520833
1731091448033560000; 0.23985205078125002; 0.0019418284098307293
1731091448033570000; 0.23632529296875; 0.0019435516357421876
1731091448033580000; 0.23279257812499998; 0.0019459859212239586
1731091448033590000; 0.22929365234375002; 0.0019487864176432293
1731091448033600000; 0.22580986328125; 0.0019518503824869794
1731091448033610000; 0.22232373046875; 0.001954083251953125
1731091448033620000; 0.21885224609375; 0.0019553955078125003
1731091448033630000; 0.2153765625; 0.0019555816650390625
1731091448033640000; 0.2118716796875; 0.0019546895345052082
1731091448033650000; 0.20832900390625; 0.0019530436197916668
1731091448033660000; 0.20483447265625; 0.0019504984537760416
1731091448033670000; 0.20133837890625; 0.0019477244059244794
1731091448033680000; 0.1978396484375; 0.0019452097574869792
1731091448033690000; 0.19432226562500002; 0.0019431030273437502
1731091448033700000; 0.19080830078125; 0.0019420511881510418
1731091448033710000; 0.1873021484375; 0.0019421824137369791
1731091448033720000; 0.1837830078125; 0.0019437530517578125
1731091448033730000; 0.18024541015625; 0.001946467081705729
1731091448033740000; 0.17671630859375; 0.0019497070312500002
1731091448033750000; 0.173202734375; 0.0019527903238932293
1731091448033760000; 0.16973994140624998; 0.0019552012125651046
1731091448033770000; 0.166280078125; 0.0019563598632812503
1731091448033780000; 0.16281689453125; 0.001956562296549479
1731091448033790000; 0.1593546875; 0.0019558125813802086
1731091448033800000; 0.1558572265625; 0.001954278564453125
1731091448033810000; 0.15236572265625; 0.0019519368489583336
1731091448033820000; 0.14887587890624998; 0.001949303181966146
1731091448033830000; 0.145391015625; 0.001946648152669271
1731091448033840000; 0.14186416015625; 0.0019443990071614584
1731091448033850000; 0.13834033203125; 0.0019430521647135419
1731091448033860000; 0.13479833984375; 0.0019428558349609377
1731091448033870000; 0.13125673828125; 0.0019441589355468753
1731091448033880000; 0.127688671875; 0.0019469248453776041
1731091448033890000; 0.1241927734375; 0.0019503550211588544
1731091448033900000; 0.12073125000000001; 0.0019535725911458334
1731091448033910000; 0.1172552734375; 0.001955915323893229
1731091448033920000; 0.11378369140625001; 0.0019571879069010417
1731091448033930000; 0.11029453125; 0.0019573506673177085
1731091448033940000; 0.10679404296875; 0.0019567728678385418
1731091448033950000; 0.10328857421875; 0.0019553446451822916
1731091448033960000; 0.0997716796875; 0.0019531616210937503
1731091448033970000; 0.09626474609375; 0.001950713094075521
1731091448033980000; 0.0927490234375; 0.0019481089274088542
1731091448033990000; 0.089248046875; 0.001945799763997396
1731091448034000000; 0.0857529296875; 0.0019442108154296876
1731091448034010000; 0.08225009765624999; 0.0019436492919921878
1731091448034020000; 0.0787177734375; 0.001944853719075521
1731091448034030000; 0.07521796875; 0.0019475392659505208
1731091448034040000; 0.0717634765625; 0.001950950113932292
1731091448034050000; 0.06828994140625; 0.00195418701171875
1731091448034060000; 0.064808203125; 0.001956700642903646
1731091448034070000; 0.061299609375; 0.0019578948974609376
1731091448034080000; 0.05778544921875001; 0.001958110555013021
1731091448034090000; 0.05425244140625; 0.0019574483235677083
1731091448034100000; 0.0507484375; 0.001956145222981771
1731091448034110000; 0.04722568359375; 0.0019542917887369793
1731091448034120000; 0.04373818359375; 0.001952055867513021
1731091448034130000; 0.04022265625; 0.0019496795654296876
1731091448034140000; 0.03671181640625; 0.0019473724365234376
1731091448034150000; 0.03320126953125; 0.0019456827799479168
1731091448034160000; 0.029693066406250003; 0.0019450581868489586
1731091448034170000; 0.026152050781250002; 0.001945914713541667
1731091448034180000; 0.022648242187499997; 0.0019482991536458336
1731091448034190000; 0.019125488281250002; 0.0019515157063802085
1731091448034200000; 0.01562470703125; 0.0019547454833984375
1731091448034210000; 0.01220625; 0.0019571543375651044
1731091448034220000; 0.008746875000000001; 0.0019583455403645836

