system time [s] = value * gain + (offset); current [A] = value * gain + offset; voltage [V] = value * gain + offset
2024-10-24 11:50:06.008100; 0; 262143
2024-10-24 11:50:06.008110; 0; 262143
2024-10-24 11:50:06.008120; 0; 262143
2024-10-24 11:50:06.008130; 0; 262143
2024-10-24 11:50:06.008140; 0; 262143
2024-10-24 11:50:06.008150; 0; 192396
2024-10-24 11:50:06.008160; 0; 194363
2024-10-24 11:50:06.008170; 0; 195429
2024-10-24 11:50:06.008180; 0; 196171
2024-10-24 11:50:06.008190; 0; 196733
2024-10-24 11:50:06.008200; 0; 197172
2024-10-24 11:50:06.008210; 0; 197552
2024-10-24 11:50:06.008220; 0; 197892
2024-10-24 11:50:06.008230; 0; 198157
2024-10-24 11:50:06.008240; 0; 198413
2024-10-24 11:50:06.008250; 0; 198645
2024-10-24 11:50:06.008260; 0; 198809
2024-10-24 11:50:06.008270; 0; 198960
2024-10-24 11:50:06.008280; 0; 199112
2024-10-24 11:50:06.008290; 0; 199224
2024-10-24 11:50:06.008300; 0; 199318
2024-10-24 11:50:06.008310; 0; 199433
2024-10-24 11:50:06.008320; 0; 199501
2024-10-24 11:50:06.008330; 0; 199595
2024-10-24 11:50:06.008340; 0; 199686
2024-10-24 11:50:06.008350; 0; 199732
2024-10-24 11:50:06.008360; 0; 199781
2024-10-24 11:50:06.008370; 0; 199814
2024-10-24 11:50:06.008380; 0; 199855
2024-10-24 11:50:06.008390; 0; 199917
2024-10-24 11:50:06.008400; 0; 199938
2024-10-24 11:50:06.008410; 0; 199954
2024-10-24 11:50:06.008420; 0; 199988
2024-10-24 11:50:06.008430; 0; 200028
2024-10-24 11:50:06.008440; 0; 200048
2024-10-24 11:50:06.008450; 0; 200067
2024-10-24 11:50:06.008460; 0; 200069
2024-10-24 11:50:06.008470; 0; 200076
2024-10-24 11:50:06.008480; 0; 200122
2024-10-24 11:50:06.008490; 0; 200121
2024-10-24 11:50:06.008500; 0; 200121
2024-10-24 11:50:06.008510; 0; 200137
2024-10-24 11:50:06.008520; 0; 200156
2024-10-24 11:50:06.008530; 0; 200168
2024-10-24 11:50:06.008540; 0; 200187
2024-10-24 11:50:06.008550; 0; 200181
2024-10-24 11:50:06.008560; 0; 200171
2024-10-24 11:50:06.008570; 0; 200178
2024-10-24 11:50:06.008580; 0; 200191
2024-10-24 11:50:06.008590; 0; 200185
2024-10-24 11:50:06.008600; 0; 200203
2024-10-24 11:50:06.008610; 0; 200212
2024-10-24 11:50:06.008620; 0; 200213
2024-10-24 11:50:06.008630; 0; 200232
2024-10-24 11:50:06.008640; 0; 200220
2024-10-24 11:50:06.008650; 0; 200207
2024-10-24 11:50:06.008660; 0; 200205
2024-10-24 11:50:06.008670; 0; 200215
2024-10-24 11:50:06.008680; 0; 200210
2024-10-24 11:50:06.008690; 0; 200222
2024-10-24 11:50:06.008700; 0; 200225
2024-10-24 11:50:06.008710; 0; 200215
2024-10-24 11:50:06.008720; 0; 200234
2024-10-24 11:50:06.008730; 0; 200254
2024-10-24 11:50:06.008740; 0; 200251
2024-10-24 11:50:06.008750; 0; 200241
2024-10-24 11:50:06.008760; 0; 200232
2024-10-24 11:50:06.008770; 0; 200217
2024-10-24 11:50:06.008780; 0; 200226
2024-10-24 11:50:06.008790; 0; 200234
2024-10-24 11:50:06.008800; 0; 200218
2024-10-24 11:50:06.008810; 0; 200231
2024-10-24 11:50:06.008820; 0; 200234
2024-10-24 11:50:06.008830; 0; 200240
2024-10-24 11:50:06.008840; 0; 200254
2024-10-24 11:50:06.008850; 0; 200239
2024-10-24 11:50:06.008860; 0; 200222
2024-10-24 11:50:06.008870; 0; 200233
2024-10-24 11:50:06.008880; 0; 200230
2024-10-24 11:50:06.008890; 0; 200226
2024-10-24 11:50:06.008900; 0; 200220
2024-10-24 11:50:06.008910; 0; 200226
2024-10-24 11:50:06.008920; 0; 200226
2024-10-24 11:50:06.008930; 0; 200260
2024-10-24 11:50:06.008940; 0; 200237
2024-10-24 11:50:06.008950; 0; 200227
2024-10-24 11:50:06.008960; 0; 200225
2024-10-24 11:50:06.008970; 0; 200230
2024-10-24 11:50:06.008980; 0; 200221
2024-10-24 11:50:06.008990; 0; 200216
2024-10-24 11:50:06.009000; 0; 200232
2024-10-24 11:50:06.009010; 0; 200223
2024-10-24 11:50:06.009020; 0; 200258
2024-10-24 11:50:06.009030; 0; 200261
2024-10-24 11:50:06.009040; 0; 200243
2024-10-24 11:50:06.009050; 0; 200234
2024-10-24 11:50:06.009060; 0; 200214
2024-10-24 11:50:06.009070; 0; 200203
2024-10-24 11:50:06.009080; 0; 200219
2024-10-24 11:50:06.009090; 0; 200245
2024-10-24 11:50:06.009100; 0; 200232
2024-10-24 11:50:06.009110; 0; 200235
2024-10-24 11:50:06.009120; 0; 200259
2024-10-24 11:50:06.009130; 0; 200244
2024-10-24 11:50:06.009140; 0; 200244
2024-10-24 11:50:06.009150; 0; 200211
2024-10-24 11:50:06.009160; 0; 200189
2024-10-24 11:50:06.009170; 0; 200213
2024-10-24 11:50:06.009180; 0; 200211
2024-10-24 11:50:06.009190; 0; 200213
2024-10-24 11:50:06.009200; 0; 200229
2024-10-24 11:50:06.009210; 0; 200245
2024-10-24 11:50:06.009220; 0; 200251
2024-10-24 11:50:06.009230; 0; 200275
2024-10-24 11:50:06.009240; 0; 200275
2024-10-24 11:50:06.009250; 0; 200237
2024-10-24 11:50:06.009260; 0; 200248
2024-10-24 11:50:06.009270; 0; 200247
2024-10-24 11:50:06.009280; 0; 200227
2024-10-24 11:50:06.009290; 0; 200222
2024-10-24 11:50:06.009300; 0; 200221
2024-10-24 11:50:06.009310; 0; 200218
2024-10-24 11:50:06.009320; 0; 200231
2024-10-24 11:50:06.009330; 0; 200246
2024-10-24 11:50:06.009340; 0; 200232
2024-10-24 11:50:06.009350; 0; 200233
2024-10-24 11:50:06.009360; 0; 200219
2024-10-24 11:50:06.009370; 0; 200222
2024-10-24 11:50:06.009380; 0; 200229
2024-10-24 11:50:06.009390; 0; 200225
2024-10-24 11:50:06.009400; 0; 200222
2024-10-24 11:50:06.009410; 0; 200227
2024-10-24 11:50:06.009420; 0; 200249
2024-10-24 11:50:06.009430; 0; 200255
2024-10-24 11:50:06.009440; 0; 200242
2024-10-24 11:50:06.009450; 0; 200239
2024-10-24 11:50:06.009460; 0; 200209
2024-10-24 11:50:06.009470; 0; 200224
2024-10-24 11:50:06.009480; 0; 200219
2024-10-24 11:50:06.009490; 0; 200200
2024-10-24 11:50:06.009500; 0; 200216
2024-10-24 11:50:06.009510; 0; 200224
2024-10-24 11:50:06.009520; 0; 200230
2024-10-24 11:50:06.009530; 0; 200243
2024-10-24 11:50:06.009540; 0; 200231
2024-10-24 11:50:06.009550; 0; 200203
2024-10-24 11:50:06.009560; 0; 200231
2024-10-24 11:50:06.009570; 0; 200240
2024-10-24 11:50:06.009580; 0; 200218
2024-10-24 11:50:06.009590; 0; 200238
2024-10-24 11:50:06.009600; 0; 200232
2024-10-24 11:50:06.009610; 0; 200211
2024-10-24 11:50:06.009620; 0; 200244
2024-10-24 11:50:06.009630; 0; 200250
2024-10-24 11:50:06.009640; 0; 200226
2024-10-24 11:50:06.009650; 0; 200228
2024-10-24 11:50:06.009660; 0; 200239
2024-10-24 11:50:06.009670; 0; 200204
2024-10-24 11:50:06.009680; 0; 200228
2024-10-24 11:50:06.009690; 0; 200235
2024-10-24 11:50:06.009700; 0; 200224
2024-10-24 11:50:06.009710; 0; 200238
2024-10-24 11:50:06.009720; 0; 200257
2024-10-24 11:50:06.009730; 0; 200249
2024-10-24 11:50:06.009740; 0; 200237
2024-10-24 11:50:06.009750; 0; 200229
2024-10-24 11:50:06.009760; 0; 200214
2024-10-24 11:50:06.009770; 0; 200236
2024-10-24 11:50:06.009780; 0; 200233
2024-10-24 11:50:06.009790; 0; 200211
2024-10-24 11:50:06.009800; 0; 200239
2024-10-24 11:50:06.009810; 0; 200237
2024-10-24 11:50:06.009820; 0; 200240
2024-10-24 11:50:06.009830; 0; 200254
2024-10-24 11:50:06.009840; 0; 200228
2024-10-24 11:50:06.009850; 0; 200218
2024-10-24 11:50:06.009860; 0; 200224
2024-10-24 11:50:06.009870; 0; 200216
2024-10-24 11:50:06.009880; 0; 200218
2024-10-24 11:50:06.009890; 0; 200214
2024-10-24 11:50:06.009900; 0; 200215
2024-10-24 11:50:06.009910; 0; 200221
2024-10-24 11:50:06.009920; 0; 200259
2024-10-24 11:50:06.009930; 0; 200250
2024-10-24 11:50:06.009940; 0; 200217
2024-10-24 11:50:06.009950; 0; 200229
2024-10-24 11:50:06.009960; 0; 200213
2024-10-24 11:50:06.009970; 0; 200219
2024-10-24 11:50:06.009980; 0; 200226
2024-10-24 11:50:06.009990; 0; 200220
2024-10-24 11:50:06.010000; 0; 200219
2024-10-24 11:50:06.010010; 0; 200226
2024-10-24 11:50:06.010020; 0; 200249
2024-10-24 11:50:06.010030; 0; 200225
2024-10-24 11:50:06.010040; 0; 200223
2024-10-24 11:50:06.010050; 0; 200212
2024-10-24 11:50:06.010060; 0; 200203
2024-10-24 11:50:06.010070; 0; 200224
2024-10-24 11:50:06.010080; 0; 200219
2024-10-24 11:50:06.010090; 0; 200210
2024-10-24 11:50:06.010100; 0; 200202
2024-10-24 11:50:06.010110; 0; 200128
2024-10-24 11:50:06.010120; 0; 199982
2024-10-24 11:50:06.010130; 0; 199790
2024-10-24 11:50:06.010140; 0; 199572
2024-10-24 11:50:06.010150; 0; 199321
2024-10-24 11:50:06.010160; 676; 198724
2024-10-24 11:50:06.010170; 1203; 198140
2024-10-24 11:50:06.010180; 1339; 197751
2024-10-24 11:50:06.010190; 1410; 197441
2024-10-24 11:50:06.010200; 1470; 197151
2024-10-24 11:50:06.010210; 1513; 196866
2024-10-24 11:50:06.010220; 1589; 196586
2024-10-24 11:50:06.010230; 1628; 196306
2024-10-24 11:50:06.010240; 1659; 196029
2024-10-24 11:50:06.010250; 1748; 195748
2024-10-24 11:50:06.010260; 1805; 195469
2024-10-24 11:50:06.010270; 1867; 195193
2024-10-24 11:50:06.010280; 1972; 194914
2024-10-24 11:50:06.010290; 2011; 194637
2024-10-24 11:50:06.010300; 2074; 194361
2024-10-24 11:50:06.010310; 2168; 194087
2024-10-24 11:50:06.010320; 2241; 193808
2024-10-24 11:50:06.010330; 2272; 193525
2024-10-24 11:50:06.010340; 2355; 193257
2024-10-24 11:50:06.010350; 2419; 192969
2024-10-24 11:50:06.010360; 2460; 192691
2024-10-24 11:50:06.010370; 2559; 192419
2024-10-24 11:50:06.010380; 2601; 192145
2024-10-24 11:50:06.010390; 2668; 191865
2024-10-24 11:50:06.010400; 2748; 191579
2024-10-24 11:50:06.010410; 2812; 191307
2024-10-24 11:50:06.010420; 2877; 191033
2024-10-24 11:50:06.010430; 2933; 190754
2024-10-24 11:50:06.010440; 2993; 190473
2024-10-24 11:50:06.010450; 3043; 190190
2024-10-24 11:50:06.010460; 3126; 189919
2024-10-24 11:50:06.010470; 3177; 189639
2024-10-24 11:50:06.010480; 3223; 189360
2024-10-24 11:50:06.010490; 3296; 189089
2024-10-24 11:50:06.010500; 3341; 188806
2024-10-24 11:50:06.010510; 3421; 188525
2024-10-24 11:50:06.010520; 3488; 188249
2024-10-24 11:50:06.010530; 3524; 187972
2024-10-24 11:50:06.010540; 3585; 187703
2024-10-24 11:50:06.010550; 3638; 187416
2024-10-24 11:50:06.010560; 3708; 187135
2024-10-24 11:50:06.010570; 3753; 186863
2024-10-24 11:50:06.010580; 3811; 186591
2024-10-24 11:50:06.010590; 3878; 186312
2024-10-24 11:50:06.010600; 3911; 186027
2024-10-24 11:50:06.010610; 4002; 185746
2024-10-24 11:50:06.010620; 4046; 185469
2024-10-24 11:50:06.010630; 4085; 185190
2024-10-24 11:50:06.010640; 4143; 184910
2024-10-24 11:50:06.010650; 4194; 184633
2024-10-24 11:50:06.010660; 4238; 184356
2024-10-24 11:50:06.010670; 4302; 184081
2024-10-24 11:50:06.010680; 4355; 183798
2024-10-24 11:50:06.010690; 4408; 183518
2024-10-24 11:50:06.010700; 4471; 183235
2024-10-24 11:50:06.010710; 4524; 182953
2024-10-24 11:50:06.010720; 4562; 182681
2024-10-24 11:50:06.010730; 4621; 182401
2024-10-24 11:50:06.010740; 4669; 182123
2024-10-24 11:50:06.010750; 4708; 181836
2024-10-24 11:50:06.010760; 4764; 181559
2024-10-24 11:50:06.010770; 4814; 181281
2024-10-24 11:50:06.010780; 4861; 181008
2024-10-24 11:50:06.010790; 4913; 180725
2024-10-24 11:50:06.010800; 4961; 180445
2024-10-24 11:50:06.010810; 5008; 180164
2024-10-24 11:50:06.010820; 5068; 179882
2024-10-24 11:50:06.010830; 5109; 179599
2024-10-24 11:50:06.010840; 5143; 179325
2024-10-24 11:50:06.010850; 5197; 179048
2024-10-24 11:50:06.010860; 5240; 178769
2024-10-24 11:50:06.010870; 5286; 178491
2024-10-24 11:50:06.010880; 5334; 178214
2024-10-24 11:50:06.010890; 5382; 177937
2024-10-24 11:50:06.010900; 5417; 177650
2024-10-24 11:50:06.010910; 5482; 177382
2024-10-24 11:50:06.010920; 5518; 177101
2024-10-24 11:50:06.010930; 5559; 176820
2024-10-24 11:50:06.010940; 5602; 176543
2024-10-24 11:50:06.010950; 5645; 176268
2024-10-24 11:50:06.010960; 5688; 175985
2024-10-24 11:50:06.010970; 5737; 175697
2024-10-24 11:50:06.010980; 5778; 175423
2024-10-24 11:50:06.010990; 5820; 175142
2024-10-24 11:50:06.011000; 5860; 174860
2024-10-24 11:50:06.011010; 5900; 174577
2024-10-24 11:50:06.011020; 5941; 174299
2024-10-24 11:50:06.011030; 5990; 174020
2024-10-24 11:50:06.011040; 6025; 173740
2024-10-24 11:50:06.011050; 6059; 173465
2024-10-24 11:50:06.011060; 6102; 173182
2024-10-24 11:50:06.011070; 6137; 172898
2024-10-24 11:50:06.011080; 6175; 172621
2024-10-24 11:50:06.011090; 6220; 172340
2024-10-24 11:50:06.011100; 6266; 172060
2024-10-24 11:50:06.011110; 6307; 171779
2024-10-24 11:50:06.011120; 6340; 171505
2024-10-24 11:50:06.011130; 6373; 171226
2024-10-24 11:50:06.011140; 6403; 170944
2024-10-24 11:50:06.011150; 6445; 170665
2024-10-24 11:50:06.011160; 6486; 170385
2024-10-24 11:50:06.011170; 6512; 170107
2024-10-24 11:50:06.011180; 6555; 169823
2024-10-24 11:50:06.011190; 6591; 169546
2024-10-24 11:50:06.011200; 6630; 169265
2024-10-24 11:50:06.011210; 6664; 168988
2024-10-24 11:50:06.011220; 6698; 168711
2024-10-24 11:50:06.011230; 6726; 168437
2024-10-24 11:50:06.011240; 6767; 168152
2024-10-24 11:50:06.011250; 6801; 167870
2024-10-24 11:50:06.011260; 6829; 167592
2024-10-24 11:50:06.011270; 6873; 167310
2024-10-24 11:50:06.011280; 6899; 167029
2024-10-24 11:50:06.011290; 6939; 166753
2024-10-24 11:50:06.011300; 6974; 166473
2024-10-24 11:50:06.011310; 7006; 166190
2024-10-24 11:50:06.011320; 7036; 165916
2024-10-24 11:50:06.011330; 7066; 165632
2024-10-24 11:50:06.011340; 7100; 165353
2024-10-24 11:50:06.011350; 7128; 165071
2024-10-24 11:50:06.011360; 7155; 164791
2024-10-24 11:50:06.011370; 7187; 164518
2024-10-24 11:50:06.011380; 7215; 164240
2024-10-24 11:50:06.011390; 7251; 163960
2024-10-24 11:50:06.011400; 7291; 163674
2024-10-24 11:50:06.011410; 7322; 163391
2024-10-24 11:50:06.011420; 7348; 163109
2024-10-24 11:50:06.011430; 7373; 162834
2024-10-24 11:50:06.011440; 7399; 162552
2024-10-24 11:50:06.011450; 7428; 162275
2024-10-24 11:50:06.011460; 7456; 161992
2024-10-24 11:50:06.011470; 7479; 161715
2024-10-24 11:50:06.011480; 7511; 161437
2024-10-24 11:50:06.011490; 7540; 161158
2024-10-24 11:50:06.011500; 7567; 160876
2024-10-24 11:50:06.011510; 7598; 160598
2024-10-24 11:50:06.011520; 7623; 160324
2024-10-24 11:50:06.011530; 7646; 160037
2024-10-24 11:50:06.011540; 7677; 159751
2024-10-24 11:50:06.011550; 7707; 159468
2024-10-24 11:50:06.011560; 7736; 159191
2024-10-24 11:50:06.011570; 7761; 158914
2024-10-24 11:50:06.011580; 7783; 158630
2024-10-24 11:50:06.011590; 7802; 158351
2024-10-24 11:50:06.011600; 7831; 158072
2024-10-24 11:50:06.011610; 7857; 157787
2024-10-24 11:50:06.011620; 7879; 157505
2024-10-24 11:50:06.011630; 7903; 157229
2024-10-24 11:50:06.011640; 7934; 156955
2024-10-24 11:50:06.011650; 7956; 156677
2024-10-24 11:50:06.011660; 7984; 156391
2024-10-24 11:50:06.011670; 8011; 156114
2024-10-24 11:50:06.011680; 8027; 155832
2024-10-24 11:50:06.011690; 8055; 155548
2024-10-24 11:50:06.011700; 8083; 155264
2024-10-24 11:50:06.011710; 8097; 154988
2024-10-24 11:50:06.011720; 8122; 154714
2024-10-24 11:50:06.011730; 8146; 154426
2024-10-24 11:50:06.011740; 8167; 154148
2024-10-24 11:50:06.011750; 8190; 153871
2024-10-24 11:50:06.011760; 8205; 153588
2024-10-24 11:50:06.011770; 8230; 153301
2024-10-24 11:50:06.011780; 8257; 153024
2024-10-24 11:50:06.011790; 8279; 152748
2024-10-24 11:50:06.011800; 8295; 152461
2024-10-24 11:50:06.011810; 8315; 152179
2024-10-24 11:50:06.011820; 8335; 151904
2024-10-24 11:50:06.011830; 8354; 151625
2024-10-24 11:50:06.011840; 8376; 151346
2024-10-24 11:50:06.011850; 8395; 151056
2024-10-24 11:50:06.011860; 8410; 150781
2024-10-24 11:50:06.011870; 8434; 150499
2024-10-24 11:50:06.011880; 8454; 150220
2024-10-24 11:50:06.011890; 8473; 149940
2024-10-24 11:50:06.011900; 8497; 149660
2024-10-24 11:50:06.011910; 8514; 149381
2024-10-24 11:50:06.011920; 8530; 149097
2024-10-24 11:50:06.011930; 8553; 148819
2024-10-24 11:50:06.011940; 8567; 148541
2024-10-24 11:50:06.011950; 8582; 148261
2024-10-24 11:50:06.011960; 8600; 147978
2024-10-24 11:50:06.011970; 8615; 147695
2024-10-24 11:50:06.011980; 8638; 147412
2024-10-24 11:50:06.011990; 8657; 147131
2024-10-24 11:50:06.012000; 8673; 146850
2024-10-24 11:50:06.012010; 8688; 146571
2024-10-24 11:50:06.012020; 8707; 146292
2024-10-24 11:50:06.012030; 8724; 146008
2024-10-24 11:50:06.012040; 8743; 145731
2024-10-24 11:50:06.012050; 8758; 145450
2024-10-24 11:50:06.012060; 8773; 145168
2024-10-24 11:50:06.012070; 8785; 144889
2024-10-24 11:50:06.012080; 8797; 144607
2024-10-24 11:50:06.012090; 8815; 144325
2024-10-24 11:50:06.012100; 8832; 144045
2024-10-24 11:50:06.012110; 8848; 143758
2024-10-24 11:50:06.012120; 8864; 143478
2024-10-24 11:50:06.012130; 8877; 143197
2024-10-24 11:50:06.012140; 8890; 142917
2024-10-24 11:50:06.012150; 8901; 142641
2024-10-24 11:50:06.012160; 8915; 142354
2024-10-24 11:50:06.012170; 8932; 142076
2024-10-24 11:50:06.012180; 8943; 141794
2024-10-24 11:50:06.012190; 8960; 141513
2024-10-24 11:50:06.012200; 8969; 141233
2024-10-24 11:50:06.012210; 8986; 140948
2024-10-24 11:50:06.012220; 8999; 140667
2024-10-24 11:50:06.012230; 9010; 140386
2024-10-24 11:50:06.012240; 9022; 140100
2024-10-24 11:50:06.012250; 9041; 139818
2024-10-24 11:50:06.012260; 9054; 139539
2024-10-24 11:50:06.012270; 9062; 139254
2024-10-24 11:50:06.012280; 9068; 138975
2024-10-24 11:50:06.012290; 9078; 138696
2024-10-24 11:50:06.012300; 9090; 138418
2024-10-24 11:50:06.012310; 9101; 138136
2024-10-24 11:50:06.012320; 9115; 137857
2024-10-24 11:50:06.012330; 9121; 137580
2024-10-24 11:50:06.012340; 9135; 137299
2024-10-24 11:50:06.012350; 9144; 137013
2024-10-24 11:50:06.012360; 9156; 136737
2024-10-24 11:50:06.012370; 9167; 136451
2024-10-24 11:50:06.012380; 9170; 136165
2024-10-24 11:50:06.012390; 9181; 135885
2024-10-24 11:50:06.012400; 9190; 135606
2024-10-24 11:50:06.012410; 9194; 135325
2024-10-24 11:50:06.012420; 9204; 135041
2024-10-24 11:50:06.012430; 9211; 134761
2024-10-24 11:50:06.012440; 9218; 134484
2024-10-24 11:50:06.012450; 9229; 134200
2024-10-24 11:50:06.012460; 9235; 133917
2024-10-24 11:50:06.012470; 9241; 133636
2024-10-24 11:50:06.012480; 9244; 133351
2024-10-24 11:50:06.012490; 9253; 133070
2024-10-24 11:50:06.012500; 9265; 132798
2024-10-24 11:50:06.012510; 9271; 132515
2024-10-24 11:50:06.012520; 9280; 132229
2024-10-24 11:50:06.012530; 9281; 131947
2024-10-24 11:50:06.012540; 9289; 131663
2024-10-24 11:50:06.012550; 9298; 131381
2024-10-24 11:50:06.012560; 9303; 131104
2024-10-24 11:50:06.012570; 9310; 130825
2024-10-24 11:50:06.012580; 9312; 130543
2024-10-24 11:50:06.012590; 9317; 130262
2024-10-24 11:50:06.012600; 9323; 129975
2024-10-24 11:50:06.012610; 9324; 129700
2024-10-24 11:50:06.012620; 9333; 129419
2024-10-24 11:50:06.012630; 9333; 129134
2024-10-24 11:50:06.012640; 9337; 128857
2024-10-24 11:50:06.012650; 9348; 128576
2024-10-24 11:50:06.012660; 9351; 128288
2024-10-24 11:50:06.012670; 9356; 128006
2024-10-24 11:50:06.012680; 9358; 127726
2024-10-24 11:50:06.012690; 9361; 127449
2024-10-24 11:50:06.012700; 9360; 127167
2024-10-24 11:50:06.012710; 9363; 126885
2024-10-24 11:50:06.012720; 9366; 126604
2024-10-24 11:50:06.012730; 9364; 126323
2024-10-24 11:50:06.012740; 9366; 126037
2024-10-24 11:50:06.012750; 9373; 125755
2024-10-24 11:50:06.012760; 9376; 125470
2024-10-24 11:50:06.012770; 9381; 125188
2024-10-24 11:50:06.012780; 9380; 124910
2024-10-24 11:50:06.012790; 9388; 124633
2024-10-24 11:50:06.012800; 9384; 124353
2024-10-24 11:50:06.012810; 9392; 124070
2024-10-24 11:50:06.012820; 9392; 123786
2024-10-24 11:50:06.012830; 9394; 123501
2024-10-24 11:50:06.012840; 9397; 123221
2024-10-24 11:50:06.012850; 9395; 122937
2024-10-24 11:50:06.012860; 9398; 122656
2024-10-24 11:50:06.012870; 9400; 122381
2024-10-24 11:50:06.012880; 9402; 122097
2024-10-24 11:50:06.012890; 9411; 121815
2024-10-24 11:50:06.012900; 9411; 121536
2024-10-24 11:50:06.012910; 9406; 121254
2024-10-24 11:50:06.012920; 9412; 120965
2024-10-24 11:50:06.012930; 9412; 120684
2024-10-24 11:50:06.012940; 9412; 120406
2024-10-24 11:50:06.012950; 9414; 120125
2024-10-24 11:50:06.012960; 9415; 119842
2024-10-24 11:50:06.012970; 9419; 119561
2024-10-24 11:50:06.012980; 9418; 119277
2024-10-24 11:50:06.012990; 9423; 118994
2024-10-24 11:50:06.013000; 9419; 118714
2024-10-24 11:50:06.013010; 9421; 118435
2024-10-24 11:50:06.013020; 9421; 118151
2024-10-24 11:50:06.013030; 9422; 117873
2024-10-24 11:50:06.013040; 9420; 117595
2024-10-24 11:50:06.013050; 9423; 117312
2024-10-24 11:50:06.013060; 9424; 117027
2024-10-24 11:50:06.013070; 9423; 116750
2024-10-24 11:50:06.013080; 9431; 116467
2024-10-24 11:50:06.013090; 9437; 116178
2024-10-24 11:50:06.013100; 9435; 115898
2024-10-24 11:50:06.013110; 9432; 115609
2024-10-24 11:50:06.013120; 9434; 115331
2024-10-24 11:50:06.013130; 9431; 115052
2024-10-24 11:50:06.013140; 9431; 114773
2024-10-24 11:50:06.013150; 9433; 114489
2024-10-24 11:50:06.013160; 9431; 114206
2024-10-24 11:50:06.013170; 9435; 113927
2024-10-24 11:50:06.013180; 9436; 113647
2024-10-24 11:50:06.013190; 9442; 113366
2024-10-24 11:50:06.013200; 9441; 113078
2024-10-24 11:50:06.013210; 9439; 112799
2024-10-24 11:50:06.013220; 9438; 112518
2024-10-24 11:50:06.013230; 9438; 112236
2024-10-24 11:50:06.013240; 9437; 111950
2024-10-24 11:50:06.013250; 9439; 111673
2024-10-24 11:50:06.013260; 9439; 111387
2024-10-24 11:50:06.013270; 9438; 111106
2024-10-24 11:50:06.013280; 9445; 110823
2024-10-24 11:50:06.013290; 9445; 110540
2024-10-24 11:50:06.013300; 9442; 110260
2024-10-24 11:50:06.013310; 9442; 109976
2024-10-24 11:50:06.013320; 9444; 109700
2024-10-24 11:50:06.013330; 9446; 109415
2024-10-24 11:50:06.013340; 9447; 109135
2024-10-24 11:50:06.013350; 9444; 108860
2024-10-24 11:50:06.013360; 9453; 108575
2024-10-24 11:50:06.013370; 9448; 108292
2024-10-24 11:50:06.013380; 9454; 108003
2024-10-24 11:50:06.013390; 9461; 107725
2024-10-24 11:50:06.013400; 9459; 107440
2024-10-24 11:50:06.013410; 9458; 107159
2024-10-24 11:50:06.013420; 9460; 106883
2024-10-24 11:50:06.013430; 9458; 106604
2024-10-24 11:50:06.013440; 9457; 106320
2024-10-24 11:50:06.013450; 9459; 106032
2024-10-24 11:50:06.013460; 9454; 105749
2024-10-24 11:50:06.013470; 9457; 105468
2024-10-24 11:50:06.013480; 9459; 105186
2024-10-24 11:50:06.013490; 9456; 104908
2024-10-24 11:50:06.013500; 9461; 104624
2024-10-24 11:50:06.013510; 9462; 104347
2024-10-24 11:50:06.013520; 9466; 104063
2024-10-24 11:50:06.013530; 9466; 103779
2024-10-24 11:50:06.013540; 9466; 103495
2024-10-24 11:50:06.013550; 9471; 103208
2024-10-24 11:50:06.013560; 9466; 102931
2024-10-24 11:50:06.013570; 9468; 102652
2024-10-24 11:50:06.013580; 9472; 102374
2024-10-24 11:50:06.013590; 9473; 102088
2024-10-24 11:50:06.013600; 9472; 101803
2024-10-24 11:50:06.013610; 9470; 101525
2024-10-24 11:50:06.013620; 9472; 101246
2024-10-24 11:50:06.013630; 9477; 100956
2024-10-24 11:50:06.013640; 9475; 100681
2024-10-24 11:50:06.013650; 9484; 100400
2024-10-24 11:50:06.013660; 9487; 100120
2024-10-24 11:50:06.013670; 9483; 99835
2024-10-24 11:50:06.013680; 9488; 99558
2024-10-24 11:50:06.013690; 9480; 99270
2024-10-24 11:50:06.013700; 9483; 98986
2024-10-24 11:50:06.013710; 9480; 98708
2024-10-24 11:50:06.013720; 9494; 98431
2024-10-24 11:50:06.013730; 9489; 98147
2024-10-24 11:50:06.013740; 9490; 97869
2024-10-24 11:50:06.013750; 9491; 97587
2024-10-24 11:50:06.013760; 9495; 97297
2024-10-24 11:50:06.013770; 9494; 97018
2024-10-24 11:50:06.013780; 9500; 96739
2024-10-24 11:50:06.013790; 9496; 96463
2024-10-24 11:50:06.013800; 9499; 96178
2024-10-24 11:50:06.013810; 9501; 95896
2024-10-24 11:50:06.013820; 9503; 95615
2024-10-24 11:50:06.013830; 9509; 95329
2024-10-24 11:50:06.013840; 9515; 95045
2024-10-24 11:50:06.013850; 9512; 94769
2024-10-24 11:50:06.013860; 9511; 94487
2024-10-24 11:50:06.013870; 9511; 94204
2024-10-24 11:50:06.013880; 9514; 93918
2024-10-24 11:50:06.013890; 9511; 93642
2024-10-24 11:50:06.013900; 9518; 93359
2024-10-24 11:50:06.013910; 9517; 93077
2024-10-24 11:50:06.013920; 9522; 92791
2024-10-24 11:50:06.013930; 9524; 92508
2024-10-24 11:50:06.013940; 9524; 92231
2024-10-24 11:50:06.013950; 9527; 91953
2024-10-24 11:50:06.013960; 9532; 91664
2024-10-24 11:50:06.013970; 9529; 91384
2024-10-24 11:50:06.013980; 9537; 91107
2024-10-24 11:50:06.013990; 9537; 90825
2024-10-24 11:50:06.014000; 9537; 90541
2024-10-24 11:50:06.014010; 9536; 90260
2024-10-24 11:50:06.014020; 9541; 89977
2024-10-24 11:50:06.014030; 9537; 89696
2024-10-24 11:50:06.014040; 9542; 89414
2024-10-24 11:50:06.014050; 9543; 89131
2024-10-24 11:50:06.014060; 9543; 88856
2024-10-24 11:50:06.014070; 9549; 88571
2024-10-24 11:50:06.014080; 9553; 88296
2024-10-24 11:50:06.014090; 9559; 88008
2024-10-24 11:50:06.014100; 9557; 87725
2024-10-24 11:50:06.014110; 9565; 87452
2024-10-24 11:50:06.014120; 9567; 87163
2024-10-24 11:50:06.014130; 9574; 86886
2024-10-24 11:50:06.014140; 9572; 86599
2024-10-24 11:50:06.014150; 9571; 86320
2024-10-24 11:50:06.014160; 9577; 86034
2024-10-24 11:50:06.014170; 9579; 85754
2024-10-24 11:50:06.014180; 9579; 85468
2024-10-24 11:50:06.014190; 9584; 85187
2024-10-24 11:50:06.014200; 9583; 84907
2024-10-24 11:50:06.014210; 9579; 84631
2024-10-24 11:50:06.014220; 9587; 84344
2024-10-24 11:50:06.014230; 9591; 84064
2024-10-24 11:50:06.014240; 9592; 83777
2024-10-24 11:50:06.014250; 9593; 83500
2024-10-24 11:50:06.014260; 9602; 83221
2024-10-24 11:50:06.014270; 9603; 82941
2024-10-24 11:50:06.014280; 9606; 82659
2024-10-24 11:50:06.014290; 9610; 82377
2024-10-24 11:50:06.014300; 9611; 82092
2024-10-24 11:50:06.014310; 9616; 81806
2024-10-24 11:50:06.014320; 9617; 81523
2024-10-24 11:50:06.014330; 9619; 81245
2024-10-24 11:50:06.014340; 9624; 80964
2024-10-24 11:50:06.014350; 9634; 80686
2024-10-24 11:50:06.014360; 9633; 80408
2024-10-24 11:50:06.014370; 9637; 80123
2024-10-24 11:50:06.014380; 9633; 79839
2024-10-24 11:50:06.014390; 9639; 79553
2024-10-24 11:50:06.014400; 9644; 79274
2024-10-24 11:50:06.014410; 9649; 78994
2024-10-24 11:50:06.014420; 9652; 78710
2024-10-24 11:50:06.014430; 9660; 78428
2024-10-24 11:50:06.014440; 9657; 78148
2024-10-24 11:50:06.014450; 9661; 77866
2024-10-24 11:50:06.014460; 9665; 77590
2024-10-24 11:50:06.014470; 9668; 77310
2024-10-24 11:50:06.014480; 9670; 77024
2024-10-24 11:50:06.014490; 9672; 76744
2024-10-24 11:50:06.014500; 9676; 76463
2024-10-24 11:50:06.014510; 9680; 76177
2024-10-24 11:50:06.014520; 9683; 75892
2024-10-24 11:50:06.014530; 9687; 75611
2024-10-24 11:50:06.014540; 9692; 75329
2024-10-24 11:50:06.014550; 9691; 75043
2024-10-24 11:50:06.014560; 9695; 74767
2024-10-24 11:50:06.014570; 9705; 74481
2024-10-24 11:50:06.014580; 9708; 74201
2024-10-24 11:50:06.014590; 9709; 73921
2024-10-24 11:50:06.014600; 9711; 73640
2024-10-24 11:50:06.014610; 9712; 73362
2024-10-24 11:50:06.014620; 9719; 73078
2024-10-24 11:50:06.014630; 9727; 72801
2024-10-24 11:50:06.014640; 9729; 72517
2024-10-24 11:50:06.014650; 9735; 72231
2024-10-24 11:50:06.014660; 9743; 71951
2024-10-24 11:50:06.014670; 9741; 71664
2024-10-24 11:50:06.014680; 9745; 71385
2024-10-24 11:50:06.014690; 9754; 71105
2024-10-24 11:50:06.014700; 9756; 70824
2024-10-24 11:50:06.014710; 9760; 70540
2024-10-24 11:50:06.014720; 9762; 70258
2024-10-24 11:50:06.014730; 9765; 69975
2024-10-24 11:50:06.014740; 9775; 69696
2024-10-24 11:50:06.014750; 9775; 69415
2024-10-24 11:50:06.014760; 9778; 69138
2024-10-24 11:50:06.014770; 9786; 68858
2024-10-24 11:50:06.014780; 9790; 68576
2024-10-24 11:50:06.014790; 9792; 68292
2024-10-24 11:50:06.014800; 9797; 68006
2024-10-24 11:50:06.014810; 9796; 67726
2024-10-24 11:50:06.014820; 9804; 67445
2024-10-24 11:50:06.014830; 9809; 67159
2024-10-24 11:50:06.014840; 9811; 66881
2024-10-24 11:50:06.014850; 9824; 66602
2024-10-24 11:50:06.014860; 9827; 66318
2024-10-24 11:50:06.014870; 9828; 66032
2024-10-24 11:50:06.014880; 9830; 65750
2024-10-24 11:50:06.014890; 9837; 65472
2024-10-24 11:50:06.014900; 9848; 65188
2024-10-24 11:50:06.014910; 9849; 64912
2024-10-24 11:50:06.014920; 9852; 64632
2024-10-24 11:50:06.014930; 9853; 64349
2024-10-24 11:50:06.014940; 9852; 64069
2024-10-24 11:50:06.014950; 9862; 63784
2024-10-24 11:50:06.014960; 9858; 63505
2024-10-24 11:50:06.014970; 9869; 63224
2024-10-24 11:50:06.014980; 9871; 62939
2024-10-24 11:50:06.014990; 9874; 62662
2024-10-24 11:50:06.015000; 9884; 62379
2024-10-24 11:50:06.015010; 9884; 62091
2024-10-24 11:50:06.015020; 9889; 61809
2024-10-24 11:50:06.015030; 9895; 61532
2024-10-24 11:50:06.015040; 9902; 61249
2024-10-24 11:50:06.015050; 9902; 60974
2024-10-24 11:50:06.015060; 9904; 60694
2024-10-24 11:50:06.015070; 9912; 60408
2024-10-24 11:50:06.015080; 9916; 60123
2024-10-24 11:50:06.015090; 9917; 59839
2024-10-24 11:50:06.015100; 9929; 59561
2024-10-24 11:50:06.015110; 9931; 59278
2024-10-24 11:50:06.015120; 9935; 58993
2024-10-24 11:50:06.015130; 9940; 58711
2024-10-24 11:50:06.015140; 9944; 58439
2024-10-24 11:50:06.015150; 9949; 58155
2024-10-24 11:50:06.015160; 9949; 57874
2024-10-24 11:50:06.015170; 9948; 57597
2024-10-24 11:50:06.015180; 9956; 57319
2024-10-24 11:50:06.015190; 9960; 57028
2024-10-24 11:50:06.015200; 9961; 56746
2024-10-24 11:50:06.015210; 9970; 56464
2024-10-24 11:50:06.015220; 9975; 56180
2024-10-24 11:50:06.015230; 9978; 55902
2024-10-24 11:50:06.015240; 9987; 55622
2024-10-24 11:50:06.015250; 9988; 55338
2024-10-24 11:50:06.015260; 9992; 55055
2024-10-24 11:50:06.015270; 9995; 54771
2024-10-24 11:50:06.015280; 9995; 54489
2024-10-24 11:50:06.015290; 10008; 54208
2024-10-24 11:50:06.015300; 10013; 53927
2024-10-24 11:50:06.015310; 10018; 53649
2024-10-24 11:50:06.015320; 10015; 53368
2024-10-24 11:50:06.015330; 10017; 53090
2024-10-24 11:50:06.015340; 10018; 52806
2024-10-24 11:50:06.015350; 10029; 52523
2024-10-24 11:50:06.015360; 10030; 52240
2024-10-24 11:50:06.015370; 10035; 51956
2024-10-24 11:50:06.015380; 10042; 51677
2024-10-24 11:50:06.015390; 10042; 51399
2024-10-24 11:50:06.015400; 10050; 51117
2024-10-24 11:50:06.015410; 10045; 50835
2024-10-24 11:50:06.015420; 10048; 50557
2024-10-24 11:50:06.015430; 10061; 50273
2024-10-24 11:50:06.015440; 10066; 49990
2024-10-24 11:50:06.015450; 10072; 49704
2024-10-24 11:50:06.015460; 10074; 49423
2024-10-24 11:50:06.015470; 10077; 49144
2024-10-24 11:50:06.015480; 10077; 48869
2024-10-24 11:50:06.015490; 10083; 48581
2024-10-24 11:50:06.015500; 10081; 48300
2024-10-24 11:50:06.015510; 10089; 48014
2024-10-24 11:50:06.015520; 10088; 47731
2024-10-24 11:50:06.015530; 10092; 47453
2024-10-24 11:50:06.015540; 10096; 47176
2024-10-24 11:50:06.015550; 10101; 46894
2024-10-24 11:50:06.015560; 10107; 46605
2024-10-24 11:50:06.015570; 10110; 46322
2024-10-24 11:50:06.015580; 10110; 46043
2024-10-24 11:50:06.015590; 10114; 45762
2024-10-24 11:50:06.015600; 10119; 45478
2024-10-24 11:50:06.015610; 10121; 45196
2024-10-24 11:50:06.015620; 10127; 44918
2024-10-24 11:50:06.015630; 10129; 44639
2024-10-24 11:50:06.015640; 10128; 44358
2024-10-24 11:50:06.015650; 10132; 44077
2024-10-24 11:50:06.015660; 10134; 43793
2024-10-24 11:50:06.015670; 10138; 43506
2024-10-24 11:50:06.015680; 10140; 43224
2024-10-24 11:50:06.015690; 10143; 42945
2024-10-24 11:50:06.015700; 10147; 42658
2024-10-24 11:50:06.015710; 10156; 42383
2024-10-24 11:50:06.015720; 10161; 42100
2024-10-24 11:50:06.015730; 10161; 41819
2024-10-24 11:50:06.015740; 10160; 41540
2024-10-24 11:50:06.015750; 10160; 41255
2024-10-24 11:50:06.015760; 10163; 40972
2024-10-24 11:50:06.015770; 10163; 40689
2024-10-24 11:50:06.015780; 10172; 40415
2024-10-24 11:50:06.015790; 10175; 40128
2024-10-24 11:50:06.015800; 10173; 39845
2024-10-24 11:50:06.015810; 10177; 39563
2024-10-24 11:50:06.015820; 10187; 39284
2024-10-24 11:50:06.015830; 10180; 39003
2024-10-24 11:50:06.015840; 10177; 38720
2024-10-24 11:50:06.015850; 10184; 38435
2024-10-24 11:50:06.015860; 10187; 38151
2024-10-24 11:50:06.015870; 10190; 37875
2024-10-24 11:50:06.015880; 10197; 37594
2024-10-24 11:50:06.015890; 10200; 37308
2024-10-24 11:50:06.015900; 10199; 37028
2024-10-24 11:50:06.015910; 10201; 36748
2024-10-24 11:50:06.015920; 10205; 36466
2024-10-24 11:50:06.015930; 10206; 36186
2024-10-24 11:50:06.015940; 10201; 35902
2024-10-24 11:50:06.015950; 10200; 35620
2024-10-24 11:50:06.015960; 10210; 35340
2024-10-24 11:50:06.015970; 10207; 35060
2024-10-24 11:50:06.015980; 10206; 34777
2024-10-24 11:50:06.015990; 10207; 34493
2024-10-24 11:50:06.016000; 10211; 34217
2024-10-24 11:50:06.016010; 10209; 33931
2024-10-24 11:50:06.016020; 10212; 33649
2024-10-24 11:50:06.016030; 10219; 33369
2024-10-24 11:50:06.016040; 10219; 33095
2024-10-24 11:50:06.016050; 10214; 32814
2024-10-24 11:50:06.016060; 10217; 32530
2024-10-24 11:50:06.016070; 10218; 32250
2024-10-24 11:50:06.016080; 10219; 31964
2024-10-24 11:50:06.016090; 10222; 31683
2024-10-24 11:50:06.016100; 10219; 31399
2024-10-24 11:50:06.016110; 10220; 31117
2024-10-24 11:50:06.016120; 10225; 30838
2024-10-24 11:50:06.016130; 10228; 30554
2024-10-24 11:50:06.016140; 10229; 30270
2024-10-24 11:50:06.016150; 10227; 29992
2024-10-24 11:50:06.016160; 10232; 29713
2024-10-24 11:50:06.016170; 10232; 29427
2024-10-24 11:50:06.016180; 10227; 29149
2024-10-24 11:50:06.016190; 10228; 28865
2024-10-24 11:50:06.016200; 10232; 28581
2024-10-24 11:50:06.016210; 10234; 28300
2024-10-24 11:50:06.016220; 10237; 28015
2024-10-24 11:50:06.016230; 10236; 27734
2024-10-24 11:50:06.016240; 10236; 27456
2024-10-24 11:50:06.016250; 10236; 27174
2024-10-24 11:50:06.016260; 10240; 26894
2024-10-24 11:50:06.016270; 10242; 26615
2024-10-24 11:50:06.016280; 10239; 26328
2024-10-24 11:50:06.016290; 10240; 26043
2024-10-24 11:50:06.016300; 10238; 25763
2024-10-24 11:50:06.016310; 10238; 25483
2024-10-24 11:50:06.016320; 10245; 25202
2024-10-24 11:50:06.016330; 10245; 24918
2024-10-24 11:50:06.016340; 10248; 24632
2024-10-24 11:50:06.016350; 10245; 24345
2024-10-24 11:50:06.016360; 10244; 24066
2024-10-24 11:50:06.016370; 10241; 23788
2024-10-24 11:50:06.016380; 10240; 23511
2024-10-24 11:50:06.016390; 10243; 23225
2024-10-24 11:50:06.016400; 10253; 22949
2024-10-24 11:50:06.016410; 10246; 22667
2024-10-24 11:50:06.016420; 10246; 22389
2024-10-24 11:50:06.016430; 10246; 22103
2024-10-24 11:50:06.016440; 10249; 21819
2024-10-24 11:50:06.016450; 10252; 21538
2024-10-24 11:50:06.016460; 10250; 21253
2024-10-24 11:50:06.016470; 10247; 20971
2024-10-24 11:50:06.016480; 10247; 20693
2024-10-24 11:50:06.016490; 10251; 20415
2024-10-24 11:50:06.016500; 10255; 20133
2024-10-24 11:50:06.016510; 10259; 19841
2024-10-24 11:50:06.016520; 10259; 19563
2024-10-24 11:50:06.016530; 10256; 19278
2024-10-24 11:50:06.016540; 10255; 18997
2024-10-24 11:50:06.016550; 10253; 18718
2024-10-24 11:50:06.016560; 10252; 18438
2024-10-24 11:50:06.016570; 10257; 18155
2024-10-24 11:50:06.016580; 10255; 17868
2024-10-24 11:50:06.016590; 10262; 17593
2024-10-24 11:50:06.016600; 10262; 17316
2024-10-24 11:50:06.016610; 10258; 17027
2024-10-24 11:50:06.016620; 10261; 16746
2024-10-24 11:50:06.016630; 10266; 16462
2024-10-24 11:50:06.016640; 10259; 16181
2024-10-24 11:50:06.016650; 10263; 15905
2024-10-24 11:50:06.016660; 10266; 15616
2024-10-24 11:50:06.016670; 10262; 15331
2024-10-24 11:50:06.016680; 10264; 15052
2024-10-24 11:50:06.016690; 10265; 14770
2024-10-24 11:50:06.016700; 10270; 14494
2024-10-24 11:50:06.016710; 10267; 14208
2024-10-24 11:50:06.016720; 10264; 13921
2024-10-24 11:50:06.016730; 10267; 13641
2024-10-24 11:50:06.016740; 10271; 13361
2024-10-24 11:50:06.016750; 10269; 13081
2024-10-24 11:50:06.016760; 10270; 12798
2024-10-24 11:50:06.016770; 10276; 12517
2024-10-24 11:50:06.016780; 10273; 12235
2024-10-24 11:50:06.016790; 10271; 11953
2024-10-24 11:50:06.016800; 10269; 11668
2024-10-24 11:50:06.016810; 10276; 11391
2024-10-24 11:50:06.016820; 10272; 11108
2024-10-24 11:50:06.016830; 10275; 10822
2024-10-24 11:50:06.016840; 10277; 10538
2024-10-24 11:50:06.016850; 10277; 10257
2024-10-24 11:50:06.016860; 10280; 9974
2024-10-24 11:50:06.016870; 10281; 9697
2024-10-24 11:50:06.016880; 10280; 9414
2024-10-24 11:50:06.016890; 10281; 9133
2024-10-24 11:50:06.016900; 10277; 8852
2024-10-24 11:50:06.016910; 10284; 8568
2024-10-24 11:50:06.016920; 10283; 8286
2024-10-24 11:50:06.016930; 10285; 8011
2024-10-24 11:50:06.016940; 10284; 7728
2024-10-24 11:50:06.016950; 10286; 7442
2024-10-24 11:50:06.016960; 10284; 7156
2024-10-24 11:50:06.016970; 10291; 6881
2024-10-24 11:50:06.016980; 10297; 6597
2024-10-24 11:50:06.016990; 10295; 6311
2024-10-24 11:50:06.017000; 10293; 6030
2024-10-24 11:50:06.017010; 10293; 5752
2024-10-24 11:50:06.017020; 10290; 5468
2024-10-24 11:50:06.017030; 10293; 5186
2024-10-24 11:50:06.017040; 10296; 4907
2024-10-24 11:50:06.017050; 10295; 4624
2024-10-24 11:50:06.017060; 10298; 4338
2024-10-24 11:50:06.017070; 10299; 4066
2024-10-24 11:50:06.017080; 10301; 3783
2024-10-24 11:50:06.017090; 10304; 3500
2024-10-24 11:50:06.017100; 10301; 3213
2024-10-24 11:50:06.017110; 10306; 2931
2024-10-24 11:50:06.017120; 10302; 2644
2024-10-24 11:50:06.017130; 10301; 2367
2024-10-24 11:50:06.017140; 10306; 2090
2024-10-24 11:50:06.017150; 10310; 1808
2024-10-24 11:50:06.017160; 10316; 1527
2024-10-24 11:50:06.017170; 10311; 1241
2024-10-24 11:50:06.017180; 10308; 980