Altium Designer Pick and Place Locations
C:\Users\Public\Documents\Altium\Projects\shepherd_v2\Project Outputs for shepherd_v2\Pick Place\Pick Place for shepherd_pcb_v2.4.csv

========================================================================================================================
File Design Information:

Date:       23.09.22
Time:       12:03
Revision:   Not in VersionControl
Variant:    No variations
Units used: mm

"Designator","Comment","Layer","Footprint","Center-X(mm)","Center-Y(mm)","Rotation","Manufacturer PN","Value"
"U41","Ud_PI5A4158ZA","TopLayer","SON50P100X80_HS-13N","77,2000","8,0001","0","PI5A4158ZAEX",""
"U40","Ud_PI5A4158ZA","TopLayer","SON50P100X80_HS-13N","75,3000","18,6001","0","PI5A4158ZAEX",""
"U39","Ud_PI5A4158ZA","TopLayer","SON50P100X80_HS-13N","72,6000","8,4001","0","PI5A4158ZAEX",""
"U38","Ud_PI5A4158ZA","TopLayer","SON50P100X80_HS-13N","75,3000","23,4001","0","PI5A4158ZAEX",""
"U37","Ud_PI5A4158ZA","TopLayer","SON50P100X80_HS-13N","67,8000","9,0001","0","PI5A4158ZAEX",""
"U36","Ud_PI5A4158ZA","TopLayer","SON50P100X80_HS-13N","75,3000","28,1001","0","PI5A4158ZAEX",""
"U35","Ud_NLAS4684-FC","TopLayer","BGA12C50P4X3_196X146X65","68,7000","38,7000","180","NLAS4684FCT1G",""
"U34","Ud_PI5A4158ZA","TopLayer","SON50P100X80_HS-13N","75,3000","13,5001","0","PI5A4158ZAEX",""
"U33","Ud_NLAS4684-FC","TopLayer","BGA12C50P4X3_196X146X65","72,7000","38,7000","180","NLAS4684FCT1G",""
"U32","Ua_OPA189-DBV","TopLayer","SOT95P280X145-5N","57,0000","36,6000","270","OPA189IDBVR",""
"U31","Ud_74HC4066-BQ","TopLayer","PQFN50P250X300X100_HS-15N","68,7000","43,9000","0","74HC4066BQ,115",""
"U30","Ud_74HC4066-BQ","TopLayer","PQFN50P250X300X100_HS-15N","73,6500","44,8000","0","74HC4066BQ,115",""
"U29","UD_74LVC2T45-GT","TopLayer","SON50P100X50_HS-9N","61,1000","8,6001","0","74LVC2T45GT,115",""
"U28","UD_74LVC2T45-GT","TopLayer","SON50P100X50_HS-9N","61,1000","17,0001","0","74LVC2T45GT,115",""
"U27","UD_74LVC2T45-GT","TopLayer","SON50P100X50_HS-9N","61,1000","19,4001","0","74LVC2T45GT,115",""
"U26","UD_74LVC2T45-GT","TopLayer","SON50P100X50_HS-9N","61,1000","11,5001","0","74LVC2T45GT,115",""
"U25","UD_74LVC2T45-GT","TopLayer","SON50P100X50_HS-9N","70,3000","13,5001","0","74LVC2T45GT,115",""
"U24","UD_74LVC2T45-GT","TopLayer","SON50P100X50_HS-9N","61,1000","14,6001","0","74LVC2T45GT,115",""
"U23","UD_74LVC2T45-GT","TopLayer","SON50P100X50_HS-9N","70,3000","18,5501","0","74LVC2T45GT,115",""
"U22","LT3487","TopLayer","PSON50P300X100_HS-11N","35,1000","14,2000","0","LT3487EDD#TRPBF",""
"U21","LP2989-3.3","TopLayer","TSOP65P490X110-8N","39,6000","21,3000","0","LP2989IMM-3.3/NOPB",""
"U20","MP3221","TopLayer","SOT95P280X100-6N","51,8000","11,3000","0","MP3221GJ-Z",""
"U19","LP2989-5.0","TopLayer","TSOP65P490X110-8N","49,9000","20,1000","0","LP2989AIMM-5.0/NOPB",""
"U18","TPL5010","TopLayer","SOT95P280X100-6N","24,0000","22,3000","270","TPL5010DDCR",""
"U17","Ud_CAT24C256-HU","TopLayer","PSON50P300X55_HS-9N","31,1000","22,8000","0","CAT24C256HU4IGT3",""
"U16","Ua_OPA388-DBV","TopLayer","SOT95P280X145-5N","57,7000","22,8000","270","OPA388IDBVR",""
"U15","HCT2G04","TopLayer","SOT65P210X110-6N","83,5027","27,7955","180","74HC2G04GW,125",""
"U14","TC7WH08FK","TopLayer","TSSOP50P310X80-8N","77,6500","44,9000","270","TC7WH08FK,LJ(CT",""
"U13","Ud_NLAS4684-FC","TopLayer","BGA12C50P4X3_196X146X65","68,7000","35,1000","180","NLAS4684FCT1G",""
"U12","UD_74LVC2T45-GT","TopLayer","SON50P100X50_HS-9N","70,3000","23,3001","0","74LVC2T45GT,115",""
"U11","UD_74LVC2T45-GT","TopLayer","SON50P100X50_HS-9N","70,3000","27,9499","0","74LVC2T45GT,115",""
"U10","Ua_OPA189-DBV","TopLayer","SOT95P280X145-5N","31,4000","35,8000","180","OPA189IDBVR",""
"U9","ADS8691","TopLayer","TSOP65P640X120-16N","39,1000","30,6000","0","ADS8691IPWR",""
"U8","Ua_DAC8562-DSC","TopLayer","PSON50P300X80_HS-11N","39,4000","35,3000","0","DAC8562SDSCR",""
"U7","AD8421B","TopLayer","TSOP65P490X110-8N","29,9000","30,3000","90","AD8421BRMZ",""
"U6","ADS8691","TopLayer","TSOP65P640X120-16N","39,9000","41,0000","0","ADS8691IPWR",""
"U5","OPA2388","TopLayer","TSOP65P490X110-8N","30,1000","40,2000","180","OPA2388IDGKR",""
"U4","ADS8691","TopLayer","TSOP65P640X120-16N","52,1000","29,4000","180","ADS8691IPWR",""
"U3","AD8421B","TopLayer","TSOP65P490X110-8N","62,0000","34,0000","270","AD8421BRMZ",""
"U2","Ua_DAC8562-DSC","TopLayer","PSON50P300X80_HS-11N","48,5000","39,7000","270","DAC8562SDSCR",""
"U1","OPA2388","TopLayer","TSOP65P490X110-8N","54,2000","42,3000","180","OPA2388IDGKR",""
"T2","T_BSH105","TopLayer","SOT95P230X110-3N","20,2000","17,4000","270","BSH105,215",""
"T1","T_BSH105","TopLayer","SOT95P230X110-3N","23,6000","18,5000","270","BSH105,215",""
"R132","R_0402_0R_1%","TopLayer","RESC1005X04-SEL","24,1000","27,3000","180","AC0402FR-070RL","0R"
"R131","R_0402_0R_1%","TopLayer","RESC1005X04-SEL","58,9000","32,8000","180","AC0402FR-070RL","0R"
"R130","R_0402_210R_0.1%","TopLayer","RESC1005X04","58,7000","42,9000","270","RT0402BRD07210RL","210R"
"R129","R_0402_2R","TopLayer","RESC1005X04","61,5000","42,4000","0","ERJ-2GEJ2R0X","2R"
"R128","R_0402_100k_1%","TopLayer","RESC1005X04","59,7000","42,9000","90","ERJ-2RKF1003X","100k"
"R127","R_0402_1k","TopLayer","RESC1005X04","64,7000","47,3000","270","ERJ-2GEJ102X","1k"
"R126","R_0402_1k","TopLayer","RESC1005X04","63,5000","47,3000","90","ERJ-2GEJ102X","1k"
"R125","R_0402_1k","TopLayer","RESC1005X04","62,5000","47,3000","270","ERJ-2GEJ102X","1k"
"R124","R_0402_1k","TopLayer","RESC1005X04","61,5000","47,3000","90","ERJ-2GEJ102X","1k"
"R123","R_0402_470R","TopLayer","RESC1005X04","63,2000","16,5000","0","ERJ-2RKF4700X","470R"
"R122","R_0402_470R","TopLayer","RESC1005X04","62,7000","11,8000","90","ERJ-2RKF4700X","470R"
"R121","R_0402_470R","TopLayer","RESC1005X04","63,2000","14,3000","0","ERJ-2RKF4700X","470R"
"R120","R_0402_470R","TopLayer","RESC1005X04","71,9000","12,7000","270","ERJ-2RKF4700X","470R"
"R119","R_0402_470R","TopLayer","RESC1005X04","63,2000","19,0000","0","ERJ-2RKF4700X","470R"
"R118","R_0402_470R","TopLayer","RESC1005X04","71,9000","19,8000","90","ERJ-2RKF4700X","470R"
"R117","R_0402_470R","TopLayer","RESC1005X04","71,9000","22,6000","270","ERJ-2RKF4700X","470R"
"R116","R_0402_470R","TopLayer","RESC1005X04","71,9000","24,6000","90","ERJ-2RKF4700X","470R"
"R115","R_0402_470R","TopLayer","RESC1005X04","71,9000","27,3000","270","ERJ-2RKF4700X","470R"
"R114","R_0402_470R","TopLayer","RESC1005X04","71,9000","29,3000","90","ERJ-2RKF4700X","470R"
"R113","R_0402_1k","TopLayer","RESC1005X04","81,0000","26,4000","0","ERJ-2GEJ102X","1k"
"R112","R_0402_1k","TopLayer","RESC1005X04","81,0000","27,4000","0","ERJ-2GEJ102X","1k"
"R111","R_0402_100k_1%","TopLayer","RESC1005X04","38,3000","15,8000","180","ERJ-2RKF1003X","100k"
"R110","R_0402_240k_1%","TopLayer","RESC1005X04","38,3000","14,8000","0","ERJ-2RKF2403X","240k"
"R109","R_0402_470R","TopLayer","RESC1005X04","39,8000","15,3000","270","ERJ-2RKF4700X","470R"
"R108","R_0402_240k_1%","TopLayer","RESC1005X04","39,4000","12,7000","270","ERJ-2RKF2403X","240k"
"R107","R_0402_5k1_1%","TopLayer","RESC1005X04","19,8000","14,6000","180","ERJ-2RKF5101X","5.1k"
"R106","R_0402_470R","TopLayer","RESC1005X04","31,6000","20,3000","0","ERJ-2RKF4700X","470R"
"R105","R_0402_100k_1%","TopLayer","RESC1005X04","49,3000","10,1000","90","ERJ-2RKF1003X","100k"
"R104","R_0402_680k_1%","TopLayer","RESC1005X04","49,3000","12,1000","90","ERJ-2RKF6803X","680k"
"R103","R_0402_10k","TopLayer","RESC1005X04","35,6000","47,2000","90","ERJ-2GEJ103X","10k"
"R102","R_0402_10k","TopLayer","RESC1005X04","21,8000","21,8000","270","ERJ-2GEJ103X","10k"
"R101","R_0402_100k_1%","TopLayer","RESC1005X04","21,9000","26,5000","270","ERJ-2RKF1003X","100k"
"R100","R_0402_470R","TopLayer","RESC1005X04","20,4000","11,5000","0","ERJ-2RKF4700X","470R"
"R99","R_0402_24k","TopLayer","RESC1005X04","22,4000","24,9000","180","ERJ-2GEJ243X","24k"
"R98","R_0402_100k_1%","TopLayer","RESC1005X04","25,8000","18,7000","90","ERJ-2RKF1003X","100k"
"R97","R_0402_10k","TopLayer","RESC1005X04","20,4000","12,5000","0","ERJ-2GEJ103X","10k"
"R96","R_0402_10k","TopLayer","RESC1005X04","28,1000","24,0000","0","ERJ-2GEJ103X","10k"
"R95","R_0402_10k","TopLayer","RESC1005X04","28,1000","23,0000","0","ERJ-2GEJ103X","10k"
"R94","R_0402_1k","TopLayer","RESC1005X04","51,9000","47,3000","90","ERJ-2GEJ102X","1k"
"R93","R_0402_1k","TopLayer","RESC1005X04","33,3000","47,2000","90","ERJ-2GEJ102X","1k"
"R92","R_0402_1k","TopLayer","RESC1005X04","53,0000","47,3000","90","ERJ-2GEJ102X","1k"
"R91","R_0402_1k","TopLayer","RESC1005X04","34,3000","47,2000","90","ERJ-2GEJ102X","1k"
"R90","R_0402_10k","TopLayer","RESC1005X04","28,1000","22,0000","180","ERJ-2GEJ103X","10k"
"R89","R_0402_10k","TopLayer","RESC1005X04","34,3000","23,2000","180","ERJ-2GEJ103X","10k"
"R88","R_0402_10k","TopLayer","RESC1005X04","43,2000","7,3100","90","ERJ-2GEJ103X","10k"
"R87","R_0402_10k","TopLayer","RESC1005X04","44,3000","7,3100","90","ERJ-2GEJ103X","10k"
"R86","R_0402_33R","TopLayer","RESC1005X04","59,7000","47,3000","270","ERJ-2GEJ330X","33R"
"R85","R_0402_33R","TopLayer","RESC1005X04","58,7000","47,3000","270","ERJ-2GEJ330X","33R"
"R84","R_0402_33R","TopLayer","RESC1005X04","59,5000","7,3000","90","ERJ-2GEJ330X","33R"
"R83","R_0402_1k","TopLayer","RESC1005X04","61,5000","23,2000","0","ERJ-2GEJ102X","1k"
"R82","R_0402_1k","TopLayer","RESC1005X04","58,7000","16,7000","180","ERJ-2GEJ102X","1k"
"R81","R_0402_33R","TopLayer","RESC1005X04","58,4000","7,3000","90","ERJ-2GEJ330X","33R"
"R80","R_0402_1k","TopLayer","RESC1005X04","70,2000","11,8000","180","ERJ-2GEJ102X","1k"
"R79","R_0402_1k","TopLayer","RESC1005X04","58,7000","13,3000","180","ERJ-2GEJ102X","1k"
"R78","R_0402_33R","TopLayer","RESC1005X04","67,5000","47,3000","90","ERJ-2GEJ330X","33R"
"R77","R_0402_33R","TopLayer","RESC1005X04","68,5000","47,3000","90","ERJ-2GEJ330X","33R"
"R76","R_0402_33R","TopLayer","RESC1005X04","57,3000","7,3000","90","ERJ-2GEJ330X","33R"
"R75","R_0402_33R","TopLayer","RESC1005X04","56,2000","7,3000","90","ERJ-2GEJ330X","33R"
"R74","R_0402_33R","TopLayer","RESC1005X04","55,1000","7,3000","270","ERJ-2GEJ330X","33R"
"R73","R_0402_33R","TopLayer","RESC1005X04","54,0000","7,3000","90","ERJ-2GEJ330X","33R"
"R72","R_0402_33R","TopLayer","RESC1005X04","55,4000","47,3000","270","ERJ-2GEJ330X","33R"
"R71","R_0402_33R","TopLayer","RESC1005X04","52,9000","7,3000","90","ERJ-2GEJ330X","33R"
"R70","R_0402_33R","TopLayer","RESC1005X04","51,8000","7,3000","90","ERJ-2GEJ330X","33R"
"R69","R_0402_33R","TopLayer","RESC1005X04","54,3000","47,3000","90","ERJ-2GEJ330X","33R"
"R68","R_0402_1k","TopLayer","RESC1005X04","50,0000","7,3000","90","ERJ-2GEJ102X","1k"
"R67","R_0402_1k","TopLayer","RESC1005X04","56,5000","47,3000","270","ERJ-2GEJ102X","1k"
"R66","R_0402_1k","TopLayer","RESC1005X04","48,9000","7,3000","90","ERJ-2GEJ102X","1k"
"R65","R_0402_1k","TopLayer","RESC1005X04","40,6000","7,3000","90","ERJ-2GEJ102X","1k"
"R64","R_0402_1k","TopLayer","RESC1005X04","39,3000","7,3100","270","ERJ-2GEJ102X","1k"
"R63","R_0402_1k","TopLayer","RESC1005X04","42,4000","47,2000","270","ERJ-2GEJ102X","1k"
"R62","R_0402_1k","TopLayer","RESC1005X04","41,4000","47,2000","90","ERJ-2GEJ102X","1k"
"R61","R_0402_1k","TopLayer","RESC1005X04","39,8000","47,2000","270","ERJ-2GEJ102X","1k"
"R60","R_0402_1k","TopLayer","RESC1005X04","38,7000","47,2000","90","ERJ-2GEJ102X","1k"
"R59","R_0402_1k","TopLayer","RESC1005X04","37,7000","47,2000","270","ERJ-2GEJ102X","1k"
"R58","R_0402_10R","TopLayer","RESC1005X04","61,5000","24,2000","0","ERJ-2GEJ100X","10R"
"R57","R_0402_1k","TopLayer","RESC1005X04","76,7000","40,8000","270","ERJ-2GEJ102X","1k"
"R56","R_0402_1k","TopLayer","RESC1005X04","77,7000","41,9000","270","ERJ-2GEJ102X","1k"
"R55","R_0402_1k","TopLayer","RESC1005X04","70,2000","16,8000","180","ERJ-2GEJ102X","1k"
"R54","R_0402_100k_1%","TopLayer","RESC1005X04","63,7000","8,4000","90","ERJ-2RKF1003X","100k"
"R53","R_0402_470R","TopLayer","RESC1005X04","62,7000","8,4000","270","ERJ-2RKF4700X","470R"
"R52","R_0402_100k_1%","TopLayer","RESC1005X04","58,7000","10,2000","0","ERJ-2RKF1003X","100k"
"R51","R_0402_470R","TopLayer","RESC1005X04","63,2000","13,3000","0","ERJ-2RKF4700X","470R"
"R50","R_0402_100k_1%","TopLayer","RESC1005X04","58,7000","14,3000","180","ERJ-2RKF1003X","100k"
"R49","R_0402_100k_1%","TopLayer","RESC1005X04","63,7000","11,8000","270","ERJ-2RKF1003X","100k"
"R48","R_0402_100k_1%","TopLayer","RESC1005X04","42,0000","7,3000","270","ERJ-2RKF1003X","100k"
"R47","R_0402_100k_1%","TopLayer","RESC1005X04","37,9000","7,3000","270","ERJ-2RKF1003X","100k"
"R46","R_0402_100k_1%","TopLayer","RESC1005X04","58,7000","17,7000","180","ERJ-2RKF1003X","100k"
"R45","R_0402_100k_1%","TopLayer","RESC1005X04","63,2000","20,0000","180","ERJ-2RKF1003X","100k"
"R44","R_0402_100k_1%","TopLayer","RESC1005X04","47,8000","7,3000","270","ERJ-2RKF1003X","100k"
"R43","R_0402_100k_1%","TopLayer","RESC1005X04","72,9000","12,7000","90","ERJ-2RKF1003X","100k"
"R42","R_0402_100k_1%","TopLayer","RESC1005X04","72,9000","14,7000","270","ERJ-2RKF1003X","100k"
"R41","R_0402_470R","TopLayer","RESC1005X04","71,9000","14,7000","90","ERJ-2RKF4700X","470R"
"R40","R_0402_100k_1%","TopLayer","RESC1005X04","72,9000","17,8000","90","ERJ-2RKF1003X","100k"
"R39","R_0402_470R","TopLayer","RESC1005X04","71,9000","17,8000","270","ERJ-2RKF4700X","470R"
"R38","R_0402_100k_1%","TopLayer","RESC1005X04","72,9000","19,8000","270","ERJ-2RKF1003X","100k"
"R37","R_0402_100k_1%","TopLayer","RESC1005X04","72,9000","22,6000","90","ERJ-2RKF1003X","100k"
"R36","R_0402_100k_1%","TopLayer","RESC1005X04","68,2000","22,1000","180","ERJ-2RKF1003X","100k"
"R35","R_0402_100k_1%","TopLayer","RESC1005X04","72,9000","24,6000","270","ERJ-2RKF1003X","100k"
"R34","R_0402_100k_1%","TopLayer","RESC1005X04","68,2000","24,1000","180","ERJ-2RKF1003X","100k"
"R33","R_0402_100k_1%","TopLayer","RESC1005X04","72,9000","27,3000","90","ERJ-2RKF1003X","100k"
"R32","R_0402_100k_1%","TopLayer","RESC1005X04","68,2000","26,9000","180","ERJ-2RKF1003X","100k"
"R31","R_0402_100k_1%","TopLayer","RESC1005X04","72,9000","29,3000","270","ERJ-2RKF1003X","100k"
"R30","R_0402_100k_1%","TopLayer","RESC1005X04","68,2000","28,8000","180","ERJ-2RKF1003X","100k"
"R29","R_0402_210R_0.1%","TopLayer","RESC1005X04","29,9000","27,0000","180","RT0402BRD07210RL","210R"
"R28","R_0402_10k","TopLayer","RESC1005X04","36,3000","34,3000","180","ERJ-2GEJ103X","10k"
"R27","R_0402_1k","TopLayer","RESC1005X04","35,7000","35,3000","180","ERJ-2GEJ102X","1k"
"R26","R_0402_10k","TopLayer","RESC1005X04","43,7000","29,6000","0","ERJ-2GEJ103X","10k"
"R25","R_0402_5k1_1%","TopLayer","RESC1005X04","19,8000","13,6000","180","ERJ-2RKF5101X","5.1k"
"R24","R_0402_1k","TopLayer","RESC1005X04","36,2000","36,7000","180","ERJ-2GEJ102X","1k"
"R23","R_0402_10k","TopLayer","RESC1005X04","66,6000","31,9000","0","ERJ-2GEJ103X","10k"
"R22","R_0402_33R","TopLayer","RESC1005X04","40,4000","27,0000","180","ERJ-2GEJ330X","33R"
"R21","R_1206_2R_0.25%","TopLayer","RESC3116X06_Shunt","24,0000","31,9000","270","RT1206CRD072RL","2R"
"R20","R_0402_100R","TopLayer","RESC1005X04","28,6000","36,9000","180","ERJ-2GEJ101X","100R"
"R19","R_0402_10R","TopLayer","RESC1005X04","30,3000","43,4000","180","ERJ-2GEJ100X","10R"
"R18","R_0402_1k","TopLayer","RESC1005X04","61,5000","43,4000","0","ERJ-2GEJ102X","1k"
"R17","R_0402_10k","TopLayer","RESC1005X04","44,0000","39,4000","270","ERJ-2GEJ103X","10k"
"R16","R_0402_33R","TopLayer","RESC1005X04","32,3000","38,0000","0","ERJ-2GEJ330X","33R"
"R15","R_0402_1k","TopLayer","RESC1005X04","28,8000","42,9000","90","ERJ-2GEJ102X","1k"
"R14","R_0402_1k","TopLayer","RESC1005X04","34,7000","38,9000","270","ERJ-2GEJ102X","1k"
"R13","R_0402_10k","TopLayer","RESC1005X04","43,7000","27,0000","180","ERJ-2GEJ103X","10k"
"R12","R_0402_210R_0.1%","TopLayer","RESC1005X04","61,9000","37,4000","0","RT0402BRD07210RL","210R"
"R11","R_0402_10k","TopLayer","RESC1005X04","47,4000","30,0000","0","ERJ-2GEJ103X","10k"
"R10","R_0402_33R","TopLayer","RESC1005X04","55,7000","32,9000","180","ERJ-2GEJ330X","33R"
"R9","R_1206_2R_0.25%","TopLayer","RESC3116X06_Shunt","61,6000","39,8000","0","RT1206CRD072RL","2R"
"R8","R_0402_1k","TopLayer","RESC1005X04","54,9000","34,8000","90","ERJ-2GEJ102X","1k"
"R7","R_0402_10k","TopLayer","RESC1005X04","47,5000","42,3000","180","ERJ-2GEJ103X","10k"
"R6","R_0402_10k","TopLayer","RESC1005X04","47,4000","31,3000","0","ERJ-2GEJ103X","10k"
"R5","R_0402_1k","TopLayer","RESC1005X04","54,9000","37,4000","270","ERJ-2GEJ102X","1k"
"R4","R_0402_10k","TopLayer","RESC1005X04","47,2000","35,3000","270","ERJ-2GEJ103X","10k"
"R3","R_0402_1k","TopLayer","RESC1005X04","50,1000","42,4000","0","ERJ-2GEJ102X","1k"
"R2","R_0402_2R","TopLayer","RESC1005X04","54,2000","40,1000","180","ERJ-2GEJ2R0X","2R"
"R1","R_0402_1k","TopLayer","RESC1005X04","56,2000","40,1000","0","ERJ-2GEJ102X","1k"
"P11","P_HDR_2x9_2.54mm_header","TopLayer","P_Pinheader_2x9_R2.54mm_male","82,5500","13,3350","270","10129381-918001BLF",""
"P10","P_HDR_2x9_2.54mm_header","TopLayer","P_Pinheader_2x9_R2.54mm_male","82,5500","41,2750","270","10129381-918001BLF",""
"P9","Beaglebone P9","TopLayer","P_Pinheader_2x23_R2.54mm_LongPinHeader","48,2600","3,1750","0","SSQ-123-03-G-D",""
"P8","Beaglebone P8","TopLayer","P_Pinheader_2x23_R2.54mm_LongPinHeader","48,2600","51,4350","0","SSQ-123-03-G-D",""
"P6","P_HDR_2x2_2.54mm_header","TopLayer","P_Pinheader_2x2_R2.54mm","21,5900","43,8540","270","861400042YO2319LF",""
"P3","P_GCT_USB4125_GFA","TopLayer","P_GCT_USB4125-GF-A","14,8250","14,1000","180","USB4125-GF-A",""
"P2","P_JST_S4B_ZR-SM4A","BottomLayer","P_JST_S4B-ZR-SM4A","14,8500","14,0500","180","S4B-ZR-SM4A-TF(LF)(SN)",""
"M4","SMS-455Frame","TopLayer","SMS-455F","35,9750","35,1750","0","SMS-455-N-F",""
"M2","SMS-455FrameOpen","TopLayer","SMS-455F_-_Neighbour","55,9250","35,1750","0","SMS-455-N-F",""
"L12","L_NR3015T150M","TopLayer","INDP3030X15N","35,1500","10,7000","0","NR3015T150M","15uH"
"L9","L_NR3015T150M","TopLayer","INDP3030X15N","29,7000","11,6000","270","NR3015T150M","15uH"
"L8","L_NR3015T150M","TopLayer","INDP3030X15N","29,7000","15,8000","90","NR3015T150M","15uH"
"L5","L_NR3015T150M","TopLayer","INDP3030X15N","52,0000","14,8000","180","NR3015T150M","15uH"
"L3","L_NR3015T1R5M","TopLayer","INDP3030X15N","26,1000","11,6000","90","NR3015T1R5N","1.5uH"
"L2","L_FB_0603_Z600R_1300mA","TopLayer","INDC1608X08","24,9000","7,9000","270","BLM18KG601SN1D","150mR"
"L1","L_FB_0603_Z600R_1300mA","TopLayer","INDC1608X08","22,4000","7,9000","90","BLM18KG601SN1D","150mR"
"J1","J_T1x2_3.5mm_Screw","TopLayer","P_Phoenix_1984617","14,8000","5,2000","270","1984617",""
"D17","D_LED_0603_Green","TopLayer","DIOM1608X02N_Green","78,0000","16,0000","0","150060VS55040","Green"
"D16","D_LED_0603_Green","TopLayer","DIOM1608X02N_Green","78,0000","33,6000","0","150060VS55040","Green"
"D14","D_SOD523_370mV_500mA","TopLayer","SODFL160X70-2N","26,4000","21,0000","90","NSR05T30XV2T5G","370mV / 30V"
"D13","D_LED_0603_Green","TopLayer","DIOM1608X02N_Green","29,2000","20,4000","0","150060VS55040","Green"
"D12","D_SOD523_370mV_500mA","TopLayer","SODFL160X70-2N","55,4000","10,7000","270","NSR05T30XV2T5G","370mV / 30V"
"D11","D_SOD523_370mV_500mA","TopLayer","SODFL160X70-2N","49,3000","14,7000","90","NSR05T30XV2T5G","370mV / 30V"
"D10","D_SOD523_370mV_500mA","TopLayer","SODFL160X70-2N","21,6000","14,4000","90","NSR05T30XV2T5G","370mV / 30V"
"D8","D_LED_0603_Green","TopLayer","DIOM1608X02N_Green","49,7000","47,0000","0","150060VS55040","Green"
"D7","D_LED_0603_Green","TopLayer","DIOM1608X02N_Green","31,1000","47,0000","0","150060VS55040","Green"
"D6","D_LED_0603_Amber","TopLayer","DIOM1608X02N_Orange","46,2000","47,0000","0","150060AS75000","Amber"
"D5","D_LED_0603_Amber","TopLayer","DIOM1608X02N_Orange","27,6000","47,0000","0","150060AS75000","Amber"
"D4","D_LED_0603_Amber","TopLayer","DIOM1608X02N_Orange","78,0000","21,0000","0","150060AS75000","Amber"
"D3","D_LED_0603_Amber","TopLayer","DIOM1608X02N_Orange","78,0000","38,6000","0","150060AS75000","Amber"
"D1","D_SOD123W_710mV_1A","TopLayer","SODFL350X110-2N","24,0000","36,9000","90","PMEG10010ELRX","710mV / 100V"
"C155","C_0402_100nF_25V","TopLayer","CAPC1005X06","23,6000","26,1000","0","GRM155R71E104KE14J","100nF"
"C154","C_0603_10uF_16V","TopLayer","CAPC1608X09","32,2000","12,3000","90","EMK107BBJ106MA-T","10uF"
"C153","C_0603_10uF_16V","TopLayer","CAPC1608X09","32,3000","32,6000","270","EMK107BBJ106MA-T","10uF"
"C152","C_D8L12_1mF_6V3","BottomLayer","CAP-ELCO_D8L12mm","36,4000","11,2500","270","UVR0J102MPD1TD","1mF"
"C151","C_D8L12_1mF_6V3","BottomLayer","CAP-ELCO_D8L12mm","55,2000","22,6500","270","UVR0J102MPD1TD","1mF"
"C150","C_D8L12_680uF_10V","BottomLayer","CAP-ELCO_D8L12mm","47,9000","14,0500","90","860020274013","680uF"
"C149","C_0402_1uF_10V_X7R","TopLayer","CAPC1005X06","57,7000","42,9000","270","GCM155C71A105KE38D","1uF"
"C148","C_0402_1uF_10V_X7R","TopLayer","CAPC1005X06","63,3000","42,9000","90","GCM155C71A105KE38D","1uF"
"C147","C_0402_1nF_50V","TopLayer","CAPC1005X06","57,7000","40,9000","90","GRM1555C1H102JA01D","1nF"
"C146","C_1206_47uF_10V","TopLayer","CAPC3216X18","43,1000","16,0000","270","LMK316ABJ476ML-T","47uF"
"C145","C_1206_100uF_6V3","TopLayer","CAPC3216X18","45,3000","11,5000","90","JMK316ABJ107ML-T","100uF"
"C144","C_0402_100nF_25V","TopLayer","CAPC1005X06","59,3000","31,1000","90","GRM155R71E104KE14J","100nF"
"C143","C_0402_1nF_50V","TopLayer","CAPC1005X06","27,8000","42,9000","270","GRM1555C1H102JA01D","1nF"
"C142","C_0402_10nF_25V_NP0","TopLayer","CAPC1005X06","39,6000","37,8000","180","GRM1555C1E103JE01J","10nF"
"C141","C_0402_1nF_50V","TopLayer","CAPC1005X06","53,9000","34,8000","90","GRM1555C1H102JA01D","1nF"
"C140","C_0402_10nF_25V_NP0","TopLayer","CAPC1005X06","38,4000","27,0000","0","GRM1555C1E103JE01J","10nF"
"C139","C_0402_1uF_10V_X7R","TopLayer","CAPC1005X06","58,7000","11,2000","0","GCM155C71A105KE38D","1uF"
"C138","C_0402_1uF_10V_X7R","TopLayer","CAPC1005X06","58,7000","12,3000","0","GCM155C71A105KE38D","1uF"
"C137","C_0402_1uF_10V_X7R","TopLayer","CAPC1005X06","63,2000","10,3000","0","GCM155C71A105KE38D","1uF"
"C136","C_0402_100nF_25V","TopLayer","CAPC1005X06","69,5000","47,3000","270","GRM155R71E104KE14J","100nF"
"C135","C_0402_1uF_10V_X7R","TopLayer","CAPC1005X06","70,2000","15,2000","0","GCM155C71A105KE38D","1uF"
"C134","C_0402_1uF_10V_X7R","TopLayer","CAPC1005X06","62,5000","21,2000","0","GCM155C71A105KE38D","1uF"
"C133","C_0402_1nF_50V","TopLayer","CAPC1005X06","50,1000","43,4000","0","GRM1555C1H102JA01D","1nF"
"C132","C_0402_1uF_10V_X7R","TopLayer","CAPC1005X06","26,8000","18,7000","90","GCM155C71A105KE38D","1uF"
"C131","C_0402_1uF_10V_X7R","TopLayer","CAPC1005X06","70,2000","25,1000","0","GCM155C71A105KE38D","1uF"
"C130","C_0402_1uF_10V_X7R","TopLayer","CAPC1005X06","63,2000","15,3000","180","GCM155C71A105KE38D","1uF"
"C129","C_0402_100nF_25V","TopLayer","CAPC1005X06","73,8000","47,8000","0","GRM155R71E104KE14J","100nF"
"C128","C_0402_100nF_25V","TopLayer","CAPC1005X06","70,7000","38,6000","90","GRM155R71E104KE14J","100nF"
"C127","C_0402_100nF_25V","TopLayer","CAPC1005X06","66,5000","38,5000","90","GRM155R71E104KE14J","100nF"
"C126","C_0402_100nF_25V","TopLayer","CAPC1005X06","75,3000","25,7000","0","GRM155R71E104KE14J","100nF"
"C125","C_0402_100nF_25V","TopLayer","CAPC1005X06","67,1000","11,3000","0","GRM155R71E104KE14J","100nF"
"C124","C_0402_100nF_25V","TopLayer","CAPC1005X06","75,3000","15,8000","0","GRM155R71E104KE14J","100nF"
"C123","C_0402_100nF_25V","TopLayer","CAPC1005X06","75,1000","30,3000","0","GRM155R71E104KE14J","100nF"
"C122","C_0402_100nF_25V","TopLayer","CAPC1005X06","76,5000","10,5000","0","GRM155R71E104KE14J","100nF"
"C121","C_0402_1uF_10V_X7R","TopLayer","CAPC1005X06","79,3000","31,4000","270","GCM155C71A105KE38D","1uF"
"C120","C_0402_100nF_25V","TopLayer","CAPC1005X06","83,2000","25,8000","0","GRM155R71E104KE14J","100nF"
"C119","C_0402_1uF_10V_X7R","TopLayer","CAPC1005X06","78,9000","3,7000","270","GCM155C71A105KE38D","1uF"
"C118","C_0402_100nF_25V","TopLayer","CAPC1005X06","79,1000","50,2000","270","GRM155R71E104KE14J","100nF"
"C117","C_0603_10uF_16V","TopLayer","CAPC1608X09","33,0000","17,2000","0","EMK107BBJ106MA-T","10uF"
"C116","C_1206_47uF_10V","TopLayer","CAPC3216X18","43,1000","11,5000","90","LMK316ABJ476ML-T","47uF"
"C115","C_0603_10uF_16V","TopLayer","CAPC1608X09","38,8000","9,1000","180","EMK107BBJ106MA-T","10uF"
"C114","C_1206_47uF_10V","TopLayer","CAPC3216X18","39,6000","10,7000","180","LMK316ABJ476ML-T","47uF"
"C113","C_0402_100nF_25V","TopLayer","CAPC1005X06","33,6000","27,2000","0","GRM155R71E104KE14J","100nF"
"C112","C_1206_47uF_10V","TopLayer","CAPC3216X18","45,3000","16,0000","270","LMK316ABJ476ML-T","47uF"
"C111","C_0603_10uF_16V","TopLayer","CAPC1608X09","35,8000","17,7000","0","EMK107BBJ106MA-T","10uF"
"C110","C_1206_47uF_10V","TopLayer","CAPC3216X18","39,8000","17,4000","180","LMK316ABJ476ML-T","47uF"
"C109","C_0603_10uF_16V","TopLayer","CAPC1608X09","59,3000","36,2000","270","EMK107BBJ106MA-T","10uF"
"C108","C_0402_100nF_25V","TopLayer","CAPC1005X06","36,1000","16,6000","0","GRM155R71E104KE14J","100nF"
"C107","C_0603_10uF_16V","TopLayer","CAPC1608X09","32,2000","15,2000","270","EMK107BBJ106MA-T","10uF"
"C106","C_0402_1uF_10V_X7R","TopLayer","CAPC1005X06","38,4000","12,7000","90","GCM155C71A105KE38D","1uF"
"C105","C_0402_100nF_25V","TopLayer","CAPC1005X06","58,4000","34,3000","180","GRM155R71E104KE14J","100nF"
"C104","C_0402_47pF_50V","TopLayer","CAPC1005X06","40,4000","12,7000","270","C0402C470K5GACTU","47pF"
"C103","C_0603_10uF_16V","TopLayer","CAPC1608X09","55,2000","12,6000","180","EMK107BBJ106MA-T","10uF"
"C102","C_1206_100uF_6V3","TopLayer","CAPC3216X18","25,8000","14,8000","0","JMK316ABJ107ML-T","100uF"
"C101","C_1206_100uF_6V3","TopLayer","CAPC3216X18","28,0000","8,2000","180","JMK316ABJ107ML-T","100uF"
"C100","C_0402_1uF_10V_X7R","TopLayer","CAPC1005X06","70,2000","29,8000","0","GCM155C71A105KE38D","1uF"
"C99","C_0402_1uF_10V_X7R","TopLayer","CAPC1005X06","28,4000","33,7000","0","GCM155C71A105KE38D","1uF"
"C98","C_0402_100nF_25V","TopLayer","CAPC1005X06","41,5000","14,0000","270","GRM155R71E104KE14J","100nF"
"C97","C_0603_10uF_16V","TopLayer","CAPC1608X09","43,1000","21,6000","270","EMK107BBJ106MA-T","10uF"
"C96","C_0402_10nF_25V_NP0","TopLayer","CAPC1005X06","37,8000","23,7000","0","GRM1555C1E103JE01J","10nF"
"C95","C_0603_10uF_16V","TopLayer","CAPC1608X09","43,8000","46,9000","90","EMK107BBJ106MA-T","10uF"
"C94","C_0603_10uF_16V","TopLayer","CAPC1608X09","36,1000","20,7000","270","EMK107BBJ106MA-T","10uF"
"C93","C_0402_10nF_25V_NP0","TopLayer","CAPC1005X06","46,5000","21,5000","270","GRM1555C1E103JE01J","10nF"
"C92","C_0603_10uF_16V","TopLayer","CAPC1608X09","54,8000","14,6000","270","EMK107BBJ106MA-T","10uF"
"C91","C_0402_100nF_25V","TopLayer","CAPC1005X06","54,3000","10,8000","90","GRM155R71E104KE14J","100nF"
"C90","C_0603_10uF_16V","TopLayer","CAPC1608X09","48,1000","16,2000","270","EMK107BBJ106MA-T","10uF"
"C89","C_1206_100uF_6V3","TopLayer","CAPC3216X18","53,2000","23,4000","0","JMK316ABJ107ML-T","100uF"
"C88","C_1206_100uF_6V3","TopLayer","CAPC3216X18","52,3000","35,8000","90","JMK316ABJ107ML-T","100uF"
"C87","C_0603_10uF_16V","TopLayer","CAPC1608X09","54,3000","20,5000","270","EMK107BBJ106MA-T","10uF"
"C86","C_0402_100nF_25V","TopLayer","CAPC1005X06","53,2000","20,1000","270","GRM155R71E104KE14J","100nF"
"C85","C_0402_100nF_25V","TopLayer","CAPC1005X06","46,5000","19,5000","270","GRM155R71E104KE14J","100nF"
"C84","C_0402_100nF_25V","TopLayer","CAPC1005X06","36,6000","47,2000","90","GRM155R71E104KE14J","100nF"
"C83","C_1206_47uF_10V","TopLayer","CAPC3216X18","45,0000","20,8000","270","LMK316ABJ476ML-T","47uF"
"C82","C_1206_47uF_10V","TopLayer","CAPC3216X18","47,7000","11,5000","90","LMK316ABJ476ML-T","47uF"
"C81","C_0402_1uF_10V_X7R","TopLayer","CAPC1005X06","47,5000","14,3000","0","GCM155C71A105KE38D","1uF"
"C80","C_0402_100nF_25V","TopLayer","CAPC1005X06","20,4000","10,5000","0","GRM155R71E104KE14J","100nF"
"C79","C_0402_100nF_25V","TopLayer","CAPC1005X06","26,3000","23,3000","270","GRM155R71E104KE14J","100nF"
"C78","C_0402_100nF_25V","TopLayer","CAPC1005X06","34,3000","24,2000","180","GRM155R71E104KE14J","100nF"
"C77","C_0603_10uF_16V","TopLayer","CAPC1608X09","20,7000","7,9000","90","EMK107BBJ106MA-T","10uF"
"C76","C_0603_10uF_16V","TopLayer","CAPC1608X09","23,6000","12,2000","90","EMK107BBJ106MA-T","10uF"
"C75","C_0402_1uF_10V_X7R","TopLayer","CAPC1005X06","61,5000","22,2000","180","GCM155C71A105KE38D","1uF"
"C74","C_0402_100nF_25V","TopLayer","CAPC1005X06","60,0000","21,7000","90","GRM155R71E104KE14J","100nF"
"C73","C_0402_1nF_50V","TopLayer","CAPC1005X06","60,0000","23,7000","270","GRM1555C1H102JA01D","1nF"
"C72","C_0402_1uF_10V_X7R","TopLayer","CAPC1005X06","81,0000","28,4000","0","GCM155C71A105KE38D","1uF"
"C71","C_0402_100nF_25V","TopLayer","CAPC1005X06","78,7000","41,9000","90","GRM155R71E104KE14J","100nF"
"C70","C_0402_100nF_25V","TopLayer","CAPC1005X06","66,5000","35,9000","270","GRM155R71E104KE14J","100nF"
"C69","C_0402_1uF_10V_X7R","TopLayer","CAPC1005X06","68,2000","29,8000","0","GCM155C71A105KE38D","1uF"
"C68","C_0402_1uF_10V_X7R","TopLayer","CAPC1005X06","68,2000","15,2000","0","GCM155C71A105KE38D","1uF"
"C67","C_0402_100nF_25V","TopLayer","CAPC1005X06","58,7000","19,6000","0","GRM155R71E104KE14J","100nF"
"C66","C_0402_100nF_25V","TopLayer","CAPC1005X06","58,7000","15,4000","0","GRM155R71E104KE14J","100nF"
"C65","C_0402_1uF_10V_X7R","TopLayer","CAPC1005X06","63,2000","17,5000","180","GCM155C71A105KE38D","1uF"
"C64","C_0402_1uF_10V_X7R","TopLayer","CAPC1005X06","70,2000","20,3000","0","GCM155C71A105KE38D","1uF"
"C63","C_0402_100nF_25V","TopLayer","CAPC1005X06","63,0000","23,7000","270","GRM155R71E104KE14J","100nF"
"C62","C_0402_10nF_25V_NP0","TopLayer","CAPC1005X06","52,9000","32,9000","0","GRM1555C1E103JE01J","10nF"
"C61","C_0402_1uF_10V_X7R","TopLayer","CAPC1005X06","30,3000","38,0000","180","GCM155C71A105KE38D","1uF"
"C60","C_0402_100nF_25V","TopLayer","CAPC1005X06","28,3000","38,0000","0","GRM155R71E104KE14J","100nF"
"C59","C_0402_1uF_10V_X7R","TopLayer","CAPC1005X06","34,4000","33,3000","0","GCM155C71A105KE38D","1uF"
"C58","C_0402_100nF_25V","TopLayer","CAPC1005X06","34,5000","32,1000","0","GRM155R71E104KE14J","100nF"
"C57","C_0402_1uF_10V_X7R","TopLayer","CAPC1005X06","43,7000","31,9000","180","GCM155C71A105KE38D","1uF"
"C56","C_0402_100nF_25V","TopLayer","CAPC1005X06","43,7000","32,9000","180","GRM155R71E104KE14J","100nF"
"C55","C_0402_1uF_10V_X7R","TopLayer","CAPC1005X06","33,3000","43,1000","0","GCM155C71A105KE38D","1uF"
"C54","C_0402_100nF_25V","TopLayer","CAPC1005X06","35,3000","43,1000","0","GRM155R71E104KE14J","100nF"
"C53","C_0402_1uF_10V_X7R","TopLayer","CAPC1005X06","47,7000","43,3000","180","GCM155C71A105KE38D","1uF"
"C52","C_0402_100nF_25V","TopLayer","CAPC1005X06","44,0000","42,6000","90","GRM155R71E104KE14J","100nF"
"C51","C_0603_10uF_16V","TopLayer","CAPC1608X09","32,0000","27,6000","90","EMK107BBJ106MA-T","10uF"
"C50","C_0402_1uF_10V_X7R","TopLayer","CAPC1005X06","32,2000","30,3000","90","GCM155C71A105KE38D","1uF"
"C49","C_0402_1uF_10V_X7R","TopLayer","CAPC1005X06","27,6970","31,4055","90","GCM155C71A105KE38D","1uF"
"C48","C_0603_10uF_16V","TopLayer","CAPC1608X09","62,6000","27,7000","90","EMK107BBJ106MA-T","10uF"
"C47","C_D8L12_470uF_25V","BottomLayer","CAP-ELCO_D8L12mm","29,9500","32,6000","0","860020474014","470uF"
"C46","C_0402_100nF_25V","TopLayer","CAPC1005X06","30,4000","33,7000","180","GRM155R71E104KE14J","100nF"
"C45","C_0402_1uF_10V_X7R","TopLayer","CAPC1005X06","33,7000","35,2000","90","GCM155C71A105KE38D","1uF"
"C44","C_0603_10uF_16V","TopLayer","CAPC1608X09","28,2000","34,8000","0","EMK107BBJ106MA-T","10uF"
"C43","C_0402_100nF_25V","TopLayer","CAPC1005X06","42,9000","35,7000","180","GRM155R71E104KE14J","100nF"
"C42","C_0402_1uF_10V_X7R","TopLayer","CAPC1005X06","44,3000","35,2000","270","GCM155C71A105KE38D","1uF"
"C41","C_0603_10uF_16V","TopLayer","CAPC1608X09","34,1000","30,9000","0","EMK107BBJ106MA-T","10uF"
"C40","C_0603_10uF_16V","TopLayer","CAPC1608X09","34,1000","28,5000","0","EMK107BBJ106MA-T","10uF"
"C39","C_0402_1uF_10V_X7R","TopLayer","CAPC1005X06","34,5000","29,7000","0","GCM155C71A105KE38D","1uF"
"C38","C_0402_1uF_10V_X7R","TopLayer","CAPC1005X06","42,9000","37,7000","180","GCM155C71A105KE38D","1uF"
"C37","C_0402_100nF_25V","TopLayer","CAPC1005X06","42,9000","36,7000","180","GRM155R71E104KE14J","100nF"
"C36","C_0402_1nF_50V","TopLayer","CAPC1005X06","34,2000","36,8000","180","GRM1555C1H102JA01D","1nF"
"C35","C_0402_10nF_25V_NP0","TopLayer","CAPC1005X06","27,7000","28,7000","90","GRM1555C1E103JE01J","10nF"
"C34","C_0402_1nF_50V","TopLayer","CAPC1005X06","28,9000","35,9000","0","GRM1555C1H102JA01D","1nF"
"C33","C_0603_10uF_16V","TopLayer","CAPC1608X09","34,9000","41,9000","0","EMK107BBJ106MA-T","10uF"
"C32","C_0603_10uF_16V","TopLayer","CAPC1608X09","34,9000","40,6000","0","EMK107BBJ106MA-T","10uF"
"C31","C_0402_1uF_10V_X7R","TopLayer","CAPC1005X06","35,8000","39,0000","90","GCM155C71A105KE38D","1uF"
"C30","C_0402_100nF_25V","TopLayer","CAPC1005X06","31,8000","42,9000","90","GRM155R71E104KE14J","100nF"
"C29","C_0402_1nF_50V","TopLayer","CAPC1005X06","30,3000","42,4000","180","GRM1555C1H102JA01D","1nF"
"C28","C_0402_1nF_50V","TopLayer","CAPC1005X06","33,7000","38,9000","270","GRM1555C1H102JA01D","1nF"
"C27","C_0402_100nF_25V","TopLayer","CAPC1005X06","43,7000","28,4000","180","GRM155R71E104KE14J","100nF"
"C26","C_0603_10uF_16V","TopLayer","CAPC1608X09","59,2000","27,7000","90","EMK107BBJ106MA-T","10uF"
"C25","C_0603_10uF_16V","TopLayer","CAPC1608X09","49,9000","33,0000","180","EMK107BBJ106MA-T","10uF"
"C24","C_0603_10uF_16V","TopLayer","CAPC1608X09","25,1000","45,4000","270","EMK107BBJ106MA-T","10uF"
"C23","C_0402_1uF_10V_X7R","TopLayer","CAPC1005X06","57,4000","27,6000","90","GCM155C71A105KE38D","1uF"
"C22","C_0402_100nF_25V","TopLayer","CAPC1005X06","56,3000","27,6000","90","GRM155R71E104KE14J","100nF"
"C21","C_0402_1uF_10V_X7R","TopLayer","CAPC1005X06","47,4000","28,7000","0","GCM155C71A105KE38D","1uF"
"C20","C_0402_100nF_25V","TopLayer","CAPC1005X06","47,4000","27,7000","0","GRM155R71E104KE14J","100nF"
"C19","C_0603_10uF_16V","TopLayer","CAPC1608X09","61,2000","27,7000","90","EMK107BBJ106MA-T","10uF"
"C18","C_0402_1uF_10V_X7R","TopLayer","CAPC1005X06","60,3000","30,1000","90","GCM155C71A105KE38D","1uF"
"C17","C_0402_1uF_10V_X7R","TopLayer","CAPC1005X06","63,3000","30,1000","90","GCM155C71A105KE38D","1uF"
"C16","C_0603_10uF_16V","TopLayer","CAPC1608X09","36,1000","23,7000","90","EMK107BBJ106MA-T","10uF"
"C15","C_0603_10uF_16V","TopLayer","CAPC1608X09","36,0000","27,1000","180","EMK107BBJ106MA-T","10uF"
"C14","C_0402_100nF_25V","TopLayer","CAPC1005X06","61,8000","30,6000","0","GRM155R71E104KE14J","100nF"
"C13","C_0402_1uF_10V_X7R","TopLayer","CAPC1005X06","51,4000","39,4000","0","GCM155C71A105KE38D","1uF"
"C12","C_0402_100nF_25V","TopLayer","CAPC1005X06","51,4000","40,4000","0","GRM155R71E104KE14J","100nF"
"C11","C_0402_100nF_25V","TopLayer","CAPC1005X06","48,7000","36,3000","90","GRM155R71E104KE14J","100nF"
"C10","C_0402_1uF_10V_X7R","TopLayer","CAPC1005X06","49,3000","34,8000","180","GCM155C71A105KE38D","1uF"
"C9","C_0603_10uF_16V","TopLayer","CAPC1608X09","57,2000","29,3000","180","EMK107BBJ106MA-T","10uF"
"C8","C_0603_10uF_16V","TopLayer","CAPC1608X09","57,2000","31,7000","180","EMK107BBJ106MA-T","10uF"
"C7","C_0402_1uF_10V_X7R","TopLayer","CAPC1005X06","56,8000","30,5000","180","GCM155C71A105KE38D","1uF"
"C6","C_0402_10nF_25V_NP0","TopLayer","CAPC1005X06","61,9000","38,4000","0","GRM1555C1E103JE01J","10nF"
"C5","C_0402_1uF_10V_X7R","TopLayer","CAPC1005X06","50,7000","36,5000","90","GCM155C71A105KE38D","1uF"
"C4","C_0402_100nF_25V","TopLayer","CAPC1005X06","49,7000","36,5000","90","GRM155R71E104KE14J","100nF"
"C3","C_0402_1nF_50V","TopLayer","CAPC1005X06","56,4000","34,3000","180","GRM1555C1H102JA01D","1nF"
"C2","C_0402_100nF_25V","TopLayer","CAPC1005X06","47,4000","32,3000","0","GRM155R71E104KE14J","100nF"
"C1","C_0402_1nF_50V","TopLayer","CAPC1005X06","55,2000","39,1000","0","GRM1555C1H102JA01D","1nF"
