Time [s],Sheep1,Sheep2
0.000000000,1,1
0.016461068,1,0
0.016461758,0,0
0.016491898,1,0
0.016492284,1,1
0.116454600,0,1
0.116454610,0,0
0.116485540,1,0
0.116485798,1,1
0.216448280,1,0
0.216448482,0,0
0.216479102,1,0
0.216479408,1,1
0.316441660,1,0
0.316443374,0,0
0.316472424,1,0
0.316472770,1,1
0.416434862,1,0
0.416435444,0,0
0.416465726,1,0
0.416466280,1,1
0.516427188,0,1
0.516428386,0,0
0.516459406,1,0
0.516459792,1,1
0.616421798,0,1
0.616424464,0,0
0.616452698,1,0
0.616453266,1,1
0.716414680,0,1
0.716415490,0,0
0.716446390,1,0
0.716446708,1,1
0.816408950,1,0
0.816409050,0,0
0.816439730,1,0
0.816440368,1,1
0.916402150,1,0
0.916403632,0,0
0.916433302,1,0
0.916433370,1,1
1.016395682,1,0
1.016398816,0,0
1.016426444,1,0
1.016426850,1,1
1.116389116,1,0
1.116389164,0,0
1.116420114,1,0
1.116420252,1,1
1.216382758,1,0
1.216383676,0,0
1.216413556,1,0
1.216414004,1,1
1.316376038,1,0
1.316376066,0,0
1.316407026,1,0
1.316407486,1,1
1.416369496,0,1
1.416369706,0,0
1.416400438,1,0
1.416400936,1,1
1.516362918,1,0
1.516362938,0,0
1.516393848,1,0
1.516394156,1,1
1.616356388,1,0
1.616356438,0,0
1.616387358,1,0
1.616387846,1,1
1.716349840,1,0
1.716352742,0,0
1.716380590,1,0
1.716381038,1,1
1.816343468,0,1
1.816344312,0,0
1.816374020,1,0
1.816374980,1,1
1.916336730,0,1
1.916340572,0,0
1.916367640,1,0
1.916368162,1,1
2.016330240,0,1
2.016331500,0,0
2.016361140,1,0
2.016361830,1,1
2.116323610,0,1
2.116323710,0,0
2.116354570,1,0
2.116354940,1,1
2.216317038,0,1
2.216317182,0,0
2.216347950,1,0
2.216348298,1,1
2.316310650,0,1
2.316310704,0,0
2.316341250,1,0
2.316341910,1,1
2.416304008,0,1
2.416304234,0,0
2.416335018,1,0
2.416335362,1,1
2.516297160,0,1
2.516297492,0,0
2.516328320,1,0
2.516329132,1,1
2.616291008,0,1
2.616291210,0,0
2.616321618,1,0
2.616322430,1,1
2.716281560,0,1
2.716284440,0,0
2.716315318,1,0
2.716315618,1,1
2.816277886,0,1
2.816278822,0,0
2.816308698,1,0
2.816309458,1,1
2.916272016,0,1
2.916272442,0,0
2.916302286,1,0
2.916302880,1,1
3.016264646,0,1
3.016265860,0,0
3.016295556,1,0
3.016296210,1,1
3.116258174,0,1
3.116258268,0,0
3.116289074,1,0
3.116289398,1,1
3.216251856,1,0
3.216253044,0,0
3.216282514,1,0
3.216283076,1,1
3.316245102,0,1
3.316245246,0,0
3.316276002,1,0
3.316276674,1,1
3.416238520,0,1
3.416238996,0,0
3.416269420,1,0
3.416269872,1,1
3.516231956,1,0
3.516231978,0,0
3.516262910,1,0
3.516263374,1,1
3.616225376,0,1
3.616225684,0,0
3.616256288,1,0
3.616256894,1,1
3.716218962,1,0
3.716219266,0,0
3.716249946,1,0
3.716250370,1,1
3.816212514,0,1
3.816213690,0,0
3.816243304,1,0
3.816243998,1,1
3.916205782,0,1
3.916205858,0,0
3.916236922,1,0
3.916236986,1,1
4.016197392,0,1
4.016199238,0,0
4.016229910,1,0
4.016230374,1,1
4.116192626,1,0
4.116192708,0,0
4.116223598,1,0
4.116223824,1,1
4.216186256,0,1
4.216186344,0,0
4.216217256,1,0
4.216217764,1,1
4.316179844,0,1
4.316181080,0,0
4.316210534,1,0
4.316211070,1,1
4.416173072,0,1
4.416173178,0,0
4.416203992,1,0
4.416204408,1,1
4.516166446,1,0
4.516166538,0,0
4.516197318,1,0
4.516197574,1,1
4.616159876,1,0
4.616159886,0,0
4.616190836,1,0
4.616191172,1,1
4.716153064,0,1
4.716153164,0,0
4.716184494,1,0
4.716184642,1,1
4.816149864,0,1
4.816150270,0,0
4.816177912,1,0
4.816178090,1,1
4.916141756,1,0
4.916142862,0,0
4.916171168,1,0
4.916171518,1,1
5.016133624,1,0
5.016133736,0,0
5.016164626,1,0
5.016164864,1,1
5.116126972,1,0
5.116127142,0,0
5.116158102,1,0
5.116158190,1,1
5.216120630,1,0
5.216120970,0,0
5.216151710,1,0
5.216151758,1,1
5.316115438,1,0
5.316116900,0,0
5.316144748,1,0
5.316145026,1,1
5.416107296,1,0
5.416107604,0,0
5.416138474,0,1
5.416138624,1,1
5.516100990,0,1
5.516101580,0,0
5.516131890,1,0
5.516132250,1,1
5.616094198,1,0
5.616094346,0,0
5.616125258,1,0
5.616125846,1,1
5.716087564,1,0
5.716087894,0,0
5.716118784,1,0
5.716119042,1,1
5.816081274,1,0
5.816081560,0,0
5.816112240,1,0
5.816112580,1,1
5.916074770,1,0
5.916075026,0,0
5.916105496,1,0
5.916106068,1,1
6.016067664,0,1
6.016068506,0,0
6.016098884,1,0
6.016099366,1,1
6.116061452,1,0
6.116061638,0,0
6.116092580,1,0
6.116092602,1,1
6.216054786,1,0
6.216055074,0,0
6.216085896,1,0
6.216086236,1,1
6.316048224,1,0
6.316048870,0,0
6.316079432,1,0
6.316079452,1,1
6.416042014,1,0
6.416042238,0,0
6.416072908,1,0
6.416073100,1,1
6.516034426,0,1
6.516035170,0,0
6.516066782,1,0
6.516066848,1,1
6.616028590,0,1
6.616029094,0,0
6.616059550,1,0
6.616059994,1,1
6.716022040,1,0
6.716022274,0,0
6.716053176,1,0
6.716053240,1,1
6.816015764,1,0
6.816018794,0,0
6.816046850,1,0
6.816047082,1,1
6.916008902,1,0
6.916009126,0,0
6.916040358,0,1
6.916040686,1,1
7.016002308,1,0
7.016002662,0,0
7.016033282,1,0
7.016033856,1,1
7.115996026,1,0
7.115996158,0,0
7.116026988,1,0
7.116027124,1,1
7.215989530,1,0
7.215991074,0,0
7.216020430,0,1
7.216020544,1,1
7.315982744,1,0
7.315984980,0,0
7.316013908,1,0
7.316013954,1,1
7.415976300,1,0
7.415976664,0,0
7.416007364,1,0
7.416007518,1,1
7.515967672,0,1
7.515969646,0,0
7.516000600,1,0
7.516000762,1,1
7.615963084,1,0
7.615963304,0,0
7.615994224,1,0
7.615994300,1,1
7.715956528,1,0
7.715956658,0,0
7.715987610,1,0
7.715987756,1,1
7.815950012,1,0
7.815950364,0,0
7.815981074,1,0
7.815981132,1,1
7.915943626,1,0
7.915946242,0,0
7.915974440,1,0
7.915974866,1,1
8.015936852,1,0
8.015938354,0,0
8.015967964,1,0
8.015968090,1,1
8.115930318,1,0
8.115930540,0,0
8.115961448,1,0
8.115961554,1,1
8.215923814,1,0
8.215924204,0,0
8.215954874,1,0
8.215955052,1,1
8.315917300,1,0
8.315917328,0,0
8.315948268,1,0
8.315948538,1,1
8.415910862,1,0
8.415911354,0,0
8.415941604,1,0
8.415942282,1,1
8.515903070,0,1
8.515903736,0,0
8.515934958,1,0
8.515935496,1,1
8.615897672,0,1
8.615897720,0,0
8.615928622,1,0
8.615928938,1,1
8.715891038,1,0
8.715891126,0,0
8.715922066,1,0
8.715922184,1,1
8.815883792,1,0
8.815884800,0,0
8.815915780,1,0
8.815916130,1,1
8.915877868,1,0
8.915878096,0,0
8.915908916,1,0
8.915909336,1,1
9.015871420,1,0
9.015871820,0,0
9.015902598,1,0
9.015902640,1,1
9.115864764,1,0
9.115865994,0,0
9.115895894,1,0
9.115895942,1,1
9.215858528,0,1
9.215858618,0,0
9.215889556,1,0
9.215889706,1,1
9.315851754,1,0
9.315851882,0,0
9.315882772,1,0
9.315882980,1,1
9.415845520,1,0
9.415845536,0,0
9.415876216,1,0
9.415876436,1,1
9.515838670,0,1
9.515839720,0,0
9.515869790,1,0
9.515870042,1,1
9.615832086,1,0
9.615832144,0,0
9.615863284,1,0
9.615863294,1,1
9.715825498,1,0
9.715825516,0,0
9.715856418,1,0
9.715856986,1,1
9.815819160,0,1
9.815819624,0,0
9.815850190,1,0
9.815850570,1,1
9.915812554,0,1
9.915812578,0,0
9.915843484,1,0
9.915843704,1,1
10.015806078,0,1
10.015806132,0,0
10.015836848,1,0
10.015837230,1,1
10.115799312,0,1
10.115799356,0,0
10.115830222,1,0
10.115830564,1,1
10.215793076,1,0
10.215794646,0,0
10.215823706,1,0
10.215824226,1,1
10.315786218,0,1
10.315787352,0,0
10.315817178,1,0
10.315817550,1,1
10.415779804,1,0
10.415782184,0,0
10.415810452,1,0
10.415810922,1,1
10.515773006,0,1
10.515773200,0,0
10.515803956,1,0
10.515804828,1,1
10.615766508,0,1
10.615766584,0,0
10.615797428,1,0
10.615797802,1,1
10.715760072,0,1
10.715760116,0,0
10.715791012,1,0
10.715791256,1,1
10.815754426,1,0
10.815755096,0,0
10.815784474,1,0
10.815784866,1,1
10.915746890,1,0
10.915750170,0,0
10.915777868,1,0
10.915778368,1,1
11.015740504,1,0
11.015740570,0,0
11.015771360,1,0
11.015771620,1,1
11.115733784,0,1
11.115735108,0,0
11.115764944,1,0
11.115765014,1,1
11.215727412,1,0
11.215727496,0,0
11.215757988,1,0
11.215758640,1,1
11.315720712,1,0
11.315720858,0,0
11.315751500,1,0
11.315751922,1,1
11.415714332,0,1
11.415715074,0,0
11.415745342,1,0
11.415745584,1,1
11.515707134,0,1
11.515707936,0,0
11.515738404,1,0
11.515738824,1,1
11.615700900,1,0
11.615701058,0,0
11.615731978,1,0
11.615732388,1,1
11.715694414,1,0
11.715694550,0,0
11.715725450,1,0
11.715725592,1,1
11.815685344,1,0
11.815688242,0,0
11.815718932,1,0
11.815719276,1,1
11.915681298,1,0
11.915681844,0,0
11.915712334,1,0
11.915712958,1,1
12.015674828,0,1
12.015677020,0,0
12.015705748,1,0
12.015705918,1,1
12.115668170,1,0
12.115668300,0,0
12.115699200,1,0
12.115699378,1,1
12.215658506,1,0
12.215661962,0,0
12.215692632,1,0
12.215693122,1,1
12.315654884,0,1
12.315655018,0,0
12.315686064,1,0
12.315686666,1,1
12.415648816,0,1
12.415649020,0,0
12.415679506,1,0
12.415679988,1,1
12.515641530,0,1
12.515641910,0,0
12.515673228,1,0
12.515673550,1,1
12.615635330,1,0
12.615635530,0,0
12.615666420,1,0
12.615666740,1,1
12.715628492,0,1
12.715628912,0,0
12.715659742,1,0
12.715660030,1,1
12.815621956,1,0
12.815622554,0,0
12.815653214,1,0
12.815653582,1,1
12.915615750,1,0
12.915615756,0,0
12.915646666,1,0
12.915646936,1,1
13.015609130,1,0
13.015609538,0,0
13.015640048,1,0
13.015640268,1,1
13.115602500,1,0
13.115602780,0,0
13.115633410,1,0
13.115633740,1,1
13.215596150,1,0
13.215596420,0,0
13.215627112,1,0
13.215627480,1,1
13.315589652,1,0
13.315593466,0,0
13.315620424,1,0
13.315621070,1,1
13.415583096,1,0
13.415583264,0,0
13.415613746,1,0
13.415614012,1,1
13.515573448,0,1
13.515576248,0,0
13.515607306,1,0
13.515607886,1,1
13.615569798,1,0
13.615569958,0,0
13.615600568,1,0
13.615601228,1,1
13.715563200,0,1
13.715565578,0,0
13.715594348,1,0
13.715594698,1,1
13.815556470,0,1
13.815557428,0,0
13.815587790,1,0
13.815587886,1,1
13.915550020,1,0
13.915550242,0,0
13.915581182,1,0
13.915581458,1,1
14.015543512,1,0
14.015543632,0,0
14.015574614,1,0
14.015574740,1,1
14.115536884,1,0
14.115537134,0,0
14.115568084,1,0
14.115568302,1,1
14.215531066,0,1
14.215531234,0,0
14.215561734,1,0
14.215561804,1,1
14.315523784,1,0
14.315524066,0,0
14.315554976,1,0
14.315555202,1,1
14.415517374,1,0
14.415517486,0,0
14.415548078,1,0
14.415548592,1,1
14.515508982,0,1
14.515510756,0,0
14.515541738,1,0
14.515542192,1,1
14.615504138,1,0
14.615508242,0,0
14.615535344,0,1
14.615535410,1,1
14.715497560,1,0
14.715497770,0,0
14.715528660,1,0
14.715529036,1,1
14.815491398,1,0
14.815491460,0,0
14.815522170,1,0
14.815522498,1,1
14.915484568,1,0
14.915484620,0,0
14.915515572,1,0
14.915515748,1,1
15.015477918,1,0
15.015478322,0,0
15.015509122,1,0
15.015509416,1,1
15.115471502,0,1
15.115471550,0,0
15.115502382,1,0
15.115502776,1,1
15.215465082,1,0
15.215465702,0,0
15.215496072,1,0
15.215496388,1,1
15.315458052,1,0
15.315459384,0,0
15.315489414,1,0
15.315489590,1,1
15.415451582,1,0
15.415451904,0,0
15.415483002,1,0
15.415483130,1,1
15.515442828,0,1
15.515445160,0,0
15.515476244,1,0
15.515476808,1,1
15.615438634,0,1
15.615438870,0,0
15.615469774,1,0
15.615470278,1,1
15.715432252,1,0
15.715436156,0,0
15.715463134,1,0
15.715463478,1,1
15.815422790,1,0
15.815425934,0,0
15.815456624,1,0
15.815457060,1,1
15.915418784,0,1
15.915419012,0,0
15.915449914,1,0
15.915450160,1,1
16.015412392,1,0
16.015412524,0,0
16.015443424,1,0
16.015443622,1,1
16.115403648,0,1
16.115406050,0,0
16.115436754,1,0
16.115437110,1,1
16.215399254,0,1
16.215399280,0,0
16.215430144,1,0
16.215430738,1,1
16.315392812,1,0
16.315392874,0,0
16.315423484,1,0
16.315423938,1,1
16.415386182,1,0
16.415386274,0,0
16.415417204,1,0
16.415417330,1,1
16.515379562,1,0
16.515379672,0,0
16.515410564,1,0
16.515411010,1,1
16.615373002,0,1
16.615374658,0,0
16.615403922,1,0
16.615404450,1,1
16.715366408,1,0
16.715366572,0,0
16.715397462,1,0
16.715397938,1,1
16.815360162,0,1
16.815360308,0,0
16.815391182,1,0
16.815391306,1,1
16.915352858,1,0
16.915354102,0,0
16.915384372,1,0
16.915384706,1,1
17.015346820,1,0
17.015346910,0,0
17.015377988,0,1
17.015378040,1,1
17.115340210,1,0
17.115340410,0,0
17.115370970,1,0
17.115371448,1,1
17.215333600,0,1
17.215334196,0,0
17.215364740,1,0
17.215365186,1,1
17.315327096,1,0
17.315327288,0,0
17.315357898,1,0
17.315358324,1,1
17.415320524,1,0
17.415320638,0,0
17.415351488,1,0
17.415351762,1,1
17.515313298,0,1
17.515313986,0,0
17.515344938,1,0
17.515345614,1,1
17.615307486,1,0
17.615308316,0,0
17.615338346,1,0
17.615338604,1,1
17.715300886,1,0
17.715300964,0,0
17.715331876,1,0
17.715332034,1,1
17.815294582,1,0
17.815294664,0,0
17.815325334,1,0
17.815325922,1,1
17.915287970,1,0
17.915288442,0,0
17.915318714,1,0
17.915319060,1,1
18.015281170,1,0
18.015281232,0,0
18.015312142,1,0
18.015312408,1,1
18.115274650,1,0
18.115274760,0,0
18.115305412,1,0
18.115305808,1,1
18.215268250,1,0
18.215268308,0,0
18.215298810,1,0
18.215299488,1,1
18.315261380,1,0
18.315261748,0,0
18.315292348,1,0
18.315292608,1,1
18.415254806,1,0
18.415255446,0,0
18.415285718,1,0
18.415286296,1,1
18.515245628,0,1
18.515248334,0,0
18.515279584,1,0
18.515279982,1,1
18.615241934,0,1
18.615242484,0,0
18.615273064,1,0
18.615273150,1,1
18.715235144,1,0
18.715235472,0,0
18.715266062,1,0
18.715266610,1,1
18.815228834,1,0
18.815229150,0,0
18.815259822,1,0
18.815260132,1,1
18.915221982,1,0
18.915223620,0,0
18.915253200,1,0
18.915253470,1,1
19.015216126,1,0
19.015217120,0,0
19.015246588,1,0
19.015246618,1,1
19.115209116,1,0
19.115212478,0,0
19.115239778,1,0
19.115240244,1,1
19.215202504,0,1
19.215202674,0,0
19.215233684,1,0
19.215233772,1,1
19.315195814,1,0
19.315198976,0,0
19.315226992,1,0
19.315227432,1,1
19.415189214,1,0
19.415189440,0,0
19.415220242,1,0
19.415220672,1,1
19.515180922,0,1
19.515181472,0,0
19.515214028,1,0
19.515214140,1,1
19.615176246,1,0
19.615176268,0,0
19.615207356,0,1
19.615207388,1,1
19.715169146,0,1
19.715169534,0,0
19.715200386,1,0
19.715200684,1,1
19.815163946,1,0
19.815165486,0,0
19.815194214,1,0
19.815194580,1,1
19.915156382,1,0
19.915159064,0,0
19.915187342,1,0
19.915187850,1,1
20.015149872,1,0
20.015150268,0,0
20.015180850,1,0
20.015181530,1,1
20.115143278,1,0
20.115143538,0,0
20.115174438,1,0
20.115174758,1,1
20.215137004,1,0
20.215137174,0,0
20.215167846,1,0
20.215168304,1,1
20.315130482,1,0
20.315130672,0,0
20.315161254,1,0
20.315161390,1,1
20.415123780,1,0
20.415124050,0,0
20.415154542,1,0
20.415155008,1,1
20.515114892,0,1
20.515117030,0,0
20.515148218,1,0
20.515148978,1,1
20.615110598,1,0
20.615111526,0,0
20.615141426,1,0
20.615141726,1,1
20.715103286,0,1
20.715103994,0,0
20.715134844,1,0
20.715135154,1,1
20.815098442,0,1
20.815099522,0,0
20.815128452,1,0
20.815130940,1,1
20.915092710,0,1
20.915097740,0,0
20.915121670,1,0
20.915128576,1,1
21.015084656,0,1
21.015095406,0,0
21.015115426,1,0
21.015126834,1,1
21.115078024,0,1
21.115093604,0,0
21.115108834,1,0
21.115124740,1,1
21.215074684,0,1
21.215091802,0,0
21.215102392,1,0
21.215122908,1,1
21.315065318,0,1
21.315089838,0,0
21.315095550,1,0
21.315121066,1,1
21.415058206,0,1
21.415088154,0,0
21.415089336,1,0
21.415119294,1,1
21.515051254,0,1
21.515082494,1,1
21.515086062,1,0
21.515117470,1,1
21.615045170,0,1
21.615075772,1,1
21.615087838,1,0
21.615115438,1,1
21.715038708,0,1
21.715069308,1,1
21.715082344,1,0
21.715113574,1,1
21.815033748,0,1
21.815062756,1,1
21.815084912,1,0
21.815116210,1,1
21.915025522,0,1
21.915056332,1,1
21.915094356,1,0
21.915125576,1,1
22.015018790,0,1
22.015049720,1,1
22.015103910,1,0
22.015135130,1,1
22.115012186,0,1
22.115043086,1,1
22.115113536,1,0
22.115144994,1,1
22.215005904,0,1
22.215036504,1,1
22.215123414,1,0
22.215154722,1,1
22.314999180,0,1
22.315029792,1,1
22.315132800,1,0
22.315164038,1,1
22.414992648,0,1
22.415023518,1,1
22.415142374,1,0
22.415173614,1,1
22.514984718,0,1
22.515016934,1,1
22.515152058,1,0
22.515183686,1,1
22.614981064,0,1
22.615010342,1,1
22.615161624,1,0
22.615193052,1,1
22.714972878,0,1
22.715003788,1,1
22.715171282,1,0
22.715202408,1,1
22.814966606,0,1
22.814997086,1,1
22.815176706,1,0
22.815208156,1,1
22.914959912,0,1
22.914990512,1,1
22.915175072,1,0
22.915206210,1,1
23.014953428,0,1
23.014983990,1,1
23.015173178,1,0
23.015204626,1,1
23.114950618,0,1
23.114977276,1,1
23.115171664,1,0
23.115202892,1,1
23.214941714,0,1
23.214971072,1,1
23.215169990,1,0
23.215201308,1,1
23.314933360,0,1
23.314964310,1,1
23.315168226,1,0
23.315199344,1,1
23.414926886,0,1
23.414957806,1,1
23.415166434,1,0
23.415197970,1,1
23.514920822,0,1
23.514951112,1,1
23.515165870,1,0
23.515196166,1,1
23.614913660,0,1
23.614944620,1,1
23.615162956,1,0
23.615194504,1,1
23.714907266,0,1
23.714937856,1,1
23.715161402,1,0
23.715192630,1,1
23.814902114,0,1
23.814931802,1,1
23.815152206,1,0
23.815183324,1,1
23.914894648,0,1
23.914924940,1,1
23.915129206,1,0
23.915160342,1,1
24.014887644,0,1
24.014918236,1,1
24.015106364,1,0
24.015137780,1,1
24.114880972,0,1
24.114911902,1,1
24.115083520,1,0
24.115114678,1,1
24.214874568,0,1
24.214905378,1,1
24.215060716,1,0
24.215092026,1,1
24.314868254,0,1
24.314898524,1,1
24.315038002,1,0
24.315069112,1,1
24.414861530,0,1
24.414892180,1,1
24.415015418,1,0
24.415046218,1,1
24.514853548,0,1
24.514885438,1,1
24.514992576,1,0
24.515023354,1,1
24.614848112,0,1
24.614879052,1,1
24.614969814,1,0
24.615000712,1,1
24.714842760,0,1
24.714872410,1,1
24.714947884,1,0
24.714977880,1,1
24.814835086,0,1
24.814866106,1,1
24.814925230,1,0
24.814956538,1,1
24.914829232,0,1
24.914859132,1,1
24.914905908,1,0
24.914937054,1,1
25.014821958,0,1
25.014852798,1,1
25.014886802,1,0
25.014918160,1,1
25.114816954,0,1
25.114846234,1,1
25.114867738,1,0
25.114899196,1,1
25.214809240,0,1
25.214839610,1,1
25.214848904,1,0
25.214880024,1,1
25.314802206,0,1
25.314829862,0,0
25.314833146,1,0
25.314861002,1,1
25.414797112,0,1
25.414810500,0,0
25.414826512,1,0
25.414841718,1,1
25.514787240,0,1
25.514791966,0,0
25.514819828,1,0
25.514822924,1,1
25.614772292,1,0
25.614784094,0,0
25.614803708,0,1
25.614813554,1,1
25.714753266,1,0
25.714776108,0,0
25.714784514,0,1
25.714806750,1,1
25.814737636,1,0
25.814768604,1,1
25.814771948,0,1
25.814800354,1,1
25.914725710,1,0
25.914756890,1,1
25.914762890,0,1
25.914793480,1,1
26.014714624,1,0
26.014745862,1,1
26.014756206,0,1
26.014787126,1,1
26.114703582,1,0
26.114734758,1,1
26.114752874,0,1
26.114780502,1,1
26.214692198,1,0
26.214723416,1,1
26.214743398,0,1
26.214773958,1,1
26.314681070,1,0
26.314712310,1,1
26.314736592,0,1
26.314767532,1,1
26.414669858,1,0
26.414701074,1,1
26.414729868,0,1
26.414760808,1,1
26.514658246,1,0
26.514690244,1,1
26.514721078,0,1
26.514754164,1,1
26.614647428,1,0
26.614679056,1,1
26.614716770,0,1
26.614747730,1,1
26.714636262,1,0
26.714667740,1,1
26.714710304,0,1
26.714741244,1,1
26.814627188,1,0
26.814658498,1,1
26.814705062,0,1
26.814734770,1,1
26.914620852,1,0
26.914652500,1,1
26.914697144,0,1
26.914728046,1,1
27.014614890,1,0
27.014646376,1,1
27.014690690,0,1
27.014721292,1,1
27.114609064,1,0
27.114640294,1,1
27.114684016,0,1
27.114714926,1,1
27.214603048,1,0
27.214634196,1,1
27.214678010,0,1
27.214708450,1,1
27.314597112,1,0
27.314628220,1,1
27.314675208,0,1
27.314701756,1,1
27.414591140,1,0
27.414622366,1,1
27.414664242,0,1
27.414695360,1,1
27.514585032,1,0
27.514616372,1,1
27.514654328,0,1
27.514688736,1,1
27.614579066,1,0
27.614610284,1,1
27.614651430,0,1
27.614682042,1,1
27.714575012,1,0
27.714604660,1,1
27.714645036,0,1
27.714675486,1,1
27.814567908,1,0
27.814599226,1,1
27.814638420,0,1
27.814669110,1,1
27.914563842,1,0
27.914594958,1,1
27.914633888,0,1
27.914662406,1,1
28.014559504,1,0
28.014590942,1,1
28.014624920,0,1
28.014655860,1,1
28.114555490,1,0
28.114586660,1,1
28.114618456,0,1
28.114649066,1,1
28.214551664,1,0
28.214582982,1,1
28.214612020,0,1
28.214642700,1,1
28.314547466,1,0
28.314578596,1,1
28.314605504,0,1
28.314636196,1,1
28.414543484,1,0
28.414574712,1,1
28.414598590,0,1
28.414629430,1,1
28.514540328,1,0
28.514570634,1,1
28.514591556,0,1
28.514623304,1,1
28.614535090,1,0
28.614566750,1,1
28.614588752,0,1
28.614616360,1,1
28.714535494,1,0
28.714562304,1,1
28.714582906,0,1
28.714610044,1,1
28.814527248,1,0
28.814558556,1,1
28.814572638,0,1
28.814603318,1,1
28.914522704,1,0
28.914554162,1,1
28.914565902,0,1
28.914596842,1,1
29.014518658,1,0
29.014549814,1,1
29.014559616,0,1
29.014590168,1,1
29.114514400,1,0
29.114545880,1,1
29.114552792,0,1
29.114583682,1,1
29.214510606,1,0
29.214541744,1,1
29.214546876,0,1
29.214577256,1,1
29.314506168,1,0
29.314537276,1,1
29.314541032,0,1
29.314570280,1,1
29.414502212,1,0
29.414533294,0,0
29.414533342,0,1
29.414563744,1,1
29.514497828,1,0
29.514525232,0,0
29.514529956,0,1
29.514557330,1,1
29.614494380,1,0
29.614521044,0,0
29.614524948,0,1
29.614550684,1,1
29.714490064,1,0
29.714513356,0,0
29.714520844,0,1
29.714544278,1,1
29.814486090,1,0
29.814507892,0,0
29.814516554,0,1
29.814537910,1,1
29.914480072,1,0
29.914502528,0,0
29.914511212,0,1
29.914531156,1,1
30.014475084,1,0
30.014493840,0,0
30.014506222,0,1
30.014524400,1,1
30.114470290,1,0
30.114487094,0,0
30.114501400,0,1
30.114517964,1,1
30.214465302,1,0
30.214477850,0,0
30.214496440,0,1
30.214511468,1,1
30.314460118,1,0
30.314475162,0,0
30.314491426,0,1
30.314504832,1,1
30.414457132,1,0
30.414467506,0,0
30.414486368,0,1
30.414498536,1,1
30.514450246,1,0
30.514463272,0,0
30.514481484,0,1
30.514492360,1,1
30.614445196,1,0
30.614454264,0,0
30.614476514,0,1
30.614485194,1,1
30.714439992,1,0
30.714448098,0,0
30.714471410,0,1
30.714478378,1,1
30.814437354,1,0
30.814441082,0,0
30.814466024,0,1
30.814472112,1,1
30.914428766,1,0
30.914433776,0,0
30.914460244,0,1
30.914465326,1,1
31.014423044,1,0
31.014431212,0,0
31.014454280,0,1
31.014458840,1,1
31.114417106,1,0
31.114421452,0,0
31.114448614,0,1
31.114452364,1,1
31.214411628,1,0
31.214415156,0,0
31.214442726,0,1
31.214445858,1,1
31.314405482,1,0
31.314408440,0,0
31.314436730,0,1
31.314439042,1,1
31.414399546,1,0
31.414401934,0,0
31.414431036,0,1
31.414432544,1,1
31.514393420,0,1
31.514393826,0,0
31.514425436,0,1
31.514425870,1,1
31.614387912,1,0
31.614388542,0,0
31.614419320,0,1
31.614419452,1,1
31.714382126,1,0
31.714382336,0,0
31.714412926,1,0
31.714413304,1,1
31.814375628,0,1
31.814379360,0,0
31.814406320,1,0
31.814407706,1,1
31.914368872,0,1
31.914369780,0,0
31.914399704,1,0
31.914400988,1,1
32.014362916,0,1
32.014363496,0,0
32.014393186,1,0
32.014394712,1,1
32.114356850,0,1
32.114357110,0,0
32.114386700,1,0
32.114388328,1,1
32.214349134,0,1
32.214350842,0,0
32.214379974,1,0
32.214382262,1,1
32.314342716,0,1
32.314344804,0,0
32.314373318,1,0
32.314375882,1,1
32.414336030,0,1
32.414338166,0,0
32.414366950,1,0
32.414369584,1,1
32.514329174,0,1
32.514331822,0,0
32.514360654,1,0
32.514363470,1,1
32.614323316,0,1
32.614325756,0,0
32.614353598,1,0
32.614356994,1,1
32.714316350,0,1
32.714319926,0,0
32.714347302,1,0
32.714350576,1,1
32.814309594,0,1
32.814316590,0,0
32.814340944,1,0
32.814344078,1,1
32.914305100,0,1
32.914306152,0,0
32.914334048,1,0
32.914337660,1,1
33.014296690,0,1
33.014299636,0,0
33.014327502,1,0
33.014330884,1,1
33.114290044,0,1
33.114293122,0,0
33.114320984,1,0
33.114324328,1,1
33.214283688,0,1
33.214287022,0,0
33.214314278,1,0
33.214317792,1,1
33.314276852,0,1
33.314280234,0,0
33.314307812,1,0
33.314311464,1,1
33.414270724,0,1
33.414273676,0,0
33.414301294,1,0
33.414304846,1,1
33.514263638,0,1
33.514266540,0,0
33.514294798,1,0
33.514298548,1,1
33.614258010,0,1
33.614260406,0,0
33.614287942,1,0
33.614291622,1,1
33.714252418,1,0
33.714263786,0,0
33.714281374,1,0
33.714284956,1,1
33.814244608,0,1
33.814247390,0,0
33.814275286,1,0
33.814278530,1,1
33.914237740,0,1
33.914254984,0,0
33.914268350,1,0
33.914272150,1,1
34.014230964,0,1
34.014234214,0,0
34.014261774,1,0
34.014265512,1,1
34.114224416,0,1
34.114224480,0,0
34.114255346,1,0
34.114258896,1,1
34.214218170,0,1
34.214221284,0,0
34.214248870,1,0
34.214252050,1,1
34.314213906,0,1
34.314214006,0,0
34.314242272,1,0
34.314245314,1,1
34.414204926,0,1
34.414207448,0,0
34.414235536,1,0
34.414238558,1,1
34.514196980,0,1
34.514200620,0,0
34.514228868,1,0
34.514231730,1,1
34.614193392,0,1
34.614194782,0,0
34.614222322,1,0
34.614225240,1,1
34.714184974,0,1
34.714188276,0,0
34.714215894,1,0
34.714218412,1,1
34.814179338,0,1
34.814180918,0,0
34.814209368,1,0
34.814212216,1,1
34.914171970,0,1
34.914173892,0,0
34.914202570,1,0
34.914205120,1,1
35.014167316,1,0
35.014168566,0,0
35.014196082,1,0
35.014198504,1,1
35.114158866,0,1
35.114160766,0,0
35.114189476,1,0
35.114191666,1,1
35.214153480,0,1
35.214154238,0,0
35.214183158,1,0
35.214185138,1,1
35.314145830,0,1
35.314147120,0,0
35.314176432,1,0
35.314178348,1,1
35.414138954,0,1
35.414140462,0,0
35.414169864,1,0
35.414171620,1,1
35.514131286,1,0
35.514132116,0,0
35.514163236,1,0
35.514165324,1,1
35.614127050,1,0
35.614127060,0,0
35.614156720,1,0
35.614158518,1,1
35.714119292,0,1
35.714120362,0,0
35.714150122,1,0
35.714151590,1,1
35.814113974,1,0
35.814114906,0,0
35.814143614,1,0
35.814145304,1,1
35.914106996,0,1
35.914109166,0,0
35.914137336,1,0
35.914138374,1,1
36.014100516,1,0
36.014103172,0,0
36.014130650,1,0
36.014131656,1,1
36.114093092,0,1
36.114093860,0,0
36.114123712,1,0
36.114124978,1,1
36.214086384,0,1
36.214089084,0,0
36.214117284,1,0
36.214118320,1,1
36.314079866,0,1
36.314080558,0,0
36.314110996,1,0
36.314111764,1,1
36.414071012,0,1
36.414073838,0,0
36.414104220,1,0
36.414104988,1,1
36.514066672,0,1
36.514067160,0,0
36.514097822,1,0
36.514098628,1,1
36.614056426,0,1
36.614060600,0,0
36.614090964,1,0
36.614091910,1,1
36.714054012,1,0
36.714055538,0,0
36.714084476,1,0
36.714085590,1,1
36.814047658,0,1
36.814048178,0,0
36.814078020,1,0
36.814078824,1,1
36.914040470,0,1
36.914040840,0,0
36.914071392,1,0
36.914071946,1,1
37.014033944,0,1
37.014035060,0,0
37.014064854,1,0
37.014065610,1,1
37.114026926,0,1
37.114027622,0,0
37.114058156,1,0
37.114058790,1,1
37.214021078,0,1
37.214021272,0,0
37.214051678,1,0
37.214052372,1,1
37.314014270,0,1
37.314014374,0,0
37.314045180,1,0
37.314045572,1,1
37.414007862,0,1
37.414008660,0,0
37.414038362,1,0
37.414039426,1,1
37.514000226,0,1
37.514001970,0,0
37.514031984,1,0
37.514033250,1,1
37.613994852,1,0
37.613995846,0,0
37.614025436,1,0
37.614026262,1,1
37.713987968,0,1
37.713988132,0,0
37.714018908,1,0
37.714019552,1,1
37.813979194,0,1
37.813981752,0,0
37.814012310,1,0
37.814012862,1,1
37.913974926,1,0
37.913976074,0,0
37.914005702,1,0
37.914006412,1,1
38.013968428,1,0
38.013969396,0,0
38.013999036,1,0
38.013999566,1,1
38.113961932,1,0
38.113963918,0,0
38.113992508,1,0
38.113993148,1,1
38.213955382,1,0
38.213955630,0,0
38.213985928,1,0
38.213986612,1,1
38.313948540,0,1
38.313950842,0,0
38.313979452,1,0
38.313980062,1,1
38.413942354,1,0
38.413943564,0,0
38.413972734,1,0
38.413973572,1,1
38.513934696,0,1
38.513935536,0,0
38.513966156,1,0
38.513966982,1,1
38.613928576,0,1
38.613929138,0,0
38.613959706,1,0
38.613960436,1,1
38.713922108,0,1
38.713922530,0,0
38.713953018,1,0
38.713953838,1,1
38.813916022,1,0
38.813917182,0,0
38.813946860,1,0
38.813947330,1,1
38.913908762,0,1
38.913909290,0,0
38.913940032,1,0
38.913940440,1,1
39.013902692,1,0
39.013902804,0,0
39.013933404,1,0
39.013933860,1,1
39.113895986,0,1
39.113896094,0,0
39.113926856,1,0
39.113927552,1,1
39.213889758,1,0
39.213890218,0,0
39.213920268,1,0
39.213920974,1,1
39.313883598,1,0
39.313884010,0,0
39.313913600,1,0
39.313914378,1,1
39.413876250,0,1
39.413876528,0,0
39.413907162,1,0
39.413907698,1,1
39.513869262,0,1
39.513869998,0,0
39.513900532,1,0
39.513901098,1,1
39.613863294,0,1
39.613863410,0,0
39.613893904,1,0
39.613894638,1,1
39.713856644,0,1
39.713856892,0,0
39.713887266,1,0
39.713888140,1,1
39.813851464,1,0
39.813854048,0,0
39.813881096,1,0
39.813881792,1,1
39.913845360,0,1
39.913846674,0,0
39.913874308,1,0
39.913875144,1,1
40.013837106,1,0
40.013838110,0,0
40.013867710,1,0
40.013868286,1,1
40.113830614,1,0
40.113830770,0,0
40.113861012,1,0
40.113861734,1,1
40.213824006,1,0
40.213824082,0,0
40.213854772,1,0
40.213855124,1,1
40.313817478,1,0
40.313821176,0,0
40.313848024,1,0
40.313848716,1,1
40.413812768,0,1
40.413813298,0,0
40.413841356,1,0
40.413842148,1,1
40.513803856,0,1
40.513834698,1,1
40.513872948,1,0
40.513873836,1,1
40.613797832,1,0
40.613799070,0,0
40.613828518,1,0
40.613829050,1,1
40.713791670,0,1
40.713792482,0,0
40.713821620,1,0
40.713822380,1,1
40.813784902,1,0
40.813786302,0,0
40.813815352,1,0
40.813816010,1,1
40.913777602,0,1
40.913777984,0,0
40.913808524,1,0
40.913809172,1,1
41.013767194,0,1
41.013772546,0,0
41.013802144,1,0
41.013803354,1,1
41.113764574,0,1
41.113764768,0,0
41.113795714,1,0
41.113795976,1,1
41.213758256,1,0
41.213758286,0,0
41.213788966,1,0
41.213789476,1,1
41.313751508,0,1
41.313751576,0,0
41.313782398,1,0
41.313782796,1,1
41.413745276,1,0
41.413745960,0,0
41.413775790,1,0
41.413776174,1,1
41.513735232,0,1
41.513738518,0,0
41.513769100,1,0
41.513769836,1,1
41.613731752,0,1
41.613731840,0,0
41.613762682,1,0
41.613763038,1,1
41.713725242,1,0
41.713725312,0,0
41.713756222,1,0
41.713756690,1,1
41.813716946,0,1
41.813718910,0,0
41.813749614,1,0
41.813750238,1,1
41.913712164,0,1
41.913712778,0,0
41.913743054,1,0
41.913743778,1,1
42.013705510,1,0
42.013705816,0,0
42.013736426,1,0
42.013736738,1,1
42.113699016,0,1
42.113699032,0,0
42.113729618,1,0
42.113730198,1,1
42.213692674,1,0
42.213693028,0,0
42.213723348,1,0
42.213723932,1,1
42.313686018,0,1
42.313688852,0,0
42.313716700,1,0
42.313717202,1,1
42.413679850,0,1
42.413681082,0,0
42.413710010,1,0
42.413710672,1,1
42.513672660,0,1
42.513672862,0,0
42.513703670,1,0
42.513704180,1,1
42.613666152,0,1
42.613666594,0,0
42.613697042,1,0
42.613697680,1,1
42.713659662,0,1
42.713661954,0,0
42.713690244,1,0
42.713690752,1,1
42.813653146,1,0
42.813655736,0,0
42.813683914,1,0
42.813684264,1,1
42.913646424,0,1
42.913646476,0,0
42.913677294,1,0
42.913677624,1,1
43.013639814,1,0
43.013639974,0,0
43.013670606,1,0
43.013671004,1,1
43.113633152,1,0
43.113633346,0,0
43.113663966,1,0
43.113664312,1,1
43.213626896,0,1
43.213626924,0,0
43.213657596,1,0
43.213658222,1,1
43.313620236,1,0
43.313621930,0,0
43.313650998,1,0
43.313651462,1,1
43.413613438,1,0
43.413613888,0,0
43.413644500,1,0
43.413644634,1,1
43.513606586,1,0
43.513606970,0,0
43.513638090,1,0
43.513638246,1,1
43.613600420,0,1
43.613600454,0,0
43.613631540,1,0
43.613631674,1,1
43.713595972,0,1
43.713596086,0,0
43.713624572,1,0
43.713625482,1,1
43.813587284,1,0
43.813590664,0,0
43.813618352,1,0
43.813618602,1,1
43.913580886,1,0
43.913582114,0,0
43.913611592,1,0
43.913612294,1,1
44.013574062,0,1
44.013577484,0,0
44.013604984,1,0
44.013605334,1,1
44.113567496,1,0
44.113567644,0,0
44.113598244,1,0
44.113598964,1,1
44.213561044,1,0
44.213561274,0,0
44.213591844,1,0
44.213592364,1,1
44.313554484,1,0
44.313554504,0,0
44.313585394,1,0
44.313585712,1,1
44.413547144,1,0
44.413547874,0,0
44.413578726,1,0
44.413579152,1,1
44.513541146,0,1
44.513542916,0,0
44.513572246,1,0
44.513572602,1,1
44.613534676,1,0
44.613534866,0,0
44.613565456,1,0
44.613566124,1,1
44.713528124,1,0
44.713528386,0,0
44.713559026,1,0
44.713559354,1,1
44.813522602,1,0
44.813523128,0,0
44.813552516,1,0
44.813552912,1,1
44.913515782,1,0
44.913515878,0,0
44.913545728,1,0
44.913546340,1,1
45.013508438,0,1
45.013508442,0,0
45.013539238,1,0
45.013539600,1,1
45.113501774,1,0
45.113501918,0,0
45.113532788,1,0
45.113533432,1,1
45.213495518,0,1
45.213497820,0,0
45.213526198,1,0
45.213526822,1,1
45.313489230,1,0
45.313489448,0,0
45.313519768,1,0
45.313520202,1,1
45.413482028,0,1
45.413482070,0,0
45.413512988,1,0
45.413513280,1,1
45.513475450,1,0
45.513475618,0,0
45.513506738,1,0
45.513507068,1,1
45.613468830,1,0
45.613469008,0,0
45.613499958,1,0
45.613500488,1,1
45.713462542,1,0
45.713463520,0,0
45.713493330,1,0
45.713493768,1,1
45.813455680,0,1
45.813456080,0,0
45.813486988,1,0
45.813487390,1,1
45.913449708,0,1
45.913450198,0,0
45.913479990,1,0
45.913480438,1,1
46.013442676,1,0
46.013442758,0,0
46.013473836,0,1
46.013473878,1,1
46.113436066,1,0
46.113436248,0,0
46.113467284,0,1
46.113467488,1,1
46.213429468,1,0
46.213429868,0,0
46.213460560,1,0
46.213460694,1,1
46.313423048,1,0
46.313423178,0,0
46.313453770,1,0
46.313454264,1,1
46.413416326,1,0
46.413416568,0,0
46.413447160,1,0
46.413447516,1,1
46.513409540,0,1
46.513409904,0,0
46.513440988,1,0
46.513441374,1,1
46.613403302,1,0
46.613403338,0,0
46.613434432,0,1
46.613434478,1,1
46.713396692,1,0
46.713396758,0,0
46.713427718,1,0
46.713427820,1,1
46.813389762,1,0
46.813390648,0,0
46.813421348,1,0
46.813421710,1,1
46.913383598,0,1
46.913383894,0,0
46.913414658,1,0
46.913414700,1,1
47.013377012,1,0
47.013377148,0,0
47.013407730,1,0
47.013408450,1,1
47.113370778,1,0
47.113370808,0,0
47.113401418,1,0
47.113401678,1,1
47.213363598,0,1
47.213365880,0,0
47.213394958,1,0
47.213395036,1,1
47.313357318,1,0
47.313361300,0,0
47.313388258,1,0
47.313388534,1,1
47.413350578,1,0
47.413350708,0,0
47.413381608,1,0
47.413381794,1,1
47.513342920,0,1
47.513344098,0,0
47.513375138,1,0
47.513375886,1,1
47.613337616,0,1
47.613341196,0,0
47.613368558,1,0
47.613368984,1,1
47.713330992,1,0
47.713331266,0,0
47.713361888,1,0
47.713362232,1,1
47.813324350,1,0
47.813325576,0,0
47.813355656,1,0
47.813355810,1,1
47.913317830,1,0
47.913318266,0,0
47.913348886,1,0
47.913349048,1,1
48.013311326,0,1
48.013313210,0,0
48.013342206,1,0
48.013342458,1,1
48.113304630,1,0
48.113304796,0,0
48.113335736,1,0
48.113335788,1,1
48.213298086,0,1
48.213298338,0,0
48.213329196,1,0
48.213329248,1,1
48.313291694,0,1
48.313291796,0,0
48.313322594,1,0
48.313323574,1,1
48.413284904,1,0
48.413285264,0,0
48.413315744,1,0
48.413316042,1,1
48.513278444,0,1
48.513279124,0,0
48.513309514,1,0
48.513309780,1,1
48.613271914,1,0
48.613272704,0,0
48.613302844,1,0
48.613303142,1,1
48.713265144,1,0
48.713265452,0,0
48.713296024,1,0
48.713296352,1,1
48.813258374,0,1
48.813261910,0,0
48.813289544,1,0
48.813290030,1,1
48.913252008,1,0
48.913252382,0,0
48.913283132,1,0
48.913283238,1,1
49.013245496,1,0
49.013245942,0,0
49.013276442,1,0
49.013276714,1,1
49.113238906,1,0
49.113239040,0,0
49.113269982,1,0
49.113270052,1,1
49.213232106,1,0
49.213232800,0,0
49.213263480,1,0
49.213263872,1,1
49.313226064,1,0
49.313228152,0,0
49.313256830,1,0
49.313257374,1,1
49.413219392,1,0
49.413220820,0,0
49.413250110,1,0
49.413250612,1,1
49.513212330,0,1
49.513212530,0,0
49.513243778,1,0
49.513244188,1,1
49.613206998,1,0
49.613209590,0,0
49.613237188,1,0
49.613237646,1,1
49.713199516,1,0
49.713199618,0,0
49.713230538,1,0
49.713231014,1,1
49.813193496,0,1
49.813195994,0,0
49.813224216,1,0
49.813224644,1,1
49.913186056,0,1
49.913187064,0,0
49.913217326,1,0
49.913217844,1,1
50.013179602,1,0
50.013180236,0,0
50.013210726,1,0
50.013211142,1,1
50.113173320,1,0
50.113173354,0,0
50.113204186,1,0
50.113204478,1,1
50.213167218,1,0
50.213168294,0,0
50.213197694,1,0
50.213198106,1,1
50.313160068,1,0
50.313160462,0,0
50.313191074,1,0
50.313191284,1,1
50.413153582,0,1
50.413155884,0,0
50.413184702,1,0
50.413184744,1,1
50.513145314,0,1
50.513147574,0,0
50.513177872,1,0
50.513178574,1,1
50.613140540,0,1
50.613141530,0,0
50.613171670,1,0
50.613171762,1,1
50.713133860,0,1
50.713133870,0,0
50.713164820,1,0
50.713164988,1,1
50.813127858,0,0
50.813158558,1,0
50.813158966,1,1
50.913120968,1,0
50.913122780,0,0
50.913151918,1,0
50.913152084,1,1
51.013114358,1,0
51.013114446,0,0
51.013144948,1,0
51.013145484,1,1
51.113107744,1,0
51.113107886,0,0
51.113138476,1,0
51.113138884,1,1
51.213101220,1,0
51.213101264,0,0
51.213132086,1,0
51.213132550,1,1
51.313094548,1,0
51.313095024,0,0
51.313125314,1,0
51.313125778,1,1
51.413088038,1,0
51.413089916,0,0
51.413119032,1,0
51.413119184,1,1
51.513078926,1,0
51.513082572,0,0
51.513112362,1,0
51.513112984,1,1
51.613074790,0,1
51.613075036,0,0
51.613105710,1,0
51.613106444,1,1
51.713068164,1,0
51.713068240,0,0
51.713099140,1,0
51.713099632,1,1
51.813061938,0,1
51.813062048,0,0
51.813092628,1,0
51.813093318,1,1
51.913055098,0,1
51.913057300,0,0
51.913086048,1,0
51.913086556,1,1
52.013048616,1,0
52.013048876,0,0
52.013079466,1,0
52.013079734,1,1
52.113041914,0,1
52.113041986,0,0
52.113072826,1,0
52.113073202,1,1
52.213035444,1,0
52.213035534,0,0
52.213066534,1,0
52.213067092,1,1
52.313028832,0,1
52.313028842,0,0
52.313059762,1,0
52.313060050,1,1
52.413022476,1,0
52.413022480,0,0
52.413053180,1,0
52.413053766,1,1
52.513014402,0,1
52.513016286,0,0
52.513046610,1,0
52.513047124,1,1
52.613009158,0,1
52.613009364,0,0
52.613040088,1,0
52.613040642,1,1
52.713002524,1,0
52.713002606,0,0
52.713033498,1,0
52.713033980,1,1
52.812996192,1,0
52.812996666,0,0
52.813027056,1,0
52.813027510,1,1
52.912989384,0,1
52.912989388,0,0
52.913020294,1,0
52.913020558,1,1
53.012982714,0,1
53.012982884,0,0
53.013013684,1,0
53.013014324,1,1
53.112976312,0,1
53.112976422,0,0
53.113006932,1,0
53.113007640,1,1
53.212969942,1,0
53.212970780,0,0
53.213000800,1,0
53.213001168,1,1
53.312963112,1,0
53.312963580,0,0
53.312993840,1,0
53.312994338,1,1
53.412956468,0,1
53.412956588,0,0
53.412987408,1,0
53.412987758,1,1
53.512947970,0,1
53.512950594,0,0
53.512981046,1,0
53.512981594,1,1
53.612944014,0,1
53.612944752,0,0
53.612974244,1,0
53.612974860,1,1
53.712937270,1,0
53.712938854,0,0
53.712967504,1,0
53.712968758,1,1
53.812927238,1,0
53.812930442,0,0
53.812961122,1,0
53.812961846,1,1
53.912923690,0,1
53.912925266,0,0
53.912954290,1,0
53.912955114,1,1
54.012917128,0,1
54.012917224,0,0
54.012947958,1,0
54.012948464,1,1
54.112910446,0,1
54.112910610,0,0
54.112941586,1,0
54.112941830,1,1
54.212903986,1,0
54.212904144,0,0
54.212934936,1,0
54.212935436,1,1
54.312897354,0,1
54.312897404,0,0
54.312928274,1,0
54.312928852,1,1
54.412890794,1,0
54.412892654,0,0
54.412921742,1,0
54.412922020,1,1
54.512883392,1,0
54.512884200,0,0
54.512915150,1,0
54.512915680,1,1
54.612877660,1,0
54.612877698,0,0
54.612908498,1,0
54.612909108,1,1
54.712871236,0,1
54.712871246,0,0
54.712901866,1,0
54.712902466,1,1
54.812865726,0,1
54.812867246,0,0
54.812895454,1,0
54.812895902,1,1
54.912857990,1,0
54.912857992,0,0
54.912888574,1,0
54.912889418,1,1
55.012851390,1,0
55.012851590,0,0
55.012882380,1,0
55.012882626,1,1
55.112844788,1,0
55.112844920,0,0
55.112875560,1,0
55.112876006,1,1
55.212838454,1,0
55.212838606,0,0
55.212869306,1,0
55.212869594,1,1
55.312831736,0,1
55.312831960,0,0
55.312862356,1,0
55.312863090,1,1
55.412825328,1,0
55.412826956,0,0
55.412855874,1,0
55.412856536,1,1
55.512816856,1,0
55.512816894,0,0
55.512849332,1,0
55.512849952,1,1
55.612810502,1,0
55.612812200,0,0
55.612842850,1,0
55.612843252,1,1
55.712805252,1,0
55.712805438,0,0
55.712836048,1,0
55.712836750,1,1
55.812799038,1,0
55.812801008,0,0
55.812829746,1,0
55.812830368,1,1
55.912792194,1,0
55.912792234,0,0
55.912823184,1,0
55.912823344,1,1
56.012785612,0,1
56.012785750,0,0
56.012816562,1,0
56.012816870,1,1
56.112778990,1,0
56.112782492,0,0
56.112809830,1,0
56.112810156,1,1
56.212772498,1,0
56.212774590,0,0
56.212803498,1,0
56.212803746,1,1
56.312765946,1,0
56.312765996,0,0
56.312796916,1,0
56.312797064,1,1
56.412759302,1,0
56.412759874,0,0
56.412790490,0,1
56.412790564,1,1
56.512752872,0,1
56.512754318,0,0
56.512783482,1,0
56.512784316,1,1
56.612747480,0,1
56.612747996,0,0
56.612777050,1,0
56.612777462,1,1
56.712739582,1,0
56.712739698,0,0
56.712770638,1,0
56.712771040,1,1
56.812734720,1,0
56.812735188,0,0
56.812764206,1,0
56.812764358,1,1
56.912726458,1,0
56.912727192,0,0
56.912757494,1,0
56.912757686,1,1
57.012720000,0,1
57.012720722,0,0
57.012750950,1,0
57.012751394,1,1
57.112713330,1,0
57.112713388,0,0
57.112744300,1,0
57.112744460,1,1
57.212707746,0,1
57.212709390,0,0
57.212737896,1,0
57.212738334,1,1
57.312700456,1,0
57.312703488,0,0
57.312731154,1,0
57.312731562,1,1
57.412693682,0,1
57.412693914,0,0
57.412724810,0,1
57.412724832,1,1
57.512686840,0,1
57.512688358,0,0
57.512717790,1,0
57.512718700,1,1
57.612680558,0,1
57.612680576,0,0
57.612711188,1,0
57.612711786,1,1
57.712674142,1,0
57.712674266,0,0
57.712704826,1,0
57.712705440,1,1
57.812666998,1,0
57.812669324,0,0
57.812698344,1,0
57.812698676,1,1
57.912661050,0,1
57.912661168,0,0
57.912691870,1,0
57.912692064,1,1
58.012654308,0,1
58.012655534,0,0
58.012685422,0,1
58.012685578,1,1
58.112647396,0,1
58.112647752,0,0
58.112678336,1,0
58.112678980,1,1
58.212641106,1,0
58.212641664,0,0
58.212672034,1,0
58.212672436,1,1
58.312633084,1,0
58.312634832,0,0
58.312665512,1,0
58.312666210,1,1
58.412627980,1,0
58.412629580,0,0
58.412658888,1,0
58.412659198,1,1
58.512618508,1,0
58.512622808,0,0
58.512652266,1,0
58.512652816,1,1
58.612614884,0,1
58.612614926,0,0
58.612645684,1,0
58.612646064,1,1
58.712604182,0,1
58.712608322,0,0
58.712639082,1,0
58.712639452,1,1
58.812602480,0,1
58.812604750,0,0
58.812632528,1,0
58.812633196,1,1
58.912595006,0,1
58.912595054,0,0
58.912625936,1,0
58.912626252,1,1
59.012588340,1,0
59.012588534,0,0
59.012619664,1,0
59.012620008,1,1
59.112581798,1,0
59.112585524,0,0
59.112612752,1,0
59.112613056,1,1
59.212575496,1,0
59.212575548,0,0
59.212606158,1,0
59.212606806,1,1
59.312568726,0,1
59.312570890,0,0
59.312599666,1,0
59.312600142,1,1
59.412562188,1,0
59.412562472,0,0
59.412593064,1,0
59.412593338,1,1
59.512555074,1,0
59.512555710,0,0
59.512586502,1,0
59.512587042,1,1
59.612549192,1,0
59.612549628,0,0
59.612580068,1,0
59.612580428,1,1
59.712542420,1,0
59.712542856,0,0
59.712573456,1,0
59.712573636,1,1
59.812536066,1,0
59.812536324,0,0
59.812567022,1,0
59.812567364,1,1
59.912529232,1,0
59.912529390,0,0
59.912560340,1,0
59.912560382,1,1
60.012522798,1,0
60.012522818,0,0
60.012553738,1,0
60.012554026,1,1
60.112516092,1,0
60.112516464,0,0
60.112547094,1,0
60.112547552,1,1
60.212509340,1,0
60.212509842,0,0
60.212540552,1,0
60.212540898,1,1
60.312502788,1,0
60.312503408,0,0
60.312534088,1,0
60.312534426,1,1
60.412496686,1,0
60.412498378,0,0
60.412527396,1,0
60.412527594,1,1
60.512489564,0,1
60.512489902,0,0
60.512520744,1,0
60.512521032,1,1
60.612483290,0,1
60.612487368,0,0
60.612514220,1,0
60.612514706,1,1
60.712476728,0,1
60.712478324,0,0
60.712507648,1,0
60.712508310,1,1
60.812471252,1,0
60.812472948,0,0
60.812501076,1,0
60.812501568,1,1
60.912463598,1,0
60.912463722,0,0
60.912494332,1,0
60.912494736,1,1
61.012456964,1,0
61.012457000,0,0
61.012488110,1,0
61.012488122,1,1
61.112450400,1,0
61.112450616,0,0
61.112481226,1,0
61.112481850,1,1
61.212444154,1,0
61.212445164,0,0
61.212474844,1,0
61.212475294,1,1
61.312437222,1,0
61.312437310,0,0
61.312468260,1,0
61.312468430,1,1
61.412430588,1,0
61.412430878,0,0
61.412461468,1,0
61.412462076,1,1
61.512424554,0,1
61.512424948,0,0
61.512455124,1,0
61.512455434,1,1
61.612417584,1,0
61.612420004,0,0
61.612448312,1,0
61.612448822,1,1
61.712410798,0,1
61.712411078,0,0
61.712441670,1,0
61.712442408,1,1
61.812404432,1,0
61.812404676,0,0
61.812435386,1,0
61.812435892,1,1
61.912397782,0,1
61.912398170,0,0
61.912428702,1,0
61.912429068,1,1
62.012391270,0,1
62.012391458,0,0
62.012422378,1,0
62.012422564,1,1
62.112384626,0,1
62.112384676,0,0
62.112415526,1,0
62.112415882,1,1
62.212378282,0,1
62.212378300,0,0
62.212408874,1,0
62.212409540,1,1
62.312371696,1,0
62.312371860,0,0
62.312402380,1,0
62.312402934,1,1
62.412364850,1,0
62.412364916,0,0
62.412395828,1,0
62.412396410,1,1
62.512358184,0,1
62.512361238,0,0
62.512389104,1,0
62.512389994,1,1
62.612352736,1,0
62.612353482,0,0
62.612382730,1,0
62.612383372,1,1
62.712345252,1,0
62.712345328,0,0
62.712376248,1,0
62.712376468,1,1
62.812338778,1,0
62.812339084,0,0
62.812369784,1,0
62.812370146,1,1
62.912332012,1,0
62.912334132,0,0
62.912363060,1,0
62.912363492,1,1
63.012325596,1,0
63.012326518,0,0
63.012356388,1,0
63.012357026,1,1
63.112319144,0,1
63.112319164,0,0
63.112349734,1,0
63.112350300,1,1
63.212312592,1,0
63.212314052,0,0
63.212343492,1,0
63.212343698,1,1
63.277213656,1,0
63.277213658,1,1
63.277213666,1,0
63.277213668,1,1
63.312305788,1,0
63.312306848,0,0
63.312336808,1,0
63.312337246,1,1
63.412299244,1,0
63.412300214,0,0
63.412330154,1,0
63.412330402,1,1
63.512292422,0,1
63.512293226,0,0
63.512323852,1,0
63.512324228,1,1
63.612286358,0,1
63.612286382,0,0
63.612317128,1,0
63.612317690,1,1
63.712279554,0,1
63.712279600,0,0
63.712310444,1,0
63.712310746,1,1
63.812273772,0,1
63.812276504,0,0
63.812304092,1,0
63.812304534,1,1
63.912266444,1,0
63.912268580,0,0
63.912297408,1,0
63.912297592,1,1
64.012259838,1,0
64.012259964,0,0
64.012290586,1,0
64.012291278,1,1
64.112253222,1,0
64.112253332,0,0
64.112283942,1,0
64.112284402,1,1
64.212246628,1,0
64.212247288,0,0
64.212277418,1,0
64.212278076,1,1
64.312240294,1,0
64.312241956,0,0
64.312270994,1,0
64.312271602,1,1
64.412233510,0,1
64.412233772,0,0
64.412264580,1,0
64.412265070,1,1
64.512224566,1,0
64.512228838,0,0
64.512257778,1,0
64.512258366,1,1
64.612220512,1,0
64.612220574,0,0
64.612251344,1,0
64.612251612,1,1
64.712213776,1,0
64.712214440,0,0
64.712244750,1,0
64.712244996,1,1
64.812207512,1,0
64.812209980,0,0
64.812238116,1,0
64.812238790,1,1
64.912199728,1,0
64.912202054,0,0
64.912231324,1,0
64.912232036,1,1
65.012194080,0,1
65.012194586,0,0
65.012224890,1,0
65.012225564,1,1
65.112187446,0,1
65.112187742,0,0
65.112218336,1,0
65.112218960,1,1
65.212181112,0,1
65.212181166,0,0
65.212212102,1,0
65.212212466,1,1
65.312174640,1,0
65.312175920,0,0
65.312205200,1,0
65.312205750,1,1
65.412167836,1,0
65.412171248,0,0
65.412198796,1,0
65.412199054,1,1
65.512162064,1,0
65.512162112,0,0
65.512192022,1,0
65.512192430,1,1
65.612154728,0,1
65.612154760,0,0
65.612185378,1,0
65.612185908,1,1
65.712148044,0,1
65.712148096,0,0
65.712178874,1,0
65.712179544,1,1
65.812141810,1,0
65.812141860,0,0
65.812172520,1,0
65.812172920,1,1
65.912134916,0,1
65.912134954,0,0
65.912165848,1,0
65.912166084,1,1
66.012128430,1,0
66.012129524,0,0
66.012159124,1,0
66.012159668,1,1
66.112121786,1,0
66.112124422,0,0
66.112152700,1,0
66.112152944,1,1
66.212112750,0,1
66.212115454,0,0
66.212146366,1,0
66.212146782,1,1
66.312108622,0,1
66.312108888,0,0
66.312139532,1,0
66.312139988,1,1
66.412102092,1,0
66.412102428,0,0
66.412132748,1,0
66.412133242,1,1
66.512095204,0,1
66.512099088,0,0
66.512126324,1,0
66.512127056,1,1
66.612088910,0,1
66.612089212,0,0
66.612119882,1,0
66.612120110,1,1
66.712082380,1,0
66.712082426,0,0
66.712113028,1,0
66.712113546,1,1
66.812075786,1,0
66.812076904,0,0
66.812106932,1,0
66.812107114,1,1
66.912069122,1,0
66.912069718,0,0
66.912099990,1,0
66.912100670,1,1
67.012062646,0,1
67.012062664,0,0
67.012093576,1,0
67.012093894,1,1
67.112055948,1,0
67.112056322,0,0
67.112087122,1,0
67.112087448,1,1
67.212049736,1,0
67.212052080,0,0
67.212080528,1,0
67.212081032,1,1
67.312043032,1,0
67.312044594,0,0
67.312073884,1,0
67.312074250,1,1
67.412036278,1,0
67.412036770,0,0
67.412067450,1,0
67.412067496,1,1
67.512027652,1,0
67.512029796,0,0
67.512060596,1,0
67.512061052,1,1
67.612023072,0,1
67.612023366,0,0
67.612054012,1,0
67.612054456,1,1
67.712016730,1,0
67.712018490,0,0
67.712047648,1,0
67.712048160,1,1
67.812010348,1,0
67.812013408,0,0
67.812041114,1,0
67.812041334,1,1
67.912005142,0,1
67.912006572,0,0
67.912034300,1,0
67.912034810,1,1
68.011996750,1,0
68.011996936,0,0
68.012027846,1,0
68.012027988,1,1
68.111990164,1,0
68.111990332,0,0
68.112021292,1,0
68.112021384,1,1
68.211983908,1,0
68.211985008,0,0
68.212014518,1,0
68.212014808,1,1
68.311978054,0,1
68.311978464,0,0
68.312007994,1,0
68.312008360,1,1
68.411970830,0,1
68.411971740,0,0
68.412001310,1,0
68.412002046,1,1
68.511963866,1,0
68.511963996,0,0
68.511994926,1,0
68.511995082,1,1
68.611959154,0,1
68.611959788,0,0
68.611988402,1,0
68.611988610,1,1
68.711950966,1,0
68.711951118,0,0
68.711981578,1,0
68.711982064,1,1
68.811946130,1,0
68.811947346,0,0
68.811975364,1,0
68.811975778,1,1
68.911937748,0,1
68.911937954,0,0
68.911968360,1,0
68.911968762,1,1
69.011931214,0,1
69.011931540,0,0
69.011962064,1,0
69.011962386,1,1
69.111924476,1,0
69.111924670,0,0
69.111955272,1,0
69.111955704,1,1
69.211918112,1,0
69.211918186,0,0
69.211948976,1,0
69.211949350,1,1
69.311911266,1,0
69.311911302,0,0
69.311942432,1,0
69.311942924,1,1
69.411904478,0,1
69.411904770,0,0
69.411935608,1,0
69.411935888,1,1
69.511897614,1,0
69.511898154,0,0
69.511929094,1,0
69.511929522,1,1
69.611891940,0,1
69.611893522,0,0
69.611922550,1,0
69.611922806,1,1
69.711884996,1,0
69.711885154,0,0
69.711915766,1,0
69.711916144,1,1
69.811878790,0,1
69.811879320,0,0
69.811909272,1,0
69.811909960,1,1
69.911872144,1,0
69.911872256,0,0
69.911902848,1,0
69.911903044,1,1
70.011865308,1,0
70.011865372,0,0
70.011896212,1,0
70.011896468,1,1
70.111858674,1,0
70.111861390,0,0
70.111889648,1,0
70.111890132,1,1
70.211851894,0,1
70.211852340,0,0
70.211883204,1,0
70.211883746,1,1
70.311845778,0,1
70.311846456,0,0
70.311876360,1,0
70.311877054,1,1
70.411839114,0,1
70.411839360,0,0
70.411870144,1,0
70.411870480,1,1
70.511832124,1,0
70.511832470,0,0
70.511863410,1,0
70.511863804,1,1
70.611825996,0,1
70.611826068,0,0
70.611856936,1,0
70.611857306,1,1
70.711819460,0,1
70.711819994,0,0
70.711850082,1,0
70.711850570,1,1
70.811813066,0,1
70.811813070,0,0
70.811843768,1,0
70.811844156,1,1
70.911806262,0,1
70.911806326,0,0
70.911837212,1,0
70.911837452,1,1
71.011799498,0,1
71.011801066,0,0
71.011830518,1,0
71.011830958,1,1
71.111792564,0,1
71.111793022,0,0
71.111824004,1,0
71.111824162,1,1
71.211786626,1,0
71.211786768,0,0
71.211817460,1,0
71.211817924,1,1
71.311779952,1,0
71.311780254,0,0
71.311810856,1,0
71.311811170,1,1
71.411773238,1,0
71.411773630,0,0
71.411804310,1,0
71.411804464,1,1
71.511766476,0,1
71.511783652,0,0
71.511797466,1,0
71.511798112,1,1
71.611759978,1,0
71.611760412,0,0
71.611790982,1,0
71.611791426,1,1
71.711753628,0,1
71.711753810,0,0
71.711784558,1,0
71.711784690,1,1
71.811746934,1,0
71.811747872,0,0
71.811778022,1,0
71.811778554,1,1
71.911740390,1,0
71.911743660,0,0
71.911771498,1,0
71.911771608,1,1
72.011733844,0,1
72.011733866,0,0
72.011764774,1,0
72.011765084,1,1
72.111727278,0,1
72.111727772,0,0
72.111758160,1,0
72.111758640,1,1
72.211720754,0,1
72.211720776,0,0
72.211751754,1,0
72.211752194,1,1
72.311714238,1,0
72.311714400,0,0
72.311745060,1,0
72.311745558,1,1
72.411707514,0,1
72.411707702,0,0
72.411738446,1,0
72.411739130,1,1
72.511700702,0,1
72.511700978,0,0
72.511732000,1,0
72.511732456,1,1
72.611694476,0,1
72.611695634,0,0
72.611725426,1,0
72.611725962,1,1
72.711685204,0,1
72.711688138,0,0
72.711718942,1,0
72.711719568,1,1
72.811681172,1,0
72.811682738,0,0
72.811712436,1,0
72.811712810,1,1
72.911674802,0,1
72.911676866,0,0
72.911705402,1,0
72.911706094,1,1
73.011668238,1,0
73.011669588,0,0
73.011698878,1,0
73.011699466,1,1
73.111661644,1,0
73.111661702,0,0
73.111692294,1,0
73.111692792,1,1
73.211656320,1,0
73.211659448,0,0
73.211686168,1,0
73.211686608,1,1
73.311648462,0,1
73.311649424,0,0
73.311679242,1,0
73.311679694,1,1
73.411641888,0,1
73.411642138,0,0
73.411672828,1,0
73.411673358,1,1
73.511632944,1,0
73.511636624,0,0
73.511666274,1,0
73.511666690,1,1
73.611628768,0,1
73.611628956,0,0
73.611659668,1,0
73.611660262,1,1
73.711622020,1,0
73.711622444,0,0
73.711653054,1,0
73.711653778,1,1
73.811615666,1,0
73.811619660,0,0
73.811646738,1,0
73.811646994,1,1
73.911609080,1,0
73.911611946,0,0
73.911639884,1,0
73.911640300,1,1
74.011602448,0,1
74.011602484,0,0
74.011633390,1,0
74.011633634,1,1
74.111595934,0,1
74.111595966,0,0
74.111626504,1,0
74.111627106,1,1
74.211589290,0,1
74.211589330,0,0
74.211620190,1,0
74.211620788,1,1
74.311582614,0,1
74.311582766,0,0
74.311613474,1,0
74.311613954,1,1
74.411576170,0,1
74.411576212,0,0
74.411607100,1,0
74.411607328,1,1
74.511573338,0,1
74.511574376,0,0
74.511600486,1,0
74.511601054,1,1
74.611563170,0,1
74.611563328,0,0
74.611593770,1,0
74.611594448,1,1
74.711556340,1,0
74.711556424,0,0
74.711587326,1,0
74.711587830,1,1
74.811549786,1,0
74.811550000,0,0
74.811580710,1,0
74.811581224,1,1
74.911543332,1,0
74.911543354,0,0
74.911574144,1,0
74.911574658,1,1
75.011536718,1,0
75.011538322,0,0
75.011567800,1,0
75.011567944,1,1
75.111530030,1,0
75.111530694,0,0
75.111560936,1,0
75.111561570,1,1
75.211523544,1,0
75.211524910,0,0
75.211554610,1,0
75.211554762,1,1
75.311517116,1,0
75.311518426,0,0
75.311548066,1,0
75.311548434,1,1
75.411511332,1,0
75.411512322,0,0
75.411541370,1,0
75.411541578,1,1
75.511503766,0,1
75.511503976,0,0
75.511534726,1,0
75.511535254,1,1
75.611497312,1,0
75.611498300,0,0
75.611528130,1,0
75.611528448,1,1
75.711489128,0,1
75.711490424,0,0
75.711521774,1,0
75.711521974,1,1
75.811484086,1,0
75.811486884,0,0
75.811515260,1,0
75.811515746,1,1
75.911477446,0,1
75.911477510,0,0
75.911508386,1,0
75.911508728,1,1
76.011470890,0,1
76.011470894,0,0
76.011501760,1,0
76.011502042,1,1
76.111464190,1,0
76.111464336,0,0
76.111495256,1,0
76.111495666,1,1
76.211457974,1,0
76.211460824,0,0
76.211488420,1,0
76.211489202,1,1
76.311451508,1,0
76.311453086,0,0
76.311482206,1,0
76.311482428,1,1
76.411444610,0,1
76.411444640,0,0
76.411475540,1,0
76.411475870,1,1
76.511437836,0,1
76.511438164,0,0
76.511468796,1,0
76.511469612,1,1
76.611431570,0,1
76.611431748,0,0
76.611462370,1,0
76.611462886,1,1
76.711424804,1,0
76.711424884,0,0
76.711455836,1,0
76.711456292,1,1
76.811418620,0,1
76.811419816,0,0
76.811449350,1,0
76.811449776,1,1
76.911411840,1,0
76.911412444,0,0
76.911442614,1,0
76.911442970,1,1
77.011405102,1,0
77.011405808,0,0
77.011436090,1,0
77.011436502,1,1
77.111398486,1,0
77.111398684,0,0
77.111429274,1,0
77.111429714,1,1
77.211392342,1,0
77.211393450,0,0
77.211422910,1,0
77.211423288,1,1
77.311385598,1,0
77.311385724,0,0
77.311416314,1,0
77.311416914,1,1
77.411378812,1,0
77.411378960,0,0
77.411409770,1,0
77.411410010,1,1
77.511370616,1,0
77.511371844,0,0
77.511403114,1,0
77.511403394,1,1
77.611365986,1,0
77.611366858,0,0
77.611396668,1,0
77.611397284,1,1
77.711359100,1,0
77.711359104,0,0
77.711390034,1,0
77.711390318,1,1
77.811351372,1,0
77.811355572,0,0
77.811383568,1,0
77.811384092,1,1
77.911345670,1,0
77.911346034,0,0
77.911376964,1,0
77.911377196,1,1
78.011339224,1,0
78.011339548,0,0
78.011370118,1,0
78.011370712,1,1
78.111332992,0,1
78.111333046,0,0
78.111363614,1,0
78.111363956,1,1
78.211326248,1,0
78.211326908,0,0
78.211357088,1,0
78.211357468,1,1
78.311319602,1,0
78.311321474,0,0
78.311350384,1,0
78.311350820,1,1
78.411312958,1,0
78.411313218,0,0
78.411343828,1,0
78.411344504,1,1
78.511305614,0,1
78.511306984,0,0
78.511337452,1,0
78.511337870,1,1
78.611300048,0,1
78.611300126,0,0
78.611331046,1,0
78.611331224,1,1
78.711293278,1,0
78.711293342,0,0
78.711324252,1,0
78.711324488,1,1
78.811286762,1,0
78.811287606,0,0
78.811317926,1,0
78.811318420,1,1
78.911280136,1,0
78.911280460,0,0
78.911311062,1,0
78.911311344,1,1
79.011273540,1,0
79.011273666,0,0
79.011304456,1,0
79.011305028,1,1
79.111267210,0,1
79.111267226,0,0
79.111297830,1,0
79.111298434,1,1
79.211260768,1,0
79.211260944,0,0
79.211291436,1,0
79.211291868,1,1
79.311254050,1,0
79.311257442,0,0
79.311284800,1,0
79.311285350,1,1
79.411247524,1,0
79.411248064,0,0
79.411278434,1,0
79.411278752,1,1
79.511237840,1,0
79.511240090,0,0
79.511271880,1,0
79.511272096,1,1
79.611234224,0,1
79.611234324,0,0
79.611265364,1,0
79.611265930,1,1
79.711227628,1,0
79.711227658,0,0
79.711258638,1,0
79.711258846,1,1
79.811221000,1,0
79.811223416,0,0
79.811252064,1,0
79.811252620,1,1
79.911214482,1,0
79.911216370,0,0
79.911245328,1,0
79.911245702,1,1
80.011207816,1,0
80.011208092,0,0
80.011238672,1,0
80.011238964,1,1
80.111201260,1,0
80.111201288,0,0
80.111232238,1,0
80.111232398,1,1
80.211194756,1,0
80.211195042,0,0
80.211225722,1,0
80.211225982,1,1
80.311188060,1,0
80.311188236,0,0
80.311218866,1,0
80.311219468,1,1
80.411181472,1,0
80.411181580,0,0
80.411212510,1,0
80.411212932,1,1
80.511174136,0,1
80.511174974,0,0
80.511205716,1,0
80.511206404,1,1
80.611168558,1,0
80.611168700,0,0
80.611199570,1,0
80.611199866,1,1
80.711161882,1,0
80.711162024,0,0
80.711192624,1,0
80.711193100,1,1
80.811154990,0,1
80.811155306,0,0
80.811186348,1,0
80.811186604,1,1
80.911145836,0,1
80.911148602,0,0
80.911179602,1,0
80.911179830,1,1
81.011142278,0,1
81.011144702,0,0
81.011173088,1,0
81.011173514,1,1
81.111135466,1,0
81.111135952,0,0
81.111166502,1,0
81.111166626,1,1
81.211129158,1,0
81.211130698,0,0
81.211160066,1,0
81.211160266,1,1
81.311122274,1,0
81.311122430,0,0
81.311153360,1,0
81.311153730,1,1
81.411115748,1,0
81.411115874,0,0
81.411146796,1,0
81.411147226,1,1
81.511108520,0,1
81.511109152,0,0
81.511140130,1,0
81.511140620,1,1
81.611102844,1,0
81.611102934,0,0
81.611133424,1,0
81.611133944,1,1
81.711096016,1,0
81.711098780,0,0
81.711127078,1,0
81.711127176,1,1
81.811088780,1,0
81.811089202,0,0
81.811120542,1,0
81.811121068,1,1
81.911083286,1,0
81.911083816,0,0
81.911113758,1,0
81.911114382,1,1
82.011076360,1,0
82.011077992,0,0
82.011107242,1,0
82.011107526,1,1
82.111069962,1,0
82.111069986,0,0
82.111100816,1,0
82.111101262,1,1
82.211063356,1,0
82.211065022,0,0
82.211093960,1,0
82.211094774,1,1
82.311056578,1,0
82.311059808,0,0
82.311087354,1,0
82.311087796,1,1
82.411050018,0,1
82.411050030,0,0
82.411080948,1,0
82.411081248,1,1
82.511041046,0,1
82.511043376,0,0
82.511074252,1,0
82.511074822,1,1
82.611037036,0,1
82.611037510,0,0
82.611068036,1,0
82.611068258,1,1
82.711028734,0,1
82.711030344,0,0
82.711061280,1,0
82.711061762,1,1
82.811024284,1,0
82.811025776,0,0
82.811054816,1,0
82.811055054,1,1
82.911017078,1,0
82.911020632,0,0
82.911047930,1,0
82.911048296,1,1
83.011010480,1,0
83.011010634,0,0
83.011041594,1,0
83.011041888,1,1
83.111004006,1,0
83.111004358,0,0
83.111034928,1,0
83.111035142,1,1
83.210997572,0,1
83.210997590,0,0
83.211028172,1,0
83.211028718,1,1
83.310991022,1,0
83.310991056,0,0
83.311022096,1,0
83.311022442,1,1
83.410984064,1,0
83.410984730,0,0
83.411015210,1,0
83.411015534,1,1
83.510977666,1,0
83.510977774,0,0
83.511008664,1,0
83.511008886,1,1
83.610971250,1,0
83.610971388,0,0
83.611001880,1,0
83.611002478,1,1
83.710964652,0,1
83.710965706,0,0
83.710995592,1,0
83.710995922,1,1
83.810956350,0,1
83.810957840,0,0
83.810988976,1,0
83.810989468,1,1
83.910951342,1,0
83.910951840,0,0
83.910982440,1,0
83.910982780,1,1
84.010943138,0,1
84.010944794,0,0
84.010975674,1,0
84.010975934,1,1
84.110938186,1,0
84.110938338,0,0
84.110969278,1,0
84.110969326,1,1
84.210931600,1,0
84.210931992,0,0
84.210962554,1,0
84.210963028,1,1
84.310925004,1,0
84.310926998,0,0
84.310955948,1,0
84.310956442,1,1
84.410918420,1,0
84.410918670,0,0
84.410949282,1,0
84.410949918,1,1
84.510911914,0,1
84.510912080,0,0
84.510942846,1,0
84.510943320,1,1
84.610905662,1,0
84.610905688,0,0
84.610936270,1,0
84.610936672,1,1
84.710898714,1,0
84.710898912,0,0
84.710929754,1,0
84.710929954,1,1
84.810892180,1,0
84.810894038,0,0
84.810923366,1,0
84.810923756,1,1
84.910885724,1,0
84.910886380,0,0
84.910916830,1,0
84.910917022,1,1
85.010879374,0,1
85.010881174,0,0
85.010909936,1,0
85.010910426,1,1
85.110872420,1,0
85.110872598,0,0
85.110903548,1,0
85.110903560,1,1
85.210866182,0,1
85.210866302,0,0
85.210896864,1,0
85.210897070,1,1
85.310859774,1,0
85.310863050,0,0
85.310890348,1,0
85.310890672,1,1
85.410852598,1,0
85.410857062,0,0
85.410883612,1,0
85.410884146,1,1
85.510846152,1,0
85.510846334,0,0
85.510877234,1,0
85.510877330,1,1
85.610840138,0,1
85.610841882,0,0
85.610870610,1,0
85.610870894,1,1
85.710832478,1,0
85.710833122,0,0
85.710863784,1,0
85.710864458,1,1
85.810826130,1,0
85.810826676,0,0
85.810857496,1,0
85.810857768,1,1
85.910819982,1,0
85.910821352,0,0
85.910850622,1,0
85.910851300,1,1
86.010813206,1,0
86.010813294,0,0
86.010844206,1,0
86.010844414,1,1
86.110806788,0,1
86.110806792,0,0
86.110837728,1,0
86.110838028,1,1
86.210800412,0,1
86.210801012,0,0
86.210831192,1,0
86.210831572,1,1
86.310793576,1,0
86.310793696,0,0
86.310824596,1,0
86.310824806,1,1
86.410786948,1,0
86.410787360,0,0
86.410817960,1,0
86.410818146,1,1
86.510780274,0,1
86.510780340,0,0
86.510811204,1,0
86.510811568,1,1
86.610774104,1,0
86.610774108,0,0
86.610804608,1,0
86.610805202,1,1
86.710767250,1,0
86.710767582,0,0
86.710798342,1,0
86.710798466,1,1
86.810761310,1,0
86.810762046,0,0
86.810791876,1,0
86.810792280,1,1
86.910754130,0,1
86.910755172,0,0
86.910785050,1,0
86.910785502,1,1
87.010748524,0,1
87.010748626,0,0
87.010778454,1,0
87.010779044,1,1
87.110741596,0,1
87.110742322,0,0
87.110771858,1,0
87.110772186,1,1
87.210734200,0,1
87.210735994,0,0
87.210765520,1,0
87.210765780,1,1
87.310728028,1,0
87.310728034,0,0
87.310758804,1,0
87.310759446,1,1
87.410721340,1,0
87.410722208,0,0
87.410752128,1,0
87.410752590,1,1
87.510713004,0,1
87.510715010,0,0
87.510745432,1,0
87.510746320,1,1
87.610709976,1,0
87.610710118,0,0
87.610739146,1,0
87.610739662,1,1
87.710701618,1,0
87.710702428,0,0
87.710732450,1,0
87.710732854,1,1
87.810694204,0,1
87.810695832,0,0
87.810725644,1,0
87.810726268,1,1
87.910688606,0,1
87.910688686,0,0
87.910719416,1,0
87.910720004,1,1
88.010684504,0,1
88.010684846,0,0
88.010712800,1,0
88.010713046,1,1
88.110675310,1,0
88.110678338,0,0
88.110705964,1,0
88.110706468,1,1
88.210668872,1,0
88.210668948,0,0
88.210699618,1,0
88.210699970,1,1
88.310662362,0,1
88.310663428,0,0
88.310693172,1,0
88.310693242,1,1
88.410656310,1,0
88.410656596,0,0
88.410686226,1,0
88.410686906,1,1
88.510648834,1,0
88.510648848,0,0
88.510679768,1,0
88.510680272,1,1
88.610642496,1,0
88.610642662,0,0
88.610673272,1,0
88.610673794,1,1
88.710633870,1,0
88.710635996,0,0
88.710666596,1,0
88.710666946,1,1
88.810629040,1,0
88.810629720,0,0
88.810660370,1,0
88.810660748,1,1
88.910622504,1,0
88.910625286,0,0
88.910653754,1,0
88.910653820,1,1
89.010616106,0,1
89.010616148,0,0
89.010646718,1,0
89.010647296,1,1
89.110609422,1,0
89.110609440,0,0
89.110640390,1,0
89.110640580,1,1
89.210602824,1,0
89.210603174,0,0
89.210633764,1,0
89.210634272,1,1
89.310596194,1,0
89.310596308,0,0
89.310627238,1,0
89.310627434,1,1
89.410589692,0,1
89.410589748,0,0
89.410620572,1,0
89.410620906,1,1
89.510583136,0,1
89.510583482,0,0
89.510614094,1,0
89.510614378,1,1
89.610576656,1,0
89.610576898,0,0
89.610607518,1,0
89.610608394,1,1
89.710569840,1,0
89.710570052,0,0
89.710600992,1,0
89.710601048,1,1
89.810562942,1,0
89.810563246,0,0
89.810594556,1,0
89.810594600,1,1
89.910556374,1,0
89.910557008,0,0
89.910587640,1,0
89.910588132,1,1
90.010550014,1,0
90.010550382,0,0
90.010581224,0,1
90.010581282,1,1
90.110543480,1,0
90.110543856,0,0
90.110574456,1,0
90.110574636,1,1
90.210536750,0,1
90.210536814,0,0
90.210568040,1,0
90.210568290,1,1
90.310530576,1,0
90.310532284,0,0
90.310561642,1,0
90.310561876,1,1
90.410523876,0,1
90.410523948,0,0
90.410554788,1,0
90.410555368,1,1
90.510517560,1,0
90.510517600,0,0
90.510548360,0,1
90.510548400,1,1
90.610510872,1,0
90.610511244,0,0
90.610541814,1,0
90.610542190,1,1
90.710504206,0,1
90.710504628,0,0
90.710535326,1,0
90.710535444,1,1
90.810494778,1,0
90.810497760,0,0
90.810528780,1,0
90.810529068,1,1
90.910490924,1,0
90.910492104,0,0
90.910522024,1,0
90.910522152,1,1
91.010484376,1,0
91.010484566,0,0
91.010515506,0,1
91.010515606,1,1
91.110477686,1,0
91.110477890,0,0
91.110508810,1,0
91.110508916,1,1
91.210471320,1,0
91.210474046,0,0
91.210502428,0,1
91.210502484,1,1
91.310464834,1,0
91.310464888,0,0
91.310495478,1,0
91.310495752,1,1
91.410458008,1,0
91.410458270,0,0
91.410489162,1,0
91.410489206,1,1
91.510451394,0,1
91.510451472,0,0
91.510482650,0,1
91.510482764,1,1
91.610445022,1,0
91.610446168,0,0
91.610475798,1,0
91.610476342,1,1
91.710438372,0,1
91.710438704,0,0
91.710469332,1,0
91.710469542,1,1
91.810429948,1,0
91.810432234,0,0
91.810462964,1,0
91.810463234,1,1
91.910425382,1,0
91.910425578,0,0
91.910456178,1,0
91.910456488,1,1
92.010418556,1,0
92.010418710,0,0
92.010449652,1,0
92.010449782,1,1
92.110412028,1,0
92.110412304,0,0
92.110442896,1,0
92.110443256,1,1
92.210405628,0,1
92.210405748,0,0
92.210436468,1,0
92.210436648,1,1
92.310399010,0,1
92.310399160,0,0
92.310429912,1,0
92.310430080,1,1
92.410392654,0,1
92.410394606,0,0
92.410423164,1,0
92.410423482,1,1
92.510385718,1,0
92.510386648,0,0
92.510416578,1,0
92.510416936,1,1
92.610379412,1,0
92.610379510,0,0
92.610410200,1,0
92.610410820,1,1
92.710372804,0,1
92.710373282,0,0
92.710403424,1,0
92.710403754,1,1
92.810366244,1,0
92.810370158,0,0
92.810397206,1,0
92.810397404,1,1
92.910359498,1,0
92.910359600,0,0
92.910390730,1,0
92.910390946,1,1
93.010353002,1,0
93.010353154,0,0
93.010383764,1,0
93.010384228,1,1
93.110346436,0,1
93.110348934,0,0
93.110377376,1,0
93.110377742,1,1
93.210339770,1,0
93.210340358,0,0
93.210370760,1,0
93.210371226,1,1
93.310333260,1,0
93.310335684,0,0
93.310363992,1,0
93.310364470,1,1
93.410326476,0,1
93.410327432,0,0
93.410357386,1,0
93.410357970,1,1
93.510320194,1,0
93.510320258,0,0
93.510350850,1,0
93.510351432,1,1
93.610313778,1,0
93.610315132,0,0
93.610344312,1,0
93.610344926,1,1
93.710306882,1,0
93.710308996,0,0
93.710337896,1,0
93.710338100,1,1
93.810300718,0,1
93.810300854,0,0
93.810331378,1,0
93.810331504,1,1
93.910293538,1,0
93.910293662,0,0
93.910324562,1,0
93.910325196,1,1
94.010287188,1,0
94.010291216,0,0
94.010318374,1,0
94.010318836,1,1
94.110280628,0,1
94.110280650,0,0
94.110311558,1,0
94.110311798,1,1
94.210274134,1,0
94.210275050,0,0
94.210305070,1,0
94.210305372,1,1
94.310267548,1,0
94.310268042,0,0
94.310298454,1,0
94.310298766,1,1
94.410261516,0,1
94.410264218,0,0
94.410291956,1,0
94.410292560,1,1
94.510254328,0,1
94.510254342,0,0
94.510285320,1,0
94.510285502,1,1
94.610247972,0,1
94.610248434,0,0
94.610278792,1,0
94.610279412,1,1
94.710241316,1,0
94.710242936,0,0
94.710272056,1,0
94.710272414,1,1
94.810233990,1,0
94.810234298,0,0
94.810265618,1,0
94.810265978,1,1
94.910228294,1,0
94.910228670,0,0
94.910258980,1,0
94.910259422,1,1
95.010221554,0,1
95.010223494,0,0
95.010252364,1,0
95.010252836,1,1
95.110214868,1,0
95.110214896,0,0
95.110245778,1,0
95.110246516,1,1
95.210208530,1,0
95.210208560,0,0
95.210239220,1,0
95.210239828,1,1
95.310201422,0,1
95.310204014,0,0
95.310232662,1,0
95.310233340,1,1
95.410195116,0,1
95.410195166,0,0
95.410225986,1,0
95.410226384,1,1
95.510188550,1,0
95.510188608,0,0
95.510219548,1,0
95.510219708,1,1
95.610182202,0,1
95.610182252,0,0
95.610212792,1,0
95.610213372,1,1
95.710175384,0,1
95.710176092,0,0
95.710206334,1,0
95.710206622,1,1
95.810168904,1,0
95.810169036,0,0
95.810199678,1,0
95.810200054,1,1
95.910162508,1,0
95.910163270,0,0
95.910193390,1,0
95.910193606,1,1
96.010155712,0,0
96.010186662,1,0
96.010186828,1,1
96.110149226,0,1
96.110149304,0,0
96.110180056,1,0
96.110180994,1,1
96.210142208,0,1
96.210142496,0,0
96.210173658,1,0
96.210173956,1,1
96.310135972,0,1
96.310135978,0,0
96.310166892,1,0
96.310167206,1,1
96.410129364,0,1
96.410131762,0,0
96.410160274,1,0
96.410160668,1,1
96.510122772,1,0
96.510122806,0,0
96.510153920,0,1
96.510153956,1,1
96.610116430,0,1
96.610116446,0,0
96.610147030,1,0
96.610147554,1,1
96.710109672,0,1
96.710111886,0,0
96.710140552,1,0
96.710140748,1,1
96.810100120,1,0
96.810104666,0,0
96.810134024,1,0
96.810134500,1,1
96.910096728,0,1
96.910098332,0,0
96.910127298,1,0
96.910128080,1,1
97.010090094,1,0
97.010090260,0,0
97.010120930,1,0
97.010121332,1,1
97.110083216,1,0
97.110083652,0,0
97.110114292,1,0
97.110114754,1,1
97.210076984,0,1
97.210077052,0,0
97.210107848,0,1
97.210107974,1,1
97.310069718,0,1
97.310070104,0,0
97.310100948,1,0
97.310101342,1,1
97.410063594,1,0
97.410063640,0,0
97.410094552,1,0
97.410094834,1,1
97.510056976,1,0
97.510057014,0,0
97.510087954,1,0
97.510088224,1,1
97.610050566,0,1
97.610050648,0,0
97.610081366,1,0
97.610081966,1,1
97.710043950,1,0
97.710044208,0,0
97.710074690,1,0
97.710075088,1,1
97.810035422,1,0
97.810037502,0,0
97.810068492,1,0
97.810068602,1,1
97.910030764,0,1
97.910030786,0,0
97.910061674,1,0
97.910062116,1,1
98.010024156,0,1
98.010024338,0,0
98.010055108,1,0
98.010055488,1,1
98.110017620,0,1
98.110017878,0,0
98.110048720,1,0
98.110048768,1,1
98.210011192,0,0
98.210041982,1,0
98.210042408,1,1
98.310004384,0,1
98.310004876,0,0
98.310035314,1,0
98.310035782,1,1
98.409997368,0,1
98.409997728,0,0
98.410028618,1,0
98.410029196,1,1
98.509991370,1,0
98.509991450,0,0
98.510022250,1,0
98.510022788,1,1
98.609985372,0,1
98.609987582,0,0
98.610015632,1,0
98.610016060,1,1
98.709978092,1,0
98.709978134,0,0
98.710009054,1,0
98.710009222,1,1
98.809970784,1,0
98.809973960,0,0
98.810002676,1,0
98.810002772,1,1
98.909965220,1,0
98.909969362,0,0
98.909995700,1,0
98.909996046,1,1
99.009959092,0,1
99.009959112,0,0
99.009989372,1,0
99.009989620,1,1
99.109951754,0,1
99.109951894,0,0
99.109982706,1,0
99.109983132,1,1
99.209946058,0,1
99.209947734,0,0
99.209976378,1,0
99.209976524,1,1
99.309938700,0,1
99.309938886,0,0
99.309969620,1,0
99.309969786,1,1
99.409932068,1,0
99.409933132,0,0
99.409962902,1,0
99.409963246,1,1
99.509925472,1,0
99.509925864,0,0
99.509956446,1,0
99.509956628,1,1
99.609919166,0,0
99.609949818,1,0
99.609950794,1,1
99.709912116,1,0
99.709913180,0,0
99.709943130,1,0
99.709943596,1,1
99.809905896,1,0
99.809909054,0,0
99.809936742,1,0
99.809937126,1,1
99.909897906,0,1
99.909899318,0,0
99.909930024,1,0
99.909930628,1,1
100.009893396,0,1
100.009894304,0,0
100.009923318,1,0
100.009923788,1,1
100.092870656,1,1
