V_inp_nom;V_inp;I_inp;V_out;I_out;eta
2,0;1,99868;1,35474e-06;1,806965;-5,000535e-07;0,33384074977842193
2,0;1,9989949999999999;1,45222e-06;1,805155;-6,000484999999999e-07;0,3731066571894825
2,0;1,999665;1,030815e-06;1,80963;-7,00036e-07;0,6147661182902167
2,0;1,998625;1,2607399999999999e-06;1,8069449999999998;-8,000265e-07;0,5743234161767197
2,0;1,9987;1,5307200000000001e-06;1,8057750000000001;-8,99999e-07;0,5320965502123166
2,0;1,999235;1,85447e-06;1,807175;-9,99982e-07;0,4878385732679329
2,0;1,99851;2,509845e-06;1,80704;-2,00019e-06;0,7204091980815733
2,0;1,998615;3,58425e-06;1,80679;-3,00041e-06;0,7567162266403139
2,0;1,99868;4,48272e-06;1,8067449999999998;-4,00043e-06;0,8067855723943425
2,0;1,9986899999999999;5,185025e-06;1,8067350000000002;-5,00035e-06;0,8718031835235986
2,0;1,998825;6,5106550000000004e-06;1,80682;-6,00036e-06;0,8331049122476959
2,0;1,998935;7,903965e-06;1,806785;-7,0001749999999994e-06;0,8005839959644263
2,0;1,998935;8,24554e-06;1,806985;-7,99989e-06;0,877060720199784
2,0;1,999055;9,602935e-06;1,80693;-8,999795000000001e-06;0,8470809955704123
2,0;1,9987300000000001;1,0615950000000001e-05;1,806785;-9,99939e-06;0,8515284140540426
2,0;1,99897;1,9995149999999998e-05;1,8069350000000002;-2,000495e-05;0,9043035374320583
2,0;1,99923;3,0304900000000002e-05;1,807;-3,00057e-05;0,8948891443871343
2,0;1,99941;3,94743e-05;1,80709;-4,00067e-05;0,9160059018182191
2,0;1,999585;4,957335e-05;1,8068849999999999;-5,0008450000000004e-05;0,9115119751794298
2,0;1,99969;5,9326150000000005e-05;1,807145;-6,00066e-05;0,9141702710762603
2,0;1,99973;6,90863e-05;1,80704;-7,000685e-05;0,915667650001712
2,0;1,999725;7,92481e-05;1,80701;-8,000435e-05;0,912183738895485
2,0;1,99984;9,842175e-05;1,806785;-9,99999e-05;0,9179609330120313
2,0;1,99985;0,0001964075;1,8078349999999999;-0,0002000335;0,9206450223102707
2,0;1,99983;0,0002940255;1,807445;-0,000300046;0,9222111567767208
2,0;1,99983;0,0003916015;1,8073;-0,0004000405;0,9231998166770223
2,0;1,999815;0,0004891870000000001;1,80703;-0,000500044;0,9236904506365302
2,0;1,99982;0,000586776;1,80705;-0,0006000375;0,9240124446077014
2,0;1,99979;0,000684335;1,807035;-0,000700025;0,9243623323680906
2,0;1,99982;0,0007818155;1,80694;-0,000799992;0,9245305704641047
2,0;1,99982;0,0008793745;1,80667;-0,0008999685000000001;0,9245779639178986
2,0;1,999805;0,0009768505;1,8068149999999998;-0,00099994;0,9249406151071278
2,0;1,99979;0,00195027;1,805765;-0,0020006;0,9262973557019167
2,0;1,99985;0,00292418;1,805375;-0,003000695;0,9263832886837293
2,0;1,999845;0,0038926200000000003;1,804175;-0,004000965;0,9275317998867098
2,0;1,99984;0,00485818;1,8033000000000001;-0,005000885;0,928153756817703
2,0;1,99984;0,005823505;1,80275;-0,006000845;0,9291481336786673
2,0;1,99984;0,00678309;1,802695;-0,00700069;0,9303747037249843
2,0;1,99984;0,00774205;1,802635;-0,00800064;0,9313276382911027
2,0;1,99983;0,008700625;1,80149;-0,009000305;0,9318630389582185
2,0;1,999845;0,009655529999999999;1,8006199999999999;-0,009999985;0,9324555324624992
2,0;1,99982;0,01940795;1,797605;-0,0200004;0,9263345078679235
2,0;1,999785;0,029301800000000003;1,79565;-0,0300013;0,9193645558888819
2,0;1,99978;0,0393207;1,793495;-0,0400026;0,9124010884975762
2,0;1,999775;0,049436850000000004;1,791465;-0,0500028;0,9060918340558715
2,0;1,99977;0,0596294;1,79041;-0,060001849999999995;0,9008714345019903
2,0;1,99978;0,06989334999999999;1,789125;-0,0700005;0,8960287489026335
2,5;2,49967;7,000949999999999e-07;1,80817;-5,000655000000001e-07;0,5169634359158772
2,5;2,499095;1,21058e-06;1,805485;-6,00059e-07;0,3593346281690075
2,5;2,4992650000000003;1,115455e-06;1,80721;-7,000515e-07;0,4540993940067931
2,5;2,49958;1,413845e-06;1,8069600000000001;-8,00034e-07;0,40919482661614803
2,5;2,499095;1,199255e-06;1,806055;-9,00012e-07;0,5425623547199911
2,5;2,4994;1,433e-06;1,80623;-9,99984e-07;0,504342978683104
2,5;2,49913;2,23958e-06;1,806365;-2,000215e-06;0,6455567322723279
2,5;2,499165;2,941805e-06;1,8064399999999998;-3,0003949999999998e-06;0,738424800225101
2,5;2,4991849999999998;3,689025e-06;1,806235;-4,00041e-06;0,7836932505320955
2,5;2,49929;4,686865e-06;1,805975;-5,00033e-06;0,7707921000018029
2,5;2,499355;5,421069999999999e-06;1,806175;-6,00037e-06;0,8002934250779854
2,5;2,499505;6,320659999999999e-06;1,80603;-7,00016e-06;0,8002599582640217
2,5;2,4995450000000003;7,22732e-06;1,80619;-7,999905e-06;0,7998624566854065
2,5;2,499625;7,932345e-06;1,806125;-8,99976e-06;0,8198154975992342
2,5;2,4996850000000004;8,667135e-06;1,805945;-9,99936e-06;0,8335637592279792
2,5;2,49952;1,67607e-05;1,80591;-2,00064e-05;0,8625171427798717
2,5;2,4997249999999998;2,51957e-05;1,806085;-3,00068e-05;0,8605266750989948
2,5;2,49968;3,296115e-05;1,80613;-4,00072e-05;0,8770276795543519
2,5;2,4997800000000003;4,133695e-05;1,8063099999999999;-5,0008850000000005e-05;0,8740692714764063
2,5;2,49986;4,963615e-05;1,806445;-6,0006950000000007e-05;0,8735690011490729
2,5;2,49992;5,78855e-05;1,80645;-7,00062e-05;0,8737989215191819
2,5;2,4999450000000003;6,624135e-05;1,80644;-8,000324999999999e-05;0,8727824799646162
2,5;2,49995;8,26141e-05;1,8062;-9,99998e-05;0,8745301393233149
2,5;2,499895;0,0001610785;1,80363;-0,000200032;0,8959531470122727
2,5;2,49991;0,00024189049999999998;1,8037999999999998;-0,0003000475;0,8949923495660329
2,5;2,4999;0,0003219845;1,803525;-0,000400041;0,8963480081549777
2,5;2,4999;0,0004019475;1,80378;-0,000500045;0,8976002175030211
2,5;2,49988;0,00048221799999999997;1,803775;-0,000600037;0,8978252218584297
2,5;2,49988;0,0005634395;1,803655;-0,000700025;0,896336331612694
2,5;2,49988;0,0006451639999999999;1,80401;-0,000799992;0,8947935796059944
2,5;2,49988;0,0007272349999999999;1,80403;-0,0008999675;0,8930437816759389
2,5;2,49989;0,0008096;1,80437;-0,000999942;0,8915625040328472
2,5;2,49992;0,0016392899999999998;1,806635;-0,00200072;0,8818763471903113
2,5;2,49992;0,00246926;1,806275;-0,00300076;0,8780785485813078
2,5;2,49991;0,00330415;1,807095;-0,00400102;0,8753480741598723
2,5;2,49991;0,004143405;1,80696;-0,00500092;0,8723880522794898
2,5;2,4999;0,00498774;1,807205;-0,006000855;0,869762932837397
2,5;2,499905;0,005835679999999999;1,8077;-0,007000725;0,8675974857443158
2,5;2,4999;0,006687535;1,80804;-0,008000634999999999;0,8652776358251281
2,5;2,49991;0,007544604999999999;1,80857;-0,00900037;0,8631331275333564
2,5;2,4999;0,00840061;1,80864;-0,0100001;0,8611645072107155
2,5;2,499885;0,017051749999999997;1,8087900000000001;-0,020000450000000003;0,8485977818582227
2,5;2,499865;0,025582550000000003;1,804435;-0,0300014;0,8464436011996668
2,5;2,49986;0,0337634;1,80085;-0,0400024;0,8534870635893732
2,5;2,49985;0,04200685;1,797915;-0,0500031;0,856100901188591
2,5;2,49984;0,050009399999999996;1,7971249999999999;-0,060002349999999996;0,8625143586398789
2,5;2,49985;0,05920995;1,796785;-0,0700008;0,8497340324074222
2,5;2,49985;0,0672397;1,79471;-0,079999;0,854175305227966
2,75;2,748275;1,1254950000000001e-06;1,80633;-5,000615e-07;0,29255915838104807
2,75;2,749465;1,176465e-06;1,8090600000000001;-6,00062e-07;0,3358312390789996
2,75;2,7490249999999996;1,41438e-06;1,80592;-7,0005e-07;0,32512724315688835
2,75;2,7490300000000003;1,55683e-06;1,805865;-8,00035e-07;0,338427625967283
2,75;2,7491849999999998;1,19619e-06;1,808545;-9,000195e-07;0,4956125700437718
2,75;2,74856;1,423935e-06;1,807915;-9,99992e-07;0,46129631141359967
2,75;2,749175;2,20679e-06;1,80811;-2,0002050000000003e-06;0,5965092832333292
2,75;2,7488200000000003;2,905715e-06;1,8084099999999999;-3,000435e-06;0,6793463936197648
2,75;2,7488799999999998;3,63855e-06;1,808005;-4,00044e-06;0,7230980320837794
2,75;2,749;4,268175e-06;1,808165;-5,00037e-06;0,7706394421188063
2,75;2,74905;5,1347050000000005e-06;1,808065;-6,000395000000001e-06;0,7686217578935077
2,75;2,749135;5,4253250000000004e-06;1,8083399999999998;-7,00018e-06;0,8487449787483011
2,75;2,74914;6,977695e-06;1,8081550000000002;-7,99991e-06;0,7541445689906817
2,75;2,7491250000000003;7,431135e-06;1,808385;-8,99978e-06;0,79681789616845
2,75;2,749385;8,27381e-06;1,808195;-9,99937e-06;0,7949431336165906
2,75;2,749205;1,575345e-05;1,808135;-2,000555e-05;0,8352951944392893
2,75;2,74943;2,32919e-05;1,808175;-3,00056e-05;0,8472756166961547
2,75;2,74958;3,10048e-05;1,8082799999999999;-4,00066e-05;0,8484797228738601
2,75;2,74972;3,849945e-05;1,8082349999999998;-5,00085e-05;0,8542004082682251
2,75;2,74972;4,64047e-05;1,808345;-6,00066e-05;0,8504201508894416
2,75;2,749755;5,3894199999999996e-05;1,8082;-7,000539999999999e-05;0,8542595625210576
2,75;2,7497;6,15379e-05;1,80839;-8,00034e-05;0,8550984064126683
2,75;2,7497949999999998;7,658475e-05;1,80822;-9,999985e-05;0,8586401701892428
2,75;2,7499;0,00014870900000000002;1,804145;-0,000200031;0,8824810711369284
2,75;2,74989;0,0002232965;1,80458;-0,000300047;0,8817055420848909
2,75;2,74988;0,000298471;1,804755;-0,000400038;0,8797125198198941
2,75;2,74988;0,0003731565;1,805075;-0,000500044;0,8795479011920211
2,75;2,74987;0,0004472555;1,804815;-0,0006000375;0,8805437056206133
2,75;2,74986;0,0005219560000000001;1,80522;-0,000700028;0,8804067900335901
2,75;2,74985;0,0005969149999999999;1,8051949999999999;-0,0007999904999999999;0,879821217242571
2,75;2,74984;0,0006723635;1,80527;-0,000899969;0,8787844222684735
2,75;2,74988;0,0007486635000000001;1,805415;-0,0009999415;0,8769586124720552
2,75;2,74985;0,001525475;1,808465;-0,0020006;0,862476287857491
2,75;2,74989;0,002297005;1,80847;-0,003000695;0,8591707583883003
2,75;2,74989;0,003061105;1,80858;-0,004000875;0,8595752688655525
2,75;2,7499;0,003825045;1,80776;-0,005001025;0,8595654191774478
2,75;2,74989;0,004586245;1,80779;-0,006000815;0,8601238648906788
2,75;2,7499;0,00534974;1,8074949999999999;-0,007000595;0,860151750278866
2,75;2,74989;0,00611308;1,807305;-0,00800065;0,859944729796035
2,75;2,74989;0,006875655;1,807655;-0,00900033;0,8605658084570484
2,75;2,74989;0,007633705;1,807215;-0,01;0,8610531301456545
2,75;2,74988;0,01511345;1,8024399999999998;-0,0200005;0,8673816116621935
2,75;2,74986;0,0225073;1,799735;-0,0300016;0,8724121448540072
2,75;2,74984;0,03008035;1,8002500000000001;-0,0400025;0,8706314142962145
2,75;2,749835;0,0378873;1,799045;-0,05000305;0,8635180492349286
2,75;2,749815;0,045134;1,7966799999999998;-0,060002150000000004;0,8686491388447473
2,75;2,74982;0,0529083;1,796225;-0,07000065;0,8642427071035554
2,75;2,74982;0,060396649999999996;1,7949;-0,0799993;0,8646005072645728
3,0;2,99961;9,637505e-07;1,8075100000000002;-5,000655e-07;0,31873588237305905
3,0;2,9996400000000003;1,1828049999999999e-06;1,8082799999999999;-6,00068e-07;0,3058638729439011
3,0;2,999415;1,047425e-06;1,808075;-7,000524999999999e-07;0,40331189576621207
3,0;2,9991149999999998;1,33345e-06;1,8084349999999998;-8,000385e-07;0,36180302123618857
3,0;2,999145;1,27499e-06;1,80859;-9,00017e-07;0,42595415583298857
3,0;2,99933;1,456845e-06;1,807595;-9,999855e-07;0,4151536495047225
3,0;2,998885;1,972275e-06;1,80771;-2,00021e-06;0,6116965300663171
3,0;2,998955;2,77193e-06;1,807625;-3,00039e-06;0,6524738222641395
3,0;2,9991149999999998;3,491375e-06;1,8079;-4,00043e-06;0,6905953796086215
3,0;2,9991849999999998;4,061315e-06;1,80747;-5,00034e-06;0,7418716396582826
3,0;2,99918;4,836085e-06;1,80751;-6,0004e-06;0,747815927747442
3,0;2,9993;5,580065e-06;1,80761;-7,000185e-06;0,756316197301937
3,0;2,999295;6,52152e-06;1,8075549999999998;-7,99991e-06;0,7395690904520469
3,0;2,99941;6,84823e-06;1,807585;-8,99979e-06;0,7922156044829057
3,0;2,99946;7,77258e-06;1,807705;-9,99937e-06;0,7753942469489661
3,0;2,99956;2,15351e-05;1,80749;-3,00061e-05;0,8396240907801957
3,0;2,99976;2,8468849999999998e-05;1,807375;-4,0007349999999996e-05;0,8467430593829626
3,0;2,9997550000000004;3,54168e-05;1,807525;-5,000805e-05;0,8508065446716984
3,0;2,9997249999999998;4,22368e-05;1,80735;-6,000685e-05;0,8561326644597425
3,0;2,9997350000000003;4,924865e-05;1,80721;-7,000575e-05;0,8562984368797766
3,0;2,9999;5,636215e-05;1,8072400000000002;-8,00038e-05;0,8551182039473384
3,0;2,999975;7,02289e-05;1,806845;-9,99989e-05;0,8576834835514475
3,0;2,999965;0,00013812299999999998;1,80502;-0,000200032;0,8713648338653819
3,0;2,99996;0,000207451;1,805495;-0,000300047;0,8703577752979929
3,0;2,99994;0,000277288;1,805885;-0,00040004;0,8685426984301972
3,0;2,99994;0,0003473205;1,8064;-0,000500043;0,8668316533908319
3,0;2,99993;0,00041635;1,806115;-0,000600038;0,8677580651772395
3,0;2,99993;0,000485096;1,80596;-0,000700027;0,8686841757289017
3,0;2,99994;0,0005545610000000001;1,80632;-0,000799992;0,8686185436378844
3,0;2,999925;0,0006245245;1,80635;-0,000899971;0,8677141058157489
3,0;2,99993;0,0006945245;1,806805;-0,0009999425;0,8671255872405639
3,0;2,99995;0,001386805;1,805925;-0,00200072;0,868537003436843
3,0;2,999955;0,002079195;1,8056450000000002;-0,003000785;0,8686960408887692
3,0;2,99995;0,0027582600000000002;1,80642;-0,00400089;0,8734716620384735
3,0;2,99996;0,0034466;1,806185;-0,00500089;0,8736234236540332
3,0;2,99995;0,00413481;1,8065099999999998;-0,006000775;0,8739179693395747
3,0;2,99995;0,004821965;1,806095;-0,00700063;0,8740470493012424
3,0;2,99995;0,005508145000000001;1,805885;-0,00800064;0,8744654965896428
3,0;2,99995;0,00619532;1,8061150000000001;-0,009000254999999999;0,8745509824905129
3,0;2,99996;0,0068796;1,805065;-0,009999935000000001;0,874595983639608
3,0;2,99994;0,01365465;1,80157;-0,020000450000000003;0,8795855089501945
3,0;2,99992;0,020676;1,8029600000000001;-0,030001350000000003;0,872155940334308
3,0;2,9999;0,027546;1,79947;-0,0400023;0,8710329451710712
3,0;2,99992;0,03416745;1,797685;-0,05000275;0,877011405679397
3,0;2,9999;0,0412396;1,79697;-0,060002;0,8716021413758831
3,0;2,99989;0,0480818;1,796145;-0,07000075;0,8717388638574772
3,0;2,99989;0,0548779;1,794915;-0,079999;0,872158156969015
3,25;3,249465;1,449525e-06;1,805315;-5,00073e-07;0,19139493831047094
3,25;3,24985;7,09833e-07;1,80834;-6,00067e-07;0,47105136451546636
3,25;3,249355;1,169275e-06;1,8057150000000002;-7,00051e-07;0,3328191983656449
3,25;3,24947;1,280675e-06;1,8064;-8,000299999999999e-07;0,34856538961253003
3,25;3,249285;1,18303e-06;1,8067600000000001;-9,000165e-07;0,422752980867943
3,25;3,249245;1,22047e-06;1,806065;-9,999905e-07;0,45551849293651636
3,25;3,24906;1,9608050000000003e-06;1,80598;-2,0002e-06;0,5671169196259611
3,25;3,24914;2,5782150000000004e-06;1,8057750000000001;-3,00042e-06;0,6471974288216367
3,25;3,24917;3,20477e-06;1,80592;-4,00044e-06;0,6946623573002603
3,25;3,249245;3,774005e-06;1,805795;-5,000375e-06;0,7364402094623307
3,25;3,249425;4,59382e-06;1,805965;-6,00041e-06;0,7260397527052718
3,25;3,249435;5,0954250000000004e-06;1,805755;-7,0001650000000004e-06;0,763689813614008
3,25;3,2495450000000003;5,719775000000001e-06;1,805965;-7,99989e-06;0,7773191402577224
3,25;3,2495649999999996;6,3774650000000004e-06;1,805965;-8,999775e-06;0,7842819472689442
3,25;3,24964;7,00813e-06;1,805925;-9,99937e-06;0,7929350250403158
3,25;3,24955;1,342925e-05;1,805765;-2,00054e-05;0,8278146048784092
3,25;3,24969;1,97362e-05;1,805745;-3,00071e-05;0,8448421802416265
3,25;3,249645;2,629005e-05;1,8057400000000001;-4,0007149999999995e-05;0,8455556412235559
3,25;3,2498250000000004;3,2770149999999997e-05;1,8055400000000001;-5,00091e-05;0,847947889343843
3,25;3,24991;3,914065e-05;1,8056100000000002;-6,000725e-05;0,8517941401339747
3,25;3,249925;4,5551749999999996e-05;1,80556;-7,00063e-05;0,853658564678942
3,25;3,24993;5,17487e-05;1,80538;-8,000355e-05;0,8587861732544771
3,25;3,24993;6,49103e-05;1,804695;-9,99989e-05;0,8555409064707661
3,25;3,24993;0,000128493;1,8052549999999998;-0,0002000325;0,8646524312127668
3,25;3,24991;0,000192134;1,8052350000000001;-0,000300046;0,8675166571494739
3,25;3,24991;0,000255738;1,80491;-0,0004000405;0,8686989117112204
3,25;3,2499;0,00031938400000000003;1,804905;-0,000500047;0,8694787000076096
3,25;3,24987;0,0003830395;1,804805;-0,000600043;0,8699529067251945
3,25;3,24987;0,000446625;1,80457;-0,000700028;0,8703669819176407
3,25;3,24989;0,000510356;1,804615;-0,000799997;0,8704299211618005
3,25;3,24987;0,000573853;1,804605;-0,000899973;0,8709630691595303
3,25;3,24987;0,000637383;1,80504;-0,000999944;0,8714576877991307
3,25;3,24988;0,00127097;1,804725;-0,00200064;0,8740650485782373
3,25;3,24993;0,0018962;1,80517;-0,003000765;0,8789149074751634
3,25;3,24993;0,002522725;1,80637;-0,00400084;0,8813464400698569
3,25;3,24992;0,00315031;1,8062200000000002;-0,005000985;0,8822985556921759
3,25;3,24993;0,0037791049999999996;1,806365;-0,006000835;0,8826202367761828
3,25;3,24992;0,004408540000000001;1,806565;-0,007000655;0,8827108621979887
3,25;3,24992;0,005039129999999999;1,807355;-0,008000605000000001;0,8829889689949453
3,25;3,24991;0,00566484;1,806;-0,00900033;0,8829751294225803
3,25;3,24992;0,00629288;1,80571;-0,01;0,8830196753206272
3,25;3,249925;0,01267415;1,80568;-0,0200004;0,8767061622214058
3,25;3,2499;0,01899225;1,801045;-0,03000175;0,8754705316459794
3,25;3,24987;0,025136199999999997;1,79873;-0,0400027;0,8808434241196552
3,25;3,24987;0,031588649999999996;1,7989899999999999;-0,050002950000000004;0,8762371351530277
3,25;3,24985;0,0376981;1,79687;-0,0600021;0,8800458467926742
3,25;3,24986;0,04399865;1,795525;-0,07000085;0,8789832365497043
3,25;3,249855;0,0503442;1,794855;-0,0799992;0,8776528799255658
3,5;3,499255;1,378505e-06;1,8058100000000001;-5,00071e-07;0,18765012428409183
3,5;3,499425;1,3686299999999999e-06;1,805415;-6,00059e-07;0,22598329339598122
3,5;3,49944;1,20474e-06;1,8063500000000001;-7,00048e-07;0,3010138503509579
3,5;3,499325;1,1359450000000002e-06;1,8054649999999999;-8,000295e-07;0,3647588811691195
3,5;3,499635;1,3341149999999998e-06;1,80793;-9,000165e-07;0,3495877996668895
3,5;3,49939;1,2645599999999999e-06;1,8057050000000001;-9,99986e-07;0,4088745953043683
3,5;3,4991;1,7662000000000001e-06;1,8058299999999998;-2,0002e-06;0,5848838898360141
3,5;3,499295;2,48649e-06;1,80621;-3,0003949999999998e-06;0,6228014228466541
3,5;3,499365;3,01626e-06;1,806025;-4,00044e-06;0,6849579688613234
3,5;3,4993;3,589625e-06;1,805955;-5,00039e-06;0,7189679489524398
3,5;3,499355;4,248105e-06;1,8058999999999998;-6,0004e-06;0,7289026942851122
3,5;3,49938;4,73911e-06;1,80594;-7,00017e-06;0,7623258742807788
3,5;3,49958;5,431635e-06;1,805925;-7,99989e-06;0,7599839598063698
3,5;3,49957;5,862135e-06;1,805925;-8,99977e-06;0,7922460876908413
3,5;3,49963;6,495315e-06;1,805915;-9,999395e-06;0,7943515201103821
3,5;3,4995849999999997;1,2292400000000001e-05;1,80558;-2,00059e-05;0,8396699324847156
3,5;3,499645;1,836545e-05;1,80564;-3,000635e-05;0,8429798324579463
3,5;3,4997350000000003;2,44794e-05;1,805485;-4,00073e-05;0,843082843310331
3,5;3,499815;2,994735e-05;1,80533;-5,00083e-05;0,8614209656144829
3,5;3,49985;3,592145e-05;1,8055150000000002;-6,0006150000000005e-05;0,8616928079138406
3,5;3,49987;4,172705e-05;1,80533;-7,000645e-05;0,8654680922539917
3,5;3,49988;4,790275e-05;1,80515;-8,000375e-05;0,8615185173876669
3,5;3,4999;5,9454849999999995e-05;1,80453;-9,999895e-05;0,8672474826912293
3,5;3,4999;0,000118977;1,804175;-0,000200035;0,8667277559180165
3,5;3,49989;0,00017779850000000002;1,8039800000000001;-0,0003000485;0,869930983304931
3,5;3,49991;0,000236655;1,80383;-0,00040004;0,8712004954417069
3,5;3,49987;0,00029555149999999997;1,8037100000000001;-0,000500045;0,8719862166182629
3,5;3,49985;0,000354376;1,803695;-0,000600036;0,8726235180602839
3,5;3,49986;0,000413178;1,80363;-0,000700025;0,8732051314163465
3,5;3,49985;0,00047192;1,80393;-0,000799992;0,8737593302860542
3,5;3,49986;0,000530737;1,803465;-0,000899967;0,8737950764030036
3,5;3,49985;0,0005894415;1,8038349999999999;-0,00099994;0,8743145494203981
3,5;3,499855;0,00117077;1,8039749999999999;-0,002000675;0,8808694131908925
3,5;3,4999;0,0017494350000000001;1,8054000000000001;-0,00300083;0,8848367001728301
3,5;3,4999;0,002337595;1,807695;-0,004000965;0,8840654347821163
3,5;3,499895;0,002926715;1,807915;-0,00500095;0,8826326864212566
3,5;3,49989;0,003521065;1,8088250000000001;-0,00600075;0,8808344505615937
3,5;3,499895;0,00411848;1,80951;-0,0070006849999999995;0,878789833983241
3,5;3,49989;0,0047136750000000005;1,809475;-0,008000614999999999;0,8775659542381256
3,5;3,49989;0,005302175;1,80959;-0,009000335000000002;0,8776429044023903
3,5;3,499885;0,00588941;1,8093;-0,0100001;0,877670602625627
3,5;3,4998750000000003;0,01173815;1,803855;-0,0200004;0,8782066767206058
3,5;3,49987;0,017498399999999997;1,800115;-0,0300015;0,8817902388962882
3,5;3,49984;0,0234106;1,80108;-0,040002750000000004;0,8793827921310324
3,5;3,49982;0,029127899999999998;1,79753;-0,0500032;0,881656350733226
3,5;3,49983;0,03500695;1,797075;-0,0600021;0,880109120157158
3,5;3,499815;0,04079585;1,7957649999999998;-0,0700007;0,8804496919389377
3,5;3,4998250000000004;0,046527200000000005;1,79428;-0,07999925;0,8815348175349162
4,0;3,9946099999999998;1,3433e-06;1,808325;-5,000709999999999e-07;0,1695040801496131
4,0;3,9995649999999996;1,09095e-06;1,807955;-6,00064e-07;0,24864276437209948
4,0;3,999775;8,045335000000001e-07;1,810725;-7,00052e-07;0,3942633571589568
4,0;3,999155;1,1595449999999998e-06;1,80596;-8,000375e-07;0,3122149571508068
4,0;3,989965;9,907755e-07;1,807235;-9,000235e-07;0,4113958720449721
4,0;3,99959;1,240785e-06;1,80792;-9,999895000000002e-07;0,3649888963639254
4,0;3,99937;1,6883699999999998e-06;1,8065099999999998;-2,000225e-06;0,5351559836552937
4,0;3,999175;2,2540699999999997e-06;1,807205;-3,00039e-06;0,6013738182531426
4,0;3,9992;2,6065100000000002e-06;1,80653;-4,00046e-06;0,6932997722586374
4,0;3,999225;3,150025e-06;1,8068499999999998;-5,00039e-06;0,7173233145985979
4,0;3,99932;3,757695e-06;1,80693;-6,00045e-06;0,7214741393081403
4,0;3,99927;4,175555e-06;1,80729;-7,0002e-06;0,7576170935834052
4,0;3,99941;4,760505e-06;1,80682;-7,99992e-06;0,7594120956672139
4,0;3,999485;5,2626650000000005e-06;1,806875;-8,9998e-06;0,7726258742876329
4,0;3,99956;5,8559999999999995e-06;1,807175;-9,999395e-06;0,7713861907119363
4,0;3,999455;1,0807700000000002e-05;1,8068849999999999;-2,0006199999999998e-05;0,8362121029556577
4,0;3,99961;1,60487e-05;1,80686;-3,00063e-05;0,8445766293399601
4,0;3,99974;2,10705e-05;1,8068;-4,00074e-05;0,857771434750086
4,0;3,9997249999999998;2,632185e-05;1,80701;-5,00084e-05;0,8583102194998102
4,0;3,99975;3,1382000000000005e-05;1,8067950000000002;-6,000645e-05;0,8636585267928774
4,0;3,99983;3,657755e-05;1,8069;-7,00061e-05;0,8645091277448338
4,0;3,99986;4,18305e-05;1,80681;-8,000269999999999e-05;0,8639679533564211
4,0;3,999855;5,18188e-05;1,80688;-9,99997e-05;0,8715719102330752
4,0;3,999885;0,0001039045;1,803285;-0,0002000355;0,8680004002248585
4,0;3,99987;0,00015524149999999998;1,80278;-0,00030005;0,8710989264636844
4,0;3,99988;0,000206536;1,802575;-0,000400044;0,8727925416166635
4,0;3,99987;0,000257885;1,803515;-0,000500045;0,874000425252335
4,0;3,999855;0,0003090975;1,80292;-0,000600039;0,875100315401333
4,0;3,999855;0,000360314;1,8035;-0,000700027;0,8760533067730863
4,0;3,99985;0,0004115145;1,803175;-0,000799995;0,8764291129751356
4,0;3,99986;0,000462554;1,803375;-0,000899969;0,8770941184688752
4,0;3,99986;0,0005135675;1,803015;-0,0009999405000000001;0,8777418403047328
4,0;3,99984;0,00101788;1,805495;-0,002000635;0,8871879867775949
4,0;3,99989;0,001535895;1,8076949999999998;-0,00300067;0,8829049147186974
4,0;3,99988;0,002050915;1,808215;-0,004000915;0,8819474054820413
4,0;3,99987;0,0025632199999999997;1,8079100000000001;-0,00500089;0,881983348723752
4,0;3,9999;0,0030736799999999996;1,806965;-0,00600081;0,8819249592091714
4,0;3,999885;0,0035826850000000004;1,809075;-0,00700066;0,8837116076967295
4,0;3,99988;0,004100685;1,80833;-0,00800065;0,8821010470219963
4,0;3,99989;0,00461276;1,8082449999999999;-0,00900032;0,8820630764299563
4,0;3,99987;0,005121685;1,8074599999999998;-0,01;0,881948105472923
4,0;3,99988;0,01018405;1,80314;-0,0200007;0,8853130405397891
4,0;3,999855;0,01531305;1,80295;-0,0300015;0,8831407128405921
4,0;3,99985;0,0203358;1,799275;-0,0400026;0,8848608842979644
4,0;3,99983;0,025439749999999997;1,799115;-0,0500027;0,8840701164483671
4,0;3,99981;0,03045745;1,7980800000000001;-0,0600022;0,885629403707176
4,0;3,99981;0,0355272;1,79677;-0,0700009;0,8851104072089064
4,0;3,99982;0,0405195;1,79452;-0,07999945;0,8858177887418842
4,5;4,499775;9,20824e-07;1,80983;-5,00067e-07;0,218513637841329
4,5;4,498735;1,16074e-06;1,8090350000000002;-6,00063e-07;0,2075984166686622
4,5;4,499734999999999;1,288405e-06;1,8108749999999998;-7,000515e-07;0,21853720326129375
4,5;4,499245;1,18986e-06;1,809385;-8,000355e-07;0,2708115489344004
4,5;4,49915;1,39985e-06;1,808365;-9,00021e-07;0,2579796918621106
4,5;4,4993300000000005;1,2404500000000001e-06;1,80839;-9,999934999999999e-07;0,3251278520360084
4,5;4,499175;1,6337499999999998e-06;1,8093650000000001;-2,00021e-06;0,49204855490605015
4,5;4,498965;2,20743e-06;1,810025;-3,00044e-06;0,5469830492078809
4,5;4,49911;2,665055e-06;1,809955;-4,000455e-06;0,6041220730106442
4,5;4,499040000000001;3,17544e-06;1,8091599999999999;-5,0004e-06;0,6333920771629737
4,5;4,49904;3,473165e-06;1,809545;-6,000415e-06;0,6949451978275083
4,5;4,49918;3,982405e-06;1,8092350000000001;-7,0002e-06;0,7068401860889633
4,5;4,499155;4,55685e-06;1,8092350000000001;-7,99991e-06;0,7060186007706408
4,5;4,499245;4,98291e-06;1,80937;-8,99981e-06;0,7263219968947807
4,5;4,4992350000000005;5,405354999999999e-06;1,809585;-9,99939e-06;0,7439619691644495
4,5;4,499245;1,01392e-05;1,80918;-2,000555e-05;0,7935405654801542
4,5;4,499495;1,4520600000000001e-05;1,80894;-3,000615e-05;0,8308141497931424
4,5;4,499625;1,920015e-05;1,809065;-4,00069e-05;0,8378136678788146
4,5;4,49958;2,3697800000000002e-05;1,80904;-5,0008149999999997e-05;0,8483842255642247
4,5;4,4996;2,8392600000000003e-05;1,808815;-6,00068e-05;0,8495712045038548
4,5;4,499665;3,277565e-05;1,8087650000000002;-7,000645e-05;0,8586146310613674
4,5;4,499734999999999;3,738745e-05;1,80881;-8,000395e-05;0,8602891667565471
4,5;4,4998249999999995;4,67876e-05;1,80861;-0,0001;0,8590826786365071
4,5;4,49987;9,26613e-05;1,802555;-0,0002000355;0,8645785594635611
4,5;4,49988;0,000138218;1,8023799999999999;-0,0003000495;0,8696448303990351
4,5;4,49987;0,000183513;1,80263;-0,0004000445;0,8732809488437707
4,5;4,49988;0,0002290805;1,80328;-0,000500044;0,8747831531469528
4,5;4,49984;0,0002746805;1,80348;-0,000600038;0,8755279183012159
4,5;4,49986;0,000319849;1,803035;-0,000700026;0,8769120811304814
4,5;4,4998450000000005;0,0003647535;1,803215;-0,0007999945;0,8789122338290365
4,5;4,49985;0,000409758;1,8034;-0,000899969;0,8803020095292275
4,5;4,49984;0,0004547895;1,80332;-0,000999942;0,8811895095719113
4,5;4,49985;0,0009101364999999999;1,8074400000000002;-0,002000755;0,8829725440085556
4,5;4,49984;0,001364985;1,80839;-0,003000805;0,8834358540562464
4,5;4,49987;0,00181886;1,808415;-0,00400099;0,8838718590278919
4,5;4,49987;0,0022676099999999998;1,809315;-0,00500089;0,8866576935094848
4,5;4,49988;0,002727285;1,81168;-0,006000865;0,8858054286043111
4,5;4,49988;0,0031859749999999997;1,811795;-0,007000655;0,8845882593635277
4,5;4,49988;0,00364263;1,8124799999999999;-0,008000614999999999;0,8846474631976402
4,5;4,49988;0,004097685;1,8124500000000001;-0,00900033;0,8846734500654732
4,5;4,49986;0,004548705;1,81154;-0,009999945;0,885052885663099
4,5;4,499865;0,009076714999999999;1,80683;-0,020000650000000002;0,8847663475393754
4,5;4,499855;0,013570249999999999;1,801565;-0,0300018;0,8851297731857906
4,5;4,49984;0,01808315;1,80194;-0,040002949999999995;0,8858904823418855
4,5;4,4998249999999995;0,02252875;1,798465;-0,0500029;0,8870507090752693
4,5;4,4998;0,02702885;1,79708;-0,0600022;0,8865568202165881
4,5;4,49981;0,03147415;1,795865;-0,07000085;0,8876768792563453
4,5;4,499815;0,035953;1,794765;-0,0799992;0,8874659707575332
