V_out_nom;V_inp_nom;I_inp_nom;V_inp;I_inp;V_out;I_out;eta
2,0;0,35;0,05;0,389133;0,0499997;2,00073;-0,00637171;0,655207748363003
2,0;0,35;0,05;0,389085;0,0499995;2,00073;-0,00637299;0,655422840268728
2,0;0,35;0,05;0,389203;0,0499995;2,00073;-0,00637305;0,6552302955166508
2,0;0,35;0,05;0,389176;0,0499997;2,00073;-0,00637583;0,6555589704527188
2,0;0,35;0,05;0,389269;0,0499996;2,00073;-0,00637452;0,6552690006120929
2,0;0,35;0,05;0,389313;0,0500001;2,00073;-0,00637287;0,6550187994938063
2,0;0,35;0,05;0,389138;0,0500001;2,00073;-0,00637462;0,6554933193295989
2,0;0,35;0,04;0,377582;0,0399985;2,00075;-0,00528262;0,6998213848208592
2,0;0,35;0,04;0,377581;0,0399983;2,00074;-0,00528415;0,7000259288095391
2,0;0,35;0,04;0,377542;0,0399983;2,00074;-0,00528286;0,6999273289288445
2,0;0,35;0,04;0,377511;0,0399985;2,00073;-0,0052815;0,6997976063572492
2,0;0,35;0,04;0,377499;0,0399987;2,00073;-0,00528349;0,7000800340574816
2,0;0,35;0,04;0,377494;0,0399987;2,00072;-0,00528148;0,6998194737233001
2,0;0,35;0,04;0,377607;0,039999;2,00073;-0,00528371;0,699903695961338
2,0;0,35;0,03;0,362885;0,0299991;2,00074;-0,00381798;0,7016928664851828
2,0;0,35;0,03;0,362947;0,0299987;2,00072;-0,00381823;0,7016212810080444
2,0;0,35;0,03;0,362938;0,029999;2,00073;-0,00381821;0,7016314946383313
2,0;0,35;0,03;0,36294;0,0299989;2,00072;-0,00381741;0,7014794538719243
2,0;0,35;0,03;0,362876;0,0299988;2,00073;-0,0038174;0,7016071805693687
2,0;0,35;0,03;0,362889;0,0299987;2,00072;-0,00381898;0,7018712588300204
2,0;0,35;0,03;0,362988;0,0299987;2,00073;-0,00381848;0,7015914723049572
2,0;0,35;0,02;0,3523;0,019997;2,00072;-0,00272647;0,7743005132859057
2,0;0,35;0,02;0,352189;0,019997;2,00072;-0,00272585;0,774368419246146
2,0;0,35;0,02;0,352203;0,0199972;2,00074;-0,00272608;0,7744029708632141
2,0;0,35;0,02;0,352225;0,0199971;2,00073;-0,00272607;0,7743517630270741
2,0;0,35;0,02;0,352183;0,0199973;2,00072;-0,00272551;0,7742734060436752
2,0;0,35;0,02;0,352167;0,0199974;2,00073;-0,00272601;0,7744506300679935
2,0;0,35;0,02;0,352157;0,0199975;2,00073;-0,00272554;0,7743352202455708
2,0;0,35;0,01;0,347309;0,00999931;2,00071;-0,00138109;0,79564631067318
2,0;0,35;0,01;0,347301;0,00999937;2,00072;-0,00138073;0,7954564401411984
2,0;0,35;0,01;0,347287;0,0099994;2,00072;-0,00138059;0,7954054615306392
2,0;0,35;0,01;0,347222;0,00999936;2,00072;-0,00138065;0,7955921186259606
2,0;0,35;0,01;0,347155;0,00999948;2,00072;-0,00138045;0,7956208465822464
2,0;0,35;0,01;0,347166;0,00999942;2,00073;-0,00138005;0,7953738528600788
2,0;0,35;0,01;0,347085;0,00999941;2,00073;-0,00138015;0,7956179138412028
2,0;0,35;0,008;0,343809;0,00799965;2,00071;-0,00109153;0,7940202747967733
2,0;0,35;0,008;0,343778;0,00799961;2,00072;-0,00109142;0,7940197886967091
2,0;0,35;0,008;0,34377;0,00799962;2,0007;-0,00109135;0,7939784101521591
2,0;0,35;0,008;0,343761;0,00799958;2,00071;-0,0010912;0,793898004242836
2,0;0,35;0,008;0,343704;0,00799953;2,00071;-0,00109133;0,79412922479583
2,0;0,35;0,008;0,343707;0,00799954;2,00071;-0,001091;0,7938811715928425
2,0;0,35;0,008;0,343722;0,00799952;2,0007;-0,00109108;0,7939027540004556
2,0;0,35;0,006;0,349759;0,00599944;2,00071;-0,000833281;0,794503856007297
2,0;0,35;0,006;0,349686;0,00599945;2,00071;-0,000832902;0,7943069531578197
2,0;0,35;0,006;0,349664;0,0059994;2,00072;-0,0008327;0,7941748653069144
2,0;0,35;0,006;0,349539;0,00599944;2,00072;-0,000832194;0,7939708172710718
2,0;0,35;0,006;0,349434;0,00599947;2,00072;-0,000831627;0,7936643057464821
2,0;0,35;0,006;0,34923;0,00599951;2,00074;-0,000831607;0,7941114641152633
2,0;0,35;0,006;0,349217;0,00599946;2,00072;-0,00083147;0,7940088781259845
2,0;0,35;0,005;0,347734;0,00499948;2,00075;-0,000689192;0,7931604701344819
2,0;0,35;0,005;0,347686;0,00499953;2,00076;-0,000689172;0,7932429815841125
2,0;0,35;0,005;0,34765;0,00499952;2,00076;-0,000689028;0,7931609478692321
2,0;0,35;0,005;0,347559;0,00499947;2,00075;-0,000688941;0,7932724121672229
2,0;0,35;0,005;0,347615;0,00499954;2,00074;-0,00068889;0,7930708357962396
2,0;0,35;0,005;0,347458;0,00499951;2,00074;-0,000688599;0,7930987870959941
2,0;0,35;0,005;0,347508;0,00499944;2,00074;-0,000688719;0,7931339707194898
2,0;0,35;0,004;0,345958;0,00399924;2,00076;-0,000547836;0,7922180233755454
2,0;0,35;0,004;0,345927;0,00399932;2,00076;-0,000547712;0,7920938417928919
2,0;0,35;0,004;0,345916;0,00399928;2,00077;-0,000547863;0,7923492962492312
2,0;0,35;0,004;0,345918;0,00399928;2,00075;-0,000547917;0,7924148912195415
2,0;0,35;0,004;0,345951;0,00399932;2,00076;-0,000547771;0,7921242101848193
2,0;0,35;0,004;0,345932;0,00399934;2,00073;-0,000547905;0,7923456598004801
2,0;0,35;0,004;0,346003;0,00399941;2,00072;-0,000547944;0,7922216318978215
2,0;0,35;0,003;0,344109;0,00299924;2,00075;-0,000407943;0,7908335036028599
2,0;0,35;0,003;0,344041;0,00299927;2,00074;-0,000407906;0,790906206409872
2,0;0,35;0,003;0,344096;0,00299923;2,00074;-0,000407879;0,7907379913265434
2,0;0,35;0,003;0,344051;0,0029993;2,00075;-0,000407902;0,790871505089399
2,0;0,35;0,003;0,344022;0,00299932;2,00075;-0,000407853;0,7908378867043316
2,0;0,35;0,003;0,344028;0,00299929;2,00074;-0,000407924;0,7909657207669518
2,0;0,35;0,003;0,344027;0,00299934;2,00074;-0,000407949;0,7910033086035535
2,0;0,35;0,002;0,342035;0,00199927;2,00073;-0,000269752;0,7892437641225736
2,0;0,35;0,002;0,341981;0,0019992;2,00073;-0,000269646;0,7890858314780468
2,0;0,35;0,002;0,341972;0,00199915;2,00073;-0,00026975;0,7894306934692622
2,0;0,35;0,002;0,341991;0,0019991;2,00075;-0,000269727;0,7893471610546193
2,0;0,35;0,002;0,341954;0,00199909;2,00074;-0,000269659;0,789233551718432
2,0;0,35;0,002;0,342004;0,00199913;2,00074;-0,000269741;0,7893423351851474
2,0;0,35;0,002;0,341978;0,00199912;2,00073;-0,000269718;0,7893350407516538
2,0;0,35;0,001;0,349856;0,000999962;2,00069;-0,0001378;0,7880543961265057
2,0;0,35;0,001;0,349943;0,000999963;2,0007;-0,000137822;0,7879874098784445
2,0;0,35;0,001;0,34995;0,000999965;2,0007;-0,000137733;0,787461231953234
2,0;0,35;0,001;0,349923;0,000999964;2,0007;-0,000137826;0,7880545305755783
2,0;0,35;0,001;0,349974;0,000999961;2,00071;-0,000137795;0,7877687676652584
2,0;0,35;0,001;0,350045;0,000999963;2,00071;-0,00013782;0,7877503031839637
2,0;0,35;0,001;0,350052;0,000999964;2,00071;-0,000137889;0,7881281440471442
2,0;0,35;0,0008;0,349465;0,000799996;2,00071;-0,000109972;0,7870000580741319
2,0;0,35;0,0008;0,349496;0,000799996;2,00072;-0,000109922;0,7865763966583927
2,0;0,35;0,0008;0,349487;0,000799995;2,0007;-0,000109884;0,7863178488732423
2,0;0,35;0,0008;0,349494;0,000799995;2,0007;-0,000109959;0,7868387807700713
2,0;0,35;0,0008;0,349485;0,000799995;2,00071;-0,000109872;0,7862404073713603
2,0;0,35;0,0008;0,349431;0,000799995;2,00072;-0,000109882;0,7864374120643872
2,0;0,35;0,0008;0,349504;0,000799995;2,00072;-0,000109948;0,786745421416346
2,0;0,35;0,0006;0,349305;0,000600001;2,00072;-8,21865e-05;0,7845669745486655
2,0;0,35;0,0006;0,349272;0,000600001;2,00071;-8,22247e-05;0,7850018770367336
2,0;0,35;0,0006;0,349299;0,000600003;2,00072;-8,22881e-05;0,7855477411371475
2,0;0,35;0,0006;0,349315;0,000600006;2,00072;-8,22083e-05;0,7847460755790984
2,0;0,35;0,0006;0,349278;0,000600006;2,00073;-8,22768e-05;0,7854870902444496
2,0;0,35;0,0006;0,3493;0,000600007;2,00072;-8,2246e-05;0,7851383594722648
2,0;0,35;0,0006;0,349294;0,000600006;2,00075;-8,21944e-05;0,7846723262351432
2,0;0,35;0,0005;0,349359;0,000500013;2,00071;-6,84212e-05;0,7836490256674684
2,0;0,35;0,0005;0,34942;0,000500011;2,00071;-6,84873e-05;0,7842722885830588
2,0;0,35;0,0005;0,349406;0,000500011;2,00071;-6,85059e-05;0,7845167165170241
2,0;0,35;0,0005;0,349435;0,000500011;2,00072;-6,83857e-05;0,7830791289721422
2,0;0,35;0,0005;0,349322;0,00050001;2,00072;-6,84673e-05;0,7842687081424207
2,0;0,35;0,0005;0,349375;0,000500008;2,00071;-6,84453e-05;0,7838969884560558
2,0;0,35;0,0005;0,349375;0,000500011;2,00071;-6,84191e-05;0,7835922210698845
2,0;0,35;0,0004;0,349404;0,000399998;2,00073;-5,45939e-05;0,7815322641412122
2,0;0,35;0,0004;0,34933;0,000399997;2,00073;-5,46697e-05;0,7827851117279453
2,0;0,35;0,0004;0,34939;0,000399997;2,00073;-5,46423e-05;0,7822584276797856
2,0;0,35;0,0004;0,349381;0,000399999;2,00073;-5,45921e-05;0,7815559896918639
2,0;0,35;0,0004;0,349405;0,000399999;2,00073;-5,46512e-05;0,7823483402671815
2,0;0,35;0,0004;0,349382;0,000399999;2,00073;-5,46106e-05;0,7818186032147278
2,0;0,35;0,0004;0,349348;0,000399997;2,00073;-5,45729e-05;0,7813588249784481
2,0;0,35;0,0003;0,34937;0,000300003;2,00072;-4,08576e-05;0,7799162304910712
2,0;0,35;0,0003;0,349369;0,000300003;2,0007;-4,07636e-05;0,778116346621197
2,0;0,35;0,0003;0,349367;0,000300003;2,00072;-4,0816e-05;0,7791288331400394
2,0;0,35;0,0003;0,349365;0,000300002;2,00072;-4,08191e-05;0,7791950663349343
2,0;0,35;0,0003;0,349337;0,000300001;2,00072;-4,07465e-05;0,7778741419677929
2,0;0,35;0,0003;0,349363;0,000300002;2,00072;-4,08332e-05;0,7794686831840127
2,0;0,35;0,0003;0,349385;0,000300001;2,00073;-4,07938e-05;0,7786740264271531
2,0;0,35;0,0002;0,349285;0,000199984;2,00072;-2,69864e-05;0,7729583281846422
2,0;0,35;0,0002;0,349304;0,000199983;2,00071;-2,69537e-05;0,7719797264318207
2,0;0,35;0,0002;0,349341;0,000199982;2,00071;-2,69996e-05;0,7732163102364541
2,0;0,35;0,0002;0,349307;0,000199984;2,00071;-2,69558e-05;0,7720293813504137
2,0;0,35;0,0002;0,349305;0,000199985;2,00072;-2,69599e-05;0,7721512270403432
2,0;0,35;0,0002;0,349353;0,000199983;2,00072;-2,69995e-05;0,773186885438021
2,0;0,35;0,0002;0,349266;0,000199984;2,00072;-2,69329e-05;0,7714679191250773
2,0;0,35;0,0001;0,349159;9,99912e-05;2,00072;-1,31365e-05;0,7528023433415122
2,0;0,35;0,0001;0,349224;9,99901e-05;2,00073;-1,31473e-05;0,7532930698459538
2,0;0,35;0,0001;0,349218;9,99904e-05;2,00074;-1,31945e-05;0,7560119597114596
2,0;0,35;0,0001;0,34921;9,99897e-05;2,00074;-1,31209e-05;0,7518173491597018
2,0;0,35;0,0001;0,349115;9,99898e-05;2,00073;-1,31637e-05;0,754470479641588
2,0;0,35;0,0001;0,349109;9,99899e-05;2,00074;-1,31892e-05;0,7559480128376415
2,0;0,35;0,0001;0,349056;9,99901e-05;2,00073;-1,3115e-05;0,7518040636751862
2,0;0,35;8e-05;0,349229;7,9993e-05;2,00073;-1,04204e-05;0,7462950988906144
2,0;0,35;8e-05;0,349186;7,99924e-05;2,00074;-1,03761e-05;0,7432231922891931
2,0;0,35;8e-05;0,349176;7,99927e-05;2,00074;-1,03873e-05;0,7440439477052128
2,0;0,35;8e-05;0,349163;7,99931e-05;2,00074;-1,04274e-05;0,7469403911367956
2,0;0,35;8e-05;0,349212;7,99936e-05;2,00072;-1,03787e-05;0,7433354948684084
2,0;0,35;8e-05;0,349134;7,99935e-05;2,00074;-1,04245e-05;0,7467909483078542
2,0;0,35;8e-05;0,349132;7,99923e-05;2,00072;-1,04e-05;0,7450438127091051
2,0;0,35;6e-05;0,349328;5,99925e-05;2,00073;-7,60352e-06;0,7258933524341804
2,0;0,35;6e-05;0,349199;5,99925e-05;2,00072;-7,61641e-06;0,7273889120198495
2,0;0,35;6e-05;0,349096;5,99933e-05;2,00072;-7,56704e-06;0,7228775197586179
2,0;0,35;6e-05;0,349008;5,99933e-05;2,00073;-7,63971e-06;0,7300073352463937
2,0;0,35;6e-05;0,348922;5,99934e-05;2,00073;-7,6184e-06;0,7281492843773288
2,0;0,35;6e-05;0,348954;5,99939e-05;2,00072;-7,60801e-06;0,7270798559641458
2,0;0,35;6e-05;0,348868;5,99937e-05;2,00073;-7,71373e-06;0,7373711388273455
2,0;0,35;5e-05;0,348989;4,99931e-05;2,00074;-6,30928e-06;0,7235168508585441
2,0;0,35;5e-05;0,348943;4,99924e-05;2,00074;-6,25219e-06;0,7170746098164088
2,0;0,35;5e-05;0,348954;4,99922e-05;2,00075;-6,25773e-06;0,7176938362163724
2,0;0,35;5e-05;0,348972;4,99925e-05;2,00072;-6,33032e-06;0,7259664325552916
2,0;0,35;5e-05;0,348903;4,99924e-05;2,00072;-6,23331e-06;0,7149840431174124
2,0;0,35;5e-05;0,348933;4,9992e-05;2,00072;-6,23298e-06;0,7148904423791298
2,0;0,35;5e-05;0,348837;4,99929e-05;2,00073;-6,30148e-06;0,7229365352979392
2,0;0,35;4e-05;0,349177;3,99922e-05;2,00074;-4,90062e-06;0,7021352194347156
2,0;0,35;4e-05;0,349165;3,99918e-05;2,00072;-4,81996e-06;0,6906024137279418
2,0;0,35;4e-05;0,349102;3,9992e-05;2,00072;-4,82383e-06;0,6912781773202438
2,0;0,35;4e-05;0,349222;3,99921e-05;2,00073;-4,83668e-06;0,6928832046565024
2,0;0,35;4e-05;0,349236;3,99916e-05;2,00073;-4,80512e-06;0,6883430580381334
2,0;0,35;4e-05;0,349179;3,99922e-05;2,00072;-4,86215e-06;0,696612485223741
2,0;0,35;4e-05;0,349001;3,99924e-05;2,00071;-4,85215e-06;0,6955273658650855
2,0;0,35;3e-05;0,349315;2,99919e-05;2,00072;-3,45188e-06;0,6592054490881419
2,0;0,35;3e-05;0,349251;2,99915e-05;2,00072;-3,47826e-06;0,6643738199345056
2,0;0,35;3e-05;0,349233;2,99916e-05;2,00072;-3,42866e-06;0,6549314177045041
2,0;0,35;3e-05;0,349226;2,99919e-05;2,00072;-3,48759e-06;0,6661947230159032
2,0;0,35;3e-05;0,349206;2,99916e-05;2,00072;-3,48267e-06;0,6652996670674348
2,0;0,35;3e-05;0,349236;2,99918e-05;2,00073;-3,46823e-06;0,6624831521972109
2,0;0,35;3e-05;0,349242;2,99915e-05;2,00072;-3,54959e-06;0,6780158584899899
2,0;0,35;2e-05;0,349246;1,999e-05;2,00071;-2,15987e-06;0,6189670354581951
2,0;0,35;2e-05;0,349401;1,99903e-05;2,00073;-2,12622e-06;0,6090503930897508
2,0;0,35;2e-05;0,349263;1,9991e-05;2,00071;-2,11631e-06;0,6064239259607911
2,0;0,35;2e-05;0,349279;1,99911e-05;2,00073;-2,21151e-06;0,6336774099197674
2,0;0,35;2e-05;0,349134;1,99912e-05;2,00073;-2,10984e-06;0,6047933368947987
2,0;0,35;2e-05;0,349283;1,99914e-05;2,00072;-2,0954e-06;0,6003888188413373
2,0;0,35;2e-05;0,349139;1,99917e-05;2,00073;-2,18962e-06;0,6276378785166538
2,0;0,35;1e-05;0,349845;9,9997e-06;2,00071;-3,19999e-07;0,18300801972936545
2,0;0,35;1e-05;0,349932;9,99971e-06;2,00074;-2,788e-07;0,15940882481515745
2,0;0,35;1e-05;0,349931;9,99971e-06;2,00074;-4,33427e-07;0,24782025164294066
2,0;0,35;1e-05;0,349862;9,99971e-06;2,00074;-3,55954e-07;0,20356370784187092
2,0;0,35;1e-05;0,349859;9,99969e-06;2,00073;-3,97427e-07;0,22728264013271923
2,0;0,35;1e-05;0,3501;9,99973e-06;2,00074;-5,01314e-07;0,2864970162991887
2,0;0,35;1e-05;0,350051;9,99973e-06;2,00075;-3,62525e-07;0,20721022878663545
2,5;0,35;0,05;0,357735;0,0500003;2,50095;-0,00500457;0,6997416660306948
2,5;0,35;0,05;0,357685;0,0500001;2,50081;-0,00501392;0,7011105412599133
2,5;0,35;0,05;0,358157;0,0500003;2,50081;-0,00500698;0,6992146195783888
2,5;0,35;0,05;0,358252;0,0500003;2,50081;-0,0050211;0,7010005108442937
2,5;0,35;0,05;0,357914;0,0500006;2,50082;-0,00502002;0,7015101822343234
2,5;0,35;0,05;0,358359;0,0500006;2,50081;-0,00502346;0,7011163806005141
2,5;0,35;0,04;0,375365;0,0399986;2,50081;-0,00443813;0,7392343692867368
2,5;0,35;0,04;0,375526;0,0399988;2,5008;-0,0044383;0,7389390900369661
2,5;0,35;0,04;0,375507;0,0399986;2,50079;-0,00443958;0,7391903391817845
2,5;0,35;0,04;0,375567;0,0399989;2,50078;-0,00443925;0,7390088131448729
2,5;0,35;0,04;0,375674;0,0399988;2,50078;-0,00444155;0,7391829511211297
2,5;0,35;0,04;0,375724;0,0399989;2,50078;-0,0044421;0,7391742566391315
2,5;0,35;0,04;0,375786;0,0399988;2,50078;-0,0044436;0,739303712217975
2,5;0,35;0,03;0,363573;0,0299988;2,5008;-0,00325932;0,7473266263208228
2,5;0,35;0,03;0,363699;0,0299987;2,5008;-0,0032604;0,7473177598635619
2,5;0,35;0,03;0,363756;0,0299986;2,5008;-0,00326024;0,7471664790689054
2,5;0,35;0,03;0,363688;0,0299985;2,5008;-0,00325985;0,7472192751319446
2,5;0,35;0,03;0,363859;0,0299986;2,50081;-0,00326;0,7469029737999977
2,5;0,35;0,03;0,363787;0,0299986;2,50081;-0,00326066;0,7472020427654408
2,5;0,35;0,03;0,363651;0,0299987;2,50082;-0,00326105;0,747571386907332
2,5;0,35;0,02;0,351606;0,0199972;2,50078;-0,00223541;0,7950733728934347
2,5;0,35;0,02;0,351647;0,0199972;2,50078;-0,00223556;0,7950340165727436
2,5;0,35;0,02;0,351675;0,019997;2,50077;-0,00223562;0,7949968250409238
2,5;0,35;0,02;0,351657;0,0199971;2,50079;-0,00223563;0,7950434567250045
2,5;0,35;0,02;0,351631;0,019997;2,5008;-0,00223543;0,795038268000211
2,5;0,35;0,02;0,351663;0,0199969;2,5008;-0,00223568;0,7950588036797506
2,5;0,35;0,02;0,351695;0,019997;2,50079;-0,00223565;0,794968640866155
2,5;0,35;0,01;0,348044;0,00999922;2,50077;-0,00114163;0,8203493693002015
2,5;0,35;0,01;0,347997;0,00999912;2,50079;-0,00114148;0,820367128528025
2,5;0,35;0,01;0,347972;0,00999913;2,50079;-0,00114156;0,8204827462466214
2,5;0,35;0,01;0,347978;0,00999912;2,50078;-0,00114164;0,8205236366877104
2,5;0,35;0,01;0,347971;0,00999907;2,50079;-0,00114143;0,820396590729264
2,5;0,35;0,01;0,347957;0,00999905;2,5008;-0,00114166;0,8205998398611192
2,5;0,35;0,01;0,347917;0,00999909;2,50082;-0,00114123;0,8203883533198427
2,5;0,35;0,008;0,346345;0,00799952;2,5008;-0,000906927;0,8186126305951944
2,5;0,35;0,008;0,346264;0,00799953;2,50078;-0,000906755;0,8186412671833765
2,5;0,35;0,008;0,346133;0,00799941;2,5008;-0,00090649;0,8187305861863983
2,5;0,35;0,008;0,346027;0,00799945;2,5008;-0,000906358;0,8188580397067998
2,5;0,35;0,008;0,345976;0,00799944;2,5008;-0,000906271;0,8189011579135279
2,5;0,35;0,008;0,345907;0,00799945;2,50078;-0,000905849;0,8186755451252009
2,5;0,35;0,008;0,345797;0,00799946;2,50079;-0,000905715;0,8188170779655835
2,5;0,35;0,006;0,342257;0,00599946;2,50083;-0,000670614;0,8167559083040575
2,5;0,35;0,006;0,342166;0,00599938;2,50085;-0,000670377;0,8167018240462828
2,5;0,35;0,006;0,34207;0,00599945;2,50084;-0,000670548;0,8171266082450889
2,5;0,35;0,006;0,342102;0,00599946;2,50084;-0,000670548;0,8170488128773538
2,5;0,35;0,006;0,342037;0,00599929;2,50082;-0,000670343;0,816970863574661
2,5;0,35;0,006;0,341999;0,00599924;2,50082;-0,000670307;0,8170245683685583
2,5;0,35;0,006;0,341971;0,00599928;2,50083;-0,000669934;0,8166346056020115
2,5;0,35;0,005;0,340028;0,00499954;2,50081;-0,000554906;0,8163105128626413
2,5;0,35;0,005;0,340179;0,00499953;2,50079;-0,00055465;0,8155668455110698
2,5;0,35;0,005;0,340045;0,00499951;2,50079;-0,000554751;0,8160400673786755
2,5;0,35;0,005;0,340135;0,00499948;2,5008;-0,000554715;0,8157793576421962
2,5;0,35;0,005;0,340117;0,00499942;2,50082;-0,000554805;0,8159712128443914
2,5;0,35;0,005;0,340086;0,00499941;2,50082;-0,000554618;0,81577217059785
2,5;0,35;0,005;0,340066;0,00499941;2,5008;-0,000554504;0,8156459355159983
2,5;0,35;0,004;0,337904;0,00399944;2,50081;-0,000440343;0,8148530125432936
2,5;0,35;0,004;0,338045;0,00399933;2,50081;-0,000440293;0,8144430480099619
2,5;0,35;0,004;0,337982;0,00399934;2,50082;-0,000440361;0,8147218894054954
2,5;0,35;0,004;0,33803;0,0039993;2,50082;-0,000440378;0,8146457949461927
2,5;0,35;0,004;0,338037;0,00399932;2,50082;-0,00044035;0,8145730563266185
2,5;0,35;0,004;0,338025;0,00399938;2,50081;-0,00044035;0,8145864957267472
2,5;0,35;0,004;0,337901;0,0039993;2,50081;-0,000440212;0,8146463465560945
2,5;0,35;0,003;0,346328;0,00299932;2,50083;-0,000338693;0,8154174159277908
2,5;0,35;0,003;0,346384;0,00299932;2,50083;-0,000338744;0,8154083519220181
2,5;0,35;0,003;0,346387;0,00299931;2,50082;-0,000338775;0,8154753689235493
2,5;0,35;0,003;0,346355;0,0029994;2,5008;-0,000338679;0,8152886208025049
2,5;0,35;0,003;0,346345;0,00299935;2,5008;-0,000338623;0,8151909393319993
2,5;0,35;0,003;0,346291;0,0029993;2,5008;-0,000338758;0,8156567016395719
2,5;0,35;0,003;0,346299;0,0029993;2,50081;-0,00033863;0,8153329296212584
2,5;0,35;0,002;0,344279;0,00199917;2,50082;-0,000223933;0,8136549546163429
2,5;0,35;0,002;0,344352;0,00199921;2,50083;-0,000223996;0,8136982994190148
2,5;0,35;0,002;0,344353;0,00199922;2,50082;-0,000223923;0,81342343264536
2,5;0,35;0,002;0,344346;0,00199922;2,50081;-0,000223972;0,813614716010843
2,5;0,35;0,002;0,344349;0,00199925;2,50082;-0,000223962;0,8135623464498636
2,5;0,35;0,002;0,344363;0,00199924;2,50081;-0,000223941;0,8134538059963988
2,5;0,35;0,002;0,344301;0,00199931;2,50081;-0,000223934;0,8135463720295772
2,5;0,35;0,001;0,339548;0,000999962;2,50078;-0,000109952;0,8098301614382735
2,5;0,35;0,001;0,339672;0,000999961;2,50078;-0,000109885;0,8090420401098296
2,5;0,35;0,001;0,339694;0,00099996;2,50078;-0,00010991;0,8091745060819052
2,5;0,35;0,001;0,339747;0,000999959;2,5008;-0,000110009;0,8097843018283456
2,5;0,35;0,001;0,339804;0,000999957;2,5008;-0,000109961;0,8092968119817237
2,5;0,35;0,001;0,339847;0,000999957;2,50078;-0,000109975;0,8092909662571727
2,5;0,35;0,001;0,339898;0,000999958;2,50079;-0,000110053;0,8097458695610625
2,5;0,35;0,0008;0,345416;0,000799996;2,5008;-8,91494e-05;0,8068022842372359
2,5;0,35;0,0008;0,34494;0,000799996;2,50081;-8,92557e-05;0,8088822084286975
2,5;0,35;0,0008;0,344927;0,000799996;2,5008;-8,91885e-05;0,8083004375512068
2,5;0,35;0,0008;0,345003;0,000799993;2,5008;-8,9167e-05;0,8079306004924838
2,5;0,35;0,0008;0,344546;0,000799992;2,50078;-8,90185e-05;0,8076494525009218
2,5;0,35;0,0008;0,344914;0,000799993;2,5008;-8,92109e-05;0,8085369499715688
2,5;0,35;0,0008;0,345026;0,000799992;2,50081;-8,91776e-05;0,8079770221687657
2,5;0,35;0,0006;0,350524;0,0006;2,50081;-6,77295e-05;0,8053590761973501
2,5;0,35;0,0006;0,350525;0,0006;2,50079;-6,78046e-05;0,8062433285024845
2,5;0,35;0,0006;0,35051;0,000600002;2,5008;-6,77103e-05;0,8051570274210942
2,5;0,35;0,0006;0,350444;0,000600002;2,5008;-6,77123e-05;0,8053324515573992
2,5;0,35;0,0006;0,35044;0,000600001;2,50079;-6,77984e-05;0,8063638005263372
2,5;0,35;0,0006;0,350475;0,000600002;2,50079;-6,77107e-05;0,8052389710190612
2,5;0,35;0,0006;0,350426;0,000600004;2,50079;-6,77167e-05;0,8054202467483311
2,5;0,35;0,0005;0,350544;0,000500009;2,50077;-5,63218e-05;0,8035814766192759
2,5;0,35;0,0005;0,350529;0,000500011;2,50079;-5,6322e-05;0,8036219300502572
2,5;0,35;0,0005;0,350511;0,000500011;2,50078;-5,63991e-05;0,8047601270599447
2,5;0,35;0,0005;0,350556;0,000500011;2,5008;-5,63235e-05;0,8035846488685296
2,5;0,35;0,0005;0,35056;0,000500009;2,5008;-5,63264e-05;0,8036200688414994
2,5;0,35;0,0005;0,350536;0,00050001;2,50079;-5,63491e-05;0,8039941546662825
2,5;0,35;0,0005;0,350485;0,00050001;2,50079;-5,63111e-05;0,8035688795846463
2,5;0,35;0,0004;0,350527;0,000399998;2,50081;-4,49085e-05;0,8009952687377658
2,5;0,35;0,0004;0,350542;0,000399998;2,50081;-4,49004e-05;0,800816526719008
2,5;0,35;0,0004;0,350529;0,000399997;2,50082;-4,49704e-05;0,8020999632405168
2,5;0,35;0,0004;0,350405;0,000399996;2,5008;-4,48989e-05;0,8011036654936403
2,5;0,35;0,0004;0,35042;0,000399996;2,50079;-4,49194e-05;0,8014319222439983
2,5;0,35;0,0004;0,350554;0,000399997;2,50079;-4,49771e-05;0,8021526319942239
2,5;0,35;0,0004;0,350545;0,000399995;2,50079;-4,49258e-05;0,8012622899659616
2,5;0,35;0,0003;0,350545;0,000299999;2,50081;-3,35167e-05;0,7970367848565303
2,5;0,35;0,0003;0,350587;0,000299995;2,5008;-3,3558e-05;0,7979307572799526
2,5;0,35;0,0003;0,350557;0,000299995;2,5008;-3,35564e-05;0,7979609951597306
2,5;0,35;0,0003;0,35056;0,000299997;2,50081;-3,35237e-05;0,7971744501124458
2,5;0,35;0,0003;0,350479;0,000299997;2,50081;-3,35735e-05;0,7985431761754772
2,5;0,35;0,0003;0,35049;0,000299998;2,50081;-3,35492e-05;0,7979374988371322
2,5;0,35;0,0003;0,350546;0,000299998;2,50082;-3,35282e-05;0,7973138296100695
2,5;0,35;0,0002;0,350513;0,000199983;2,50081;-2,21608e-05;0,7906220503121746
2,5;0,35;0,0002;0,350473;0,000199986;2,5008;-2,20909e-05;0,7882032301391187
2,5;0,35;0,0002;0,350424;0,000199987;2,50081;-2,20952e-05;0,7884661007634126
2,5;0,35;0,0002;0,350421;0,000199988;2,5008;-2,21507e-05;0,7904462693112808
2,5;0,35;0,0002;0,350426;0,000199986;2,50081;-2,21019e-05;0,7887046322980127
2,5;0,35;0,0002;0,350524;0,000199986;2,50079;-2,21634e-05;0,7906718110349429
2,5;0,35;0,0002;0,350504;0,000199986;2,5008;-2,21521e-05;0,7903169408835087
2,5;0,35;0,0001;0,350444;9,99919e-05;2,50082;-1,07634e-05;0,768154297634541
2,5;0,35;0,0001;0,350475;9,99919e-05;2,50083;-1,06775e-05;0,7619594953080352
2,5;0,35;0,0001;0,350461;9,99916e-05;2,50081;-1,07911e-05;0,7700930444945121
2,5;0,35;0,0001;0,350418;9,99919e-05;2,50081;-1,07219e-05;0,76524627168556
2,5;0,35;0,0001;0,350441;9,99922e-05;2,5008;-1,06901e-05;0,7629212186708569
2,5;0,35;0,0001;0,350487;9,99923e-05;2,50079;-1,07691e-05;0,7684545063161281
2,5;0,35;0,0001;0,350417;9,99929e-05;2,50079;-1,06955e-05;0,763350483309965
2,5;0,35;8e-05;0,350448;7,99932e-05;2,50079;-8,30237e-06;0,7406323061285426
2,5;0,35;8e-05;0,350355;7,99933e-05;2,50079;-8,42011e-06;0,7513340237842241
2,5;0,35;8e-05;0,350268;7,99935e-05;2,50079;-8,36441e-06;0,7465473787097342
2,5;0,35;8e-05;0,350175;7,99935e-05;2,50078;-8,4081e-06;0,7506431386091563
2,5;0,35;8e-05;0,350111;7,99938e-05;2,50079;-8,42572e-06;0,7523538765020931
2,5;0,35;8e-05;0,350129;7,99938e-05;2,50079;-8,38378e-06;0,7485704619871948
2,5;0,35;8e-05;0,35005;7,99925e-05;2,50079;-8,48389e-06;0,7576923475091716
2,5;0,35;6e-05;0,350296;5,99929e-05;2,50081;-6,12214e-06;0,7285324824197572
2,5;0,35;6e-05;0,35025;5,9992e-05;2,50081;-6,13605e-06;0,7302946222237198
2,5;0,35;6e-05;0,350235;5,99928e-05;2,50081;-6,1331e-06;0,7299650500391148
2,5;0,35;6e-05;0,350174;5,99928e-05;2,5008;-6,22781e-06;0,7413636465095248
2,5;0,35;6e-05;0,350136;5,99926e-05;2,50081;-6,17074e-06;0,734655095708276
2,5;0,35;6e-05;0,350152;5,99928e-05;2,50081;-6,15595e-06;0,7328583455456937
2,5;0,35;6e-05;0,350115;5,99928e-05;2,50081;-6,26942e-06;0,7464456864833443
2,5;0,35;5e-05;0,35044;4,99918e-05;2,50081;-4,95583e-06;0,7074319201189995
2,5;0,35;5e-05;0,350428;4,99925e-05;2,5008;-4,97384e-06;0,7100143332593751
2,5;0,35;5e-05;0,350403;4,99924e-05;2,50082;-4,99161e-06;0,7126089584054973
2,5;0,35;5e-05;0,3504;4,99929e-05;2,50081;-4,95882e-06;0,7079239637987499
2,5;0,35;5e-05;0,350364;4,99933e-05;2,50083;-5,01003e-06;0,715308220431928
2,5;0,35;5e-05;0,350332;4,9993e-05;2,50084;-4,99424e-06;0,7131260620072896
2,5;0,35;5e-05;0,350354;4,99933e-05;2,50082;-4,98508e-06;0,7117634472016436
2,5;0,35;4e-05;0,350381;3,99914e-05;2,50079;-3,81941e-06;0,681657706690487
2,5;0,35;4e-05;0,350372;3,99921e-05;2,5008;-3,86424e-06;0,6896670073570905
2,5;0,35;4e-05;0,35039;3,99915e-05;2,5008;-3,87825e-06;0,6921422570326103
2,5;0,35;4e-05;0,350396;3,99916e-05;2,50079;-3,84642e-06;0,6864454149527955
2,5;0,35;4e-05;0,350478;3,99917e-05;2,50079;-3,92507e-06;0,7003159257854851
2,5;0,35;4e-05;0,350462;3,99921e-05;2,50078;-3,87789e-06;0,6919199112973753
2,5;0,35;4e-05;0,350364;3,99923e-05;2,50078;-3,88005e-06;0,6924954943489944
2,5;0,35;3e-05;0,350402;2,99917e-05;2,5008;-2,72947e-06;0,649515659743714
2,5;0,35;3e-05;0,350353;2,99919e-05;2,50082;-2,68962e-06;0,6401231584390907
2,5;0,35;3e-05;0,350342;2,99924e-05;2,50081;-2,71008e-06;0,6449995090489479
2,5;0,35;3e-05;0,350398;2,9992e-05;2,50081;-2,71646e-06;0,6464232459374996
2,5;0,35;3e-05;0,35043;2,9992e-05;2,50081;-2,67637e-06;0,6368250587889936
2,5;0,35;3e-05;0,350431;2,99922e-05;2,50081;-2,76295e-06;0,6574199539128086
2,5;0,35;3e-05;0,350323;2,99918e-05;2,50081;-2,76109e-06;0,657188685399574
2,5;0,35;2e-05;0,350494;1,99907e-05;2,50081;-1,6039e-06;0,5724656006310402
2,5;0,35;2e-05;0,350416;1,99907e-05;2,50082;-1,56036e-06;0,55705145495733
2,5;0,35;2e-05;0,350419;1,99908e-05;2,5008;-1,59139e-06;0,5681169740558835
2,5;0,35;2e-05;0,350455;1,99908e-05;2,50083;-1,57576e-06;0,562486116714372
2,5;0,35;2e-05;0,350542;1,99913e-05;2,50082;-1,56872e-06;0,5598178871050401
2,5;0,35;2e-05;0,350529;1,99907e-05;2,5008;-1,64389e-06;0,5866779403380695
2,5;0,35;2e-05;0,350544;1,99905e-05;2,50082;-1,60825e-06;0,5739443687769126
2,5;0,35;1e-05;0,350748;9,99968e-06;2,50079;-2,19144e-07;0,1562519704691585
2,5;0,35;1e-05;0,350832;9,99968e-06;2,50082;-1,71869e-07;0,12251652843810873
2,5;0,35;1e-05;0,351075;9,99969e-06;2,50082;-3,20927e-07;0,22861369818750074
2,5;0,35;1e-05;0,351127;9,9997e-06;2,50082;-2,56968e-07;0,1830249434705385
2,5;0,35;1e-05;0,351;9,9997e-06;2,5008;-2,45143e-07;0,1746643893333894
2,5;0,35;1e-05;0,351313;9,99972e-06;2,50081;-2,70554e-07;0,19259836504388886
2,5;0,35;1e-05;0,351411;9,9997e-06;2,50081;-2,37869e-07;0,16928412041188565
3,0;0,35;0,05;0,356337;0,0499999;3,00097;-0,0043102;0,725987296498176
3,0;0,35;0,05;0,35653;0,0500001;3,0008;-0,00433153;0,7291408424503714
3,0;0,35;0,05;0,357143;0,0500001;3,00079;-0,00432899;0,7274600886128053
3,0;0,35;0,05;0,357628;0,0500002;3,00079;-0,00434183;0,7286268373968636
3,0;0,35;0,05;0,357587;0,0500001;3,0008;-0,00433985;0,7283819509103144
3,0;0,35;0,05;0,357923;0,05;3,0008;-0,00435248;0,72981741793626
3,0;0,35;0,04;0,374699;0,0399983;3,00078;-0,0038046;0,761761628750337
3,0;0,35;0,04;0,374862;0,0399984;3,00078;-0,00380568;0,761644635159736
3,0;0,35;0,04;0,374875;0,0399983;3,00078;-0,00380623;0,761730196767774
3,0;0,35;0,04;0,374972;0,0399981;3,00077;-0,00380709;0,7617064830604949
3,0;0,35;0,04;0,37501;0,0399982;3,00077;-0,00380868;0,7619454821548408
3,0;0,35;0,04;0,375092;0,0399981;3,00078;-0,0038084;0,7617273506157992
3,0;0,35;0,04;0,375107;0,0399984;3,00079;-0,00380872;0,7617577167210257
3,0;0,35;0,03;0,359712;0,0299985;3,00081;-0,00277047;0,7704376264149477
3,0;0,35;0,03;0,359781;0,0299983;3,0008;-0,00277066;0,7703452648974953
3,0;0,35;0,03;0,359898;0,0299984;3,00079;-0,00277121;0,7702425677937881
3,0;0,35;0,03;0,359911;0,0299985;3,0008;-0,00277104;0,7701674969303505
3,0;0,35;0,03;0,359881;0,0299983;3,00079;-0,00277066;0,7701286429247857
3,0;0,35;0,03;0,359827;0,0299986;3,00079;-0,0027709;0,7703032343563873
3,0;0,35;0,03;0,359872;0,0299987;3,00078;-0,002772;0,7705075350230023
3,0;0,35;0,02;0,350972;0,0199969;3,00079;-0,00188176;0,8045715861815343
3,0;0,35;0,02;0,350977;0,019997;3,0008;-0,00188131;0,8043663816002964
3,0;0,35;0,02;0,350946;0,0199969;3,0008;-0,00188239;0,8049032604014346
3,0;0,35;0,02;0,351033;0,0199969;3,00081;-0,00188188;0,8044884339882844
3,0;0,35;0,02;0,350965;0,0199968;3,0008;-0,00188193;0,8046670260397676
3,0;0,35;0,02;0,35097;0,019997;3,0008;-0,00188229;0,8048014382258201
3,0;0,35;0,02;0,351005;0,0199969;3,00079;-0,00188233;0,8047396319663547
3,0;0,35;0,01;0,342569;0,00999924;3,0008;-0,000943681;0,826698614819646
3,0;0,35;0,01;0,342487;0,00999928;3,0008;-0,00094436;0,827488207974842
3,0;0,35;0,01;0,342483;0,00999929;3,00079;-0,00094368;0,8268984382427903
3,0;0,35;0,01;0,342268;0,00999933;3,00079;-0,00094347;0,8272304280323531
3,0;0,35;0,01;0,34215;0,00999929;3,0008;-0,000942915;0,8270349965562154
3,0;0,35;0,01;0,342141;0,00999928;3,0008;-0,000942816;0,8269707430649477
3,0;0,35;0,01;0,34198;0,00999929;3,00081;-0,000942653;0,8272189609016835
3,0;0,35;0,008;0,339652;0,00799942;3,00083;-0,000747978;0,8261093574317878
3,0;0,35;0,008;0,339653;0,00799944;3,00082;-0,000747807;0,8259132464348391
3,0;0,35;0,008;0,339763;0,00799948;3,00083;-0,00074737;0,8251619894039239
3,0;0,35;0,008;0,339547;0,00799945;3,00081;-0,000747843;0,8262070669531866
3,0;0,35;0,008;0,339704;0,00799946;3,00082;-0,000747939;0,825932951647905
3,0;0,35;0,008;0,339592;0,00799943;3,00082;-0,000747612;0,8258472295335475
3,0;0,35;0,008;0,339593;0,0079994;3,00081;-0,000747733;0,8259788046654848
3,0;0,35;0,006;0,344044;0,00599945;3,00081;-0,000567669;0,8252931685722313
3,0;0,35;0,006;0,344072;0,00599936;3,00082;-0,000568086;0,8258473454812882
3,0;0,35;0,006;0,344193;0,00599941;3,0008;-0,00056813;0,8256085798420332
3,0;0,35;0,006;0,344161;0,00599939;3,0008;-0,000568028;0,8255398562299332
3,0;0,35;0,006;0,344072;0,00599941;3,0008;-0,000568102;0,8258582180795484
3,0;0,35;0,006;0,344187;0,00599941;3,0008;-0,000567961;0,8253773764727772
3,0;0,35;0,006;0,34397;0,00599942;3,00081;-0,00056788;0,8257816710713197
3,0;0,35;0,005;0,342192;0,00499951;3,00082;-0,000469979;0,8243679617989761
3,0;0,35;0,005;0,342106;0,00499948;3,0008;-0,000469963;0,8245465751620458
3,0;0,35;0,005;0,34208;0,00499952;3,0008;-0,000469873;0,8244447327560844
3,0;0,35;0,005;0,342019;0,00499952;3,0008;-0,000469829;0,8245145579803523
3,0;0,35;0,005;0,342037;0,00499948;3,00081;-0,000469745;0,8243331035585658
3,0;0,35;0,005;0,34203;0,00499939;3,00082;-0,000469897;0,8246343103474155
3,0;0,35;0,005;0,342092;0,00499937;3,00083;-0,000469828;0,8243698325272685
3,0;0,35;0,004;0,33976;0,0039993;3,00082;-0,000372738;0,823165926211563
3,0;0,35;0,004;0,339801;0,00399929;3,00081;-0,000372985;0,8236113352066895
3,0;0,35;0,004;0,339886;0,00399933;3,00083;-0,00037289;0,823192893474327
3,0;0,35;0,004;0,339944;0,00399931;3,00081;-0,000372844;0,8229495415448398
3,0;0,35;0,004;0,339937;0,00399927;3,00081;-0,000373056;0,8234426643460131
3,0;0,35;0,004;0,339971;0,00399922;3,00081;-0,000372855;0,8229269806620735
3,0;0,35;0,004;0,339924;0,00399927;3,00081;-0,00037274;0,8227766257390337
3,0;0,35;0,003;0,337545;0,00299932;3,00082;-0,000277248;0,8217768162128422
3,0;0,35;0,003;0,337621;0,00299933;3,00083;-0,000277105;0,8211680655240755
3,0;0,35;0,003;0,337587;0,00299934;3,00083;-0,000277173;0,8214495608019093
3,0;0,35;0,003;0,33754;0,00299933;3,00083;-0,000277206;0,8216644959459166
3,0;0,35;0,003;0,337564;0,00299934;3,00081;-0,000277138;0,821396320407539
3,0;0,35;0,003;0,337561;0,00299935;3,00079;-0,00027715;0,821430973453232
3,0;0,35;0,003;0,337537;0,00299939;3,00079;-0,00027712;0,821389503869571
3,0;0,35;0,002;0,344188;0,00199929;3,00079;-0,000187962;0,8196607571031423
3,0;0,35;0,002;0,343804;0,00199926;3,0008;-0,000187871;0,8201940152348114
3,0;0,35;0,002;0,344212;0,00199926;3,00079;-0,000187726;0,8185868177463678
3,0;0,35;0,002;0,343774;0,00199927;3,00081;-0,000187714;0,8195787432148666
3,0;0,35;0,002;0,344168;0,00199919;3,00079;-0,000188035;0,8200677618575593
3,0;0,35;0,002;0,344295;0,0019992;3,0008;-0,0001881;0,8200472712938266
3,0;0,35;0,002;0,344384;0,00199915;3,00079;-0,00018828;0,8206376653815095
3,0;0,35;0,001;0,341091;0,000999961;3,00077;-9,2812e-05;0,816551382049866
3,0;0,35;0,001;0,341266;0,000999961;3,00078;-9,27511e-05;0,8155998575349971
3,0;0,35;0,001;0,341266;0,00099996;3,00078;-9,28583e-05;0,8165433292886853
3,0;0,35;0,001;0,341293;0,00099996;3,00079;-9,28146e-05;0,8160972087461111
3,0;0,35;0,001;0,341368;0,000999962;3,00079;-9,27819e-05;0,8156288170682808
3,0;0,35;0,001;0,341356;0,000999961;3,00078;-9,28416e-05;0,8161804162317474
3,0;0,35;0,001;0,341334;0,000999962;3,00078;-9,27892e-05;0,8157715220199407
3,0;0,35;0,0008;0,340488;0,000799994;3,00079;-7,39052e-05;0,814183056471018
3,0;0,35;0,0008;0,340543;0,000799995;3,0008;-7,39673e-05;0,8147372765898209
3,0;0,35;0,0008;0,340568;0,000799995;3,0008;-7,3911e-05;0,8140573799119002
3,0;0,35;0,0008;0,340644;0,000799996;3,00079;-7,39109e-05;0,8138709274638364
3,0;0,35;0,0008;0,340718;0,000799996;3,00079;-7,40097e-05;0,8147818654517464
3,0;0,35;0,0008;0,340703;0,000799996;3,00078;-7,39515e-05;0,8141742651827938
3,0;0,35;0,0008;0,340746;0,000799996;3,00079;-7,39158e-05;0,8136812409995737
3,0;0,35;0,0006;0,340732;0,000600005;3,0008;-5,53181e-05;0,8119635137010918
3,0;0,35;0,0006;0,340759;0,000600004;3,00079;-5,52662e-05;0,8111360946705349
3,0;0,35;0,0006;0,340758;0,000600005;3,0008;-5,5356e-05;0,8124578172901565
3,0;0,35;0,0006;0,340834;0,000600003;3,0008;-5,53353e-05;0,8119756146849102
3,0;0,35;0,0006;0,340773;0,000600003;3,0008;-5,52707e-05;0,8111728691463407
3,0;0,35;0,0006;0,340663;0,000600004;3,0008;-5,53175e-05;0,8121205187254995
3,0;0,35;0,0006;0,340813;0,000600006;3,00079;-5,52753e-05;0,8111384092738635
3,0;0,35;0,0005;0,348364;0,000500011;3,00078;-4,67701e-05;0,8057301737076817
3,0;0,35;0,0005;0,347662;0,000500012;3,00078;-4,68374e-05;0,8085172384865645
3,0;0,35;0,0005;0,348368;0,000500012;3,00079;-4,68635e-05;0,8073310245801426
3,0;0,35;0,0005;0,348988;0,000500013;3,00079;-4,68875e-05;0,8063078560411312
3,0;0,35;0,0005;0,348208;0,000500012;3,0008;-4,69122e-05;0,8085440384021603
3,0;0,35;0,0005;0,348361;0,000500013;3,00079;-4,68908e-05;0,8078159459961367
3,0;0,35;0,0005;0,348781;0,000500013;3,00079;-4,68581e-05;0,8062805147057059
3,0;0,35;0,0004;0,351161;0,000399999;3,0008;-3,76635e-05;0,8046231881692684
3,0;0,35;0,0004;0,351151;0,000399999;3,00079;-3,75806e-05;0,8028723441156831
3,0;0,35;0,0004;0,351134;0,0004;3,00079;-3,76132e-05;0,8036057062830714
3,0;0,35;0,0004;0,351178;0,000399999;3,0008;-3,76687e-05;0,8046953222532012
3,0;0,35;0,0004;0,351146;0,000399997;3,00079;-3,76189e-05;0,8037060480931855
3,0;0,35;0,0004;0,351148;0,000399995;3,0008;-3,76477e-05;0,8043234643432347
3,0;0,35;0,0004;0,351135;0,000399996;3,00078;-3,76243e-05;0,803845928117105
3,0;0,35;0,0003;0,351081;0,000300004;3,00079;-2,80107e-05;0,7980409814724309
3,0;0,35;0,0003;0,351182;0,000300005;3,00077;-2,80993e-05;0,8003270019421461
3,0;0,35;0,0003;0,351195;0,000300007;3,00078;-2,80451e-05;0,7987510410303585
3,0;0,35;0,0003;0,351194;0,000300005;3,00079;-2,80001e-05;0,797479643052664
3,0;0,35;0,0003;0,351139;0,000300005;3,00079;-2,80946e-05;0,8002964605422707
3,0;0,35;0,0003;0,351204;0,000300005;3,00078;-2,80199e-05;0,7980181906251721
3,0;0,35;0,0003;0,351128;0,000300003;3,00079;-2,80039e-05;0,797743109361567
3,0;0,35;0,0002;0,350948;0,000199988;3,0008;-1,83974e-05;0,7865870518400451
3,0;0,35;0,0002;0,350952;0,000199988;3,00079;-1,84961e-05;0,7907953551132009
3,0;0,35;0,0002;0,351066;0,000199987;3,00078;-1,84849e-05;0,7900611843507586
3,0;0,35;0,0002;0,351092;0,000199986;3,00078;-1,84608e-05;0,7889766424672593
3,0;0,35;0,0002;0,351135;0,000199987;3,00079;-1,85127e-05;0,7910965325993232
3,0;0,35;0,0002;0,351085;0,000199985;3,00079;-1,84681e-05;0,789310943610373
3,0;0,35;0,0002;0,351103;0,000199985;3,0008;-1,84156e-05;0,7870294102557573
3,0;0,35;0,0001;0,350977;9,99905e-05;3,0008;-8,83444e-06;0,7554029545553248
3,0;0,35;0,0001;0,35089;9,99909e-05;3,0008;-8,99896e-06;0,7696582052166041
3,0;0,35;0,0001;0,350853;9,99911e-05;3,0008;-8,87614e-06;0,759232262068727
3,0;0,35;0,0001;0,350755;9,99908e-05;3,00079;-8,85406e-06;0,7575549684644629
3,0;0,35;0,0001;0,35063;9,99905e-05;3,0008;-8,91921e-06;0,7634061050761463
3,0;0,35;0,0001;0,350654;9,99911e-05;3,0008;-8,80994e-06;0,7539974174734294
3,0;0,35;0,0001;0,350639;9,99909e-05;3,0008;-8,83984e-06;0,7565902826424628
3,0;0,35;8e-05;0,350682;7,99942e-05;3,00082;-7,0604e-06;0,7552613798296238
3,0;0,35;8e-05;0,35078;7,99935e-05;3,00081;-6,93482e-06;0,7416246707467298
3,0;0,35;8e-05;0,35078;7,99939e-05;3,00082;-6,93325e-06;0,7414555348228336
3,0;0,35;8e-05;0,350698;7,99934e-05;3,00082;-7,00753e-06;0,7495790949574251
3,0;0,35;8e-05;0,350682;7,9994e-05;3,0008;-6,8975e-06;0,7378326542203864
3,0;0,35;8e-05;0,350664;7,99945e-05;3,00081;-6,90676e-06;0,738858974596732
3,0;0,35;8e-05;0,350612;7,99946e-05;3,00081;-6,92956e-06;0,7414070487149645
3,0;0,35;6e-05;0,350879;5,99936e-05;3,0008;-5,17754e-06;0,7380711234456622
3,0;0,35;6e-05;0,350879;5,99934e-05;3,00079;-5,04865e-06;0,7196975362856382
3,0;0,35;6e-05;0,350924;5,99934e-05;3,00081;-5,07621e-06;0,7235383120004503
3,0;0,35;6e-05;0,350935;5,99933e-05;3,0008;-5,15511e-06;0,7347600791832392
3,0;0,35;6e-05;0,350933;5,99936e-05;3,00081;-5,03071e-06;0,717032183196077
3,0;0,35;6e-05;0,350952;5,99942e-05;3,00082;-5,03673e-06;0,7178465673745211
3,0;0,35;6e-05;0,351016;5,9994e-05;3,00082;-5,10809e-06;0,7278866506067766
3,0;0,35;5e-05;0,351122;4,99947e-05;3,00079;-4,15315e-06;0,709955638099058
3,0;0,35;5e-05;0,351063;4,99943e-05;3,00081;-4,02964e-06;0,688968229323221
3,0;0,35;5e-05;0,351099;4,99944e-05;3,00081;-4,06046e-06;0,6941651106033649
3,0;0,35;5e-05;0,351023;4,99941e-05;3,00081;-4,10233e-06;0,7014791438538059
3,0;0,35;5e-05;0,350989;4,99944e-05;3,00081;-4,00655e-06;0,6851634678355338
3,0;0,35;5e-05;0,351044;4,99946e-05;3,00081;-4,04832e-06;0,6921953539009013
3,0;0,35;5e-05;0,351066;4,99939e-05;3,00081;-4,06917e-06;0,6957264974565006
3,0;0,35;4e-05;0,351109;3,99924e-05;3,00081;-3,25483e-06;0,6955804692402221
3,0;0,35;4e-05;0,351088;3,99925e-05;3,00081;-3,12136e-06;0,6670952061885573
3,0;0,35;4e-05;0,351174;3,99923e-05;3,00082;-3,15189e-06;0,6734607071107033
3,0;0,35;4e-05;0,351152;3,99933e-05;3,0008;-3,19822e-06;0,6833811554126527
3,0;0,35;4e-05;0,351076;3,99934e-05;3,00083;-3,09059e-06;0,660531174698765
3,0;0,35;4e-05;0,351045;3,99928e-05;3,00082;-3,10434e-06;0,6635362035123166
3,0;0,35;4e-05;0,351186;3,99927e-05;3,00081;-3,14676e-06;0,6723326461214586
3,0;0,35;3e-05;0,351005;2,99913e-05;3,00081;-2,2738e-06;0,6481599115033229
3,0;0,35;3e-05;0,351085;2,99912e-05;3,0008;-2,20259e-06;0,6277180205130611
3,0;0,35;3e-05;0,351085;2,99918e-05;3,00079;-2,20139e-06;0,6273613898745531
3,0;0,35;3e-05;0,351182;2,9991e-05;3,0008;-2,28051e-06;0,6497493256496747
3,0;0,35;3e-05;0,351193;2,99913e-05;3,00079;-2,18556e-06;0,6226689296231028
3,0;0,35;3e-05;0,351166;2,99915e-05;3,00079;-2,19197e-06;0,6245389976653074
3,0;0,35;3e-05;0,351153;2,99918e-05;3,0008;-2,29201e-06;0,6530623471230974
3,0;0,35;2e-05;0,351079;1,99913e-05;3,00079;-1,13982e-06;0,4873331874162956
3,0;0,35;2e-05;0,351115;1,99916e-05;3,0008;-1,20704e-06;0,5160143467481895
3,0;0,35;2e-05;0,35106;1,99919e-05;3,00081;-1,23549e-06;0,5282534155011638
3,0;0,35;2e-05;0,351143;1,99909e-05;3,00081;-1,15305e-06;0,49291300486646994
3,0;0,35;2e-05;0,351174;1,99911e-05;3,0008;-1,22719e-06;0,5245535286057064
3,0;0,35;2e-05;0,351155;1,9991e-05;3,00082;-1,19986e-06;0,512905251013196
3,0;0,35;2e-05;0,351114;1,99911e-05;3,00082;-1,17039e-06;0,5003636017539075
3,0;0,35;1e-05;0,35149;9,99965e-06;3,00077;-2,21554e-07;0,18915356526084065
3,0;0,35;1e-05;0,351665;9,99967e-06;3,00079;1,01717e-08;0,0
3,0;0,35;1e-05;0,351666;9,99965e-06;3,00076;-5,52565e-08;0,0471519278364838
3,0;0,35;1e-05;0,35181;9,99967e-06;3,00079;-4,76641e-08;0,040656796220479186
3,0;0,35;1e-05;0,351869;9,99965e-06;3,00079;-6,80142e-08;0,058005529000741574
3,0;0,35;1e-05;0,351778;9,99965e-06;3,00078;-1,32789e-07;0,11327727213705328
3,5;0,35;0,05;0,355426;0,05;3,50083;-0,00376088;0,7408687901504111
3,5;0,35;0,05;0,355093;0,0500003;3,50066;-0,00376648;0,7426272422311565
3,5;0,35;0,05;0,355408;0,0500002;3,50066;-0,00377137;0,7429338278977861
3,5;0,35;0,05;0,355271;0,0500002;3,50066;-0,00377461;0,7438588226062045
3,5;0,35;0,05;0,355608;0,05;3,50068;-0,00377263;0,7427712755843513
3,5;0,35;0,05;0,35601;0,05;3,50067;-0,00377786;0,7429589711637313
3,5;0,35;0,04;0,374608;0,0399985;3,50064;-0,0033154;0,774573494035177
3,5;0,35;0,04;0,374632;0,0399984;3,50065;-0,00331706;0,7749158228757346
3,5;0,35;0,04;0,374769;0,0399983;3,50063;-0,00331717;0,774655745000929
3,5;0,35;0,04;0,374787;0,0399981;3,50064;-0,00331828;0,7748838333730754
3,5;0,35;0,04;0,374881;0,0399981;3,50064;-0,0033177;0,7745541266887743
3,5;0,35;0,04;0,374902;0,0399984;3,50064;-0,00331884;0,774771060087166
3,5;0,35;0,04;0,374975;0,0399986;3,50064;-0,00331893;0,7746373606708478
3,5;0,35;0,03;0,358749;0,0299984;3,50067;-0,00239627;0,7794677164370342
3,5;0,35;0,03;0,358917;0,0299984;3,50067;-0,00239702;0,7793467158754769
3,5;0,35;0,03;0,358989;0,0299986;3,50066;-0,00239828;0,7795925665334419
3,5;0,35;0,03;0,358994;0,0299986;3,50065;-0,00239831;0,7795892332926736
3,5;0,35;0,03;0,359143;0,0299985;3,50064;-0,00239773;0,7790777162729409
3,5;0,35;0,03;0,359065;0,0299986;3,50064;-0,002398;0,7793321063721874
3,5;0,35;0,03;0,359182;0,0299986;3,50064;-0,00239893;0,7793803912195629
3,5;0,35;0,02;0,350231;0,0199968;3,50065;-0,00161567;0,8075813211200276
3,5;0,35;0,02;0,350246;0,0199966;3,50065;-0,00161605;0,807744745742298
3,5;0,35;0,02;0,350296;0,0199965;3,50063;-0,00161588;0,807543917474708
3,5;0,35;0,02;0,350302;0,0199964;3,50062;-0,00161611;0,8076467592520474
3,5;0,35;0,02;0,350328;0,0199967;3,50063;-0,00161563;0,8073371519222279
3,5;0,35;0,02;0,350244;0,0199965;3,50062;-0,00161554;0,8074915632477321
3,5;0,35;0,02;0,350248;0,0199967;3,50062;-0,00161585;0,8076292084036812
3,5;0,35;0,01;0,342977;0,0099992;3,50064;-0,000811394;0,8282262490497546
3,5;0,35;0,01;0,342773;0,00999923;3,50063;-0,000810689;0,8279942617736403
3,5;0,35;0,01;0,342719;0,0099993;3,50063;-0,000810372;0,8277951106121224
3,5;0,35;0,01;0,342656;0,00999922;3,50063;-0,000810301;0,8278813909227309
3,5;0,35;0,01;0,34256;0,00999921;3,50064;-0,000810193;0,8280062180493764
3,5;0,35;0,01;0,342531;0,00999909;3,50065;-0,000809631;0,8275142100964898
3,5;0,35;0,01;0,34232;0,00999903;3,50064;-0,000809593;0,8279880150945337
3,5;0,35;0,008;0,340477;0,0079993;3,50068;-0,000642598;0,8259466930719812
3,5;0,35;0,008;0,340342;0,00799931;3,50067;-0,0006427;0,8264020742154112
3,5;0,35;0,008;0,340335;0,00799943;3,50067;-0,000642746;0,8264658229061542
3,5;0,35;0,008;0,340226;0,00799937;3,50067;-0,000642405;0,826298189317721
3,5;0,35;0,008;0,340253;0,0079994;3,5007;-0,000642635;0,8265324194721257
3,5;0,35;0,008;0,340276;0,00799937;3,50068;-0,000642656;0,8265019375841917
3,5;0,35;0,008;0,340226;0,00799941;3,50069;-0,000642451;0,8263579461815723
3,5;0,35;0,006;0,336743;0,00599943;3,50066;-0,000475885;0,8246000959865387
3,5;0,35;0,006;0,336799;0,00599942;3,50066;-0,000475812;0,8243378913946402
3,5;0,35;0,006;0,336878;0,00599942;3,50068;-0,000475859;0,8242306957460498
3,5;0,35;0,006;0,336744;0,00599943;3,50067;-0,000475633;0,8241633443530305
3,5;0,35;0,006;0,336713;0,00599943;3,50066;-0,000475627;0,8242264701429415
3,5;0,35;0,006;0,336771;0,00599934;3,50067;-0,000475662;0,8241598784815439
3,5;0,35;0,006;0,336773;0,00599946;3,50067;-0,000475741;0,8242753759274228
3,5;0,35;0,005;0,334283;0,00499955;3,50067;-0,000392366;0,8218590327933976
3,5;0,35;0,005;0,334278;0,00499945;3,50067;-0,000392806;0,8228094316228715
3,5;0,35;0,005;0,334268;0,00499949;3,50067;-0,00039281;0,8228358425111686
3,5;0,35;0,005;0,334424;0,00499944;3,50067;-0,000392891;0,8226298333727613
3,5;0,35;0,005;0,334344;0,00499943;3,50066;-0,000392876;0,8227945487998921
3,5;0,35;0,005;0,33403;0,00499954;3,50065;-0,000392431;0,8226147220477074
3,5;0,35;0,005;0,334125;0,00499946;3,50065;-0,000392869;0,8233118820528839
3,5;0,35;0,004;0,320999;0,0039994;3,50067;-0,000290157;0,791198952047705
3,5;0,35;0,004;0,318672;0,00399936;3,50065;-0,000292138;0,8024210971994459
3,5;0,35;0,004;0,319727;0,00399937;3,50065;-0,000290948;0,7965135540164919
3,5;0,35;0,004;0,320412;0,00399934;3,50065;-0,000298274;0,814829962483178
3,5;0,35;0,004;0,322248;0,00399929;3,50065;-0,000294693;0,8004705963920721
3,5;0,35;0,004;0,319316;0,00399925;3,50066;-0,000291793;0,799881343687253
3,5;0,35;0,004;0,319541;0,0039993;3,50065;-0,000293111;0,8029162278143072
3,5;0,35;0,003;0,339192;0,00299929;3,50065;-0,000238455;0,8205235770335879
3,5;0,35;0,003;0,339089;0,00299923;3,50063;-0,000238552;0,8211184286668899
3,5;0,35;0,003;0,339147;0,0029993;3,50064;-0,000237605;0,817702148882816
3,5;0,35;0,003;0,339166;0,00299924;3,50066;-0,00023855;0,8209294277003092
3,5;0,35;0,003;0,339216;0,00299935;3,50066;-0,000238663;0,8211671197179117
3,5;0,35;0,003;0,339225;0,00299935;3,50067;-0,000238467;0,8204733182793187
3,5;0,35;0,003;0,339177;0,00299931;3,50065;-0,000238437;0,8204924524621842
3,5;0,35;0,002;0,336619;0,00199909;3,50066;-0,00015717;0,8176145532187634
3,5;0,35;0,002;0,336613;0,00199915;3,50066;-0,000157093;0,817204030526567
3,5;0,35;0,002;0,336688;0,00199915;3,50065;-0,000157236;0,8177633816022715
3,5;0,35;0,002;0,3366;0,0019992;3,50066;-0,000157159;0,8175584924106303
3,5;0,35;0,002;0,336699;0,00199922;3,50066;-0,000157204;0,8175439521654313
3,5;0,35;0,002;0,336664;0,00199921;3,50066;-0,0001572;0,8176122304094162
3,5;0,35;0,002;0,336654;0,00199926;3,50065;-0,000157223;0,817733358169532
3,5;0,35;0,001;0,34216;0,000999961;3,50064;-7,94181e-05;0,8125585122743799
3,5;0,35;0,001;0,342275;0,000999961;3,50063;-7,93723e-05;0,8118147432349965
3,5;0,35;0,001;0,342292;0,00099996;3,50064;-7,94542e-05;0,8126151845648459
3,5;0,35;0,001;0,34239;0,000999958;3,50064;-7,94364e-05;0,8122022228236837
3,5;0,35;0,001;0,342473;0,000999958;3,50062;-7,94335e-05;0,8119710986077099
3,5;0,35;0,001;0,342544;0,000999958;3,50062;-7,94691e-05;0,812166627819565
3,5;0,35;0,001;0,342544;0,000999959;3,50062;-7,94344e-05;0,8118111852815308
3,5;0,35;0,0008;0,341632;0,000799995;3,50064;-6,32975e-05;0,8107523054582785
3,5;0,35;0,0008;0,341687;0,000799998;3,50063;-6,33571e-05;0,8113797109957309
3,5;0,35;0,0008;0,341709;0,000799996;3,50064;-6,32658e-05;0,8101626584004495
3,5;0,35;0,0008;0,341698;0,000799994;3,50064;-6,32667e-05;0,8102022903083028
3,5;0,35;0,0008;0,341688;0,000799993;3,50064;-6,33733e-05;0,8115921911626554
3,5;0,35;0,0008;0,341729;0,000799996;3,50063;-6,33061e-05;0,8106289666106203
3,5;0,35;0,0008;0,341735;0,000799995;3,50065;-6,33104e-05;0,8106754390860458
3,5;0,35;0,0006;0,341334;0,000600004;3,50064;-4,72952e-05;0,8084084073024213
3,5;0,35;0,0006;0,341402;0,000600003;3,50062;-4,72479e-05;0,8074357927868828
3,5;0,35;0,0006;0,341401;0,0006;3,50064;-4,73505e-05;0,8092001991792644
3,5;0,35;0,0006;0,341464;0,000600003;3,50064;-4,72558e-05;0,807428780136984
3,5;0,35;0,0006;0,341514;0,000600007;3,50065;-4,72443e-05;0,8071110277421097
3,5;0,35;0,0006;0,341482;0,000600005;3,50064;-4,73432e-05;0,8088767907907232
3,5;0,35;0,0006;0,341531;0,000600005;3,50063;-4,72698e-05;0,8075045458773616
3,5;0,35;0,0005;0,341581;0,000500009;3,50063;-3,93198e-05;0,8059089581991348
3,5;0,35;0,0005;0,341588;0,000500014;3,50062;-3,92806e-05;0,8050786555680575
3,5;0,35;0,0005;0,341609;0,000500013;3,50063;-3,93743e-05;0,8069534010867566
3,5;0,35;0,0005;0,34153;0,00050001;3,50063;-3,93033e-05;0,8056894528024587
3,5;0,35;0,0005;0,341535;0,000500011;3,50063;-3,92638e-05;0,8048663381716493
3,5;0,35;0,0005;0,341514;0,000500012;3,50064;-3,93412e-05;0,8065032366593677
3,5;0,35;0,0005;0,341594;0,000500013;3,50064;-3,92997e-05;0,8054621859537969
3,5;0,35;0,0004;0,342237;0,000399997;3,50062;-3,13553e-05;0,801811416610429
3,5;0,35;0,0004;0,341953;0,000399996;3,50064;-3,12658e-05;0,8001933352393916
3,5;0,35;0,0004;0,342018;0,000399999;3,50063;-3,14029e-05;0,8035411049456581
3,5;0,35;0,0004;0,342215;0,0004;3,50065;-3,12723e-05;0,799741222586678
3,5;0,35;0,0004;0,342056;0,0004;3,50063;-3,1318e-05;0,8012776441576818
3,5;0,35;0,0004;0,342132;0,0004;3,50063;-3,14304e-05;0,8039747900810215
3,5;0,35;0,0004;0,342243;0,0004;3,50064;-3,12978e-05;0,8003255770899623
3,5;0,35;0,0003;0,351124;0,000300002;3,50065;-2,38355e-05;0,7921151009686471
3,5;0,35;0,0003;0,351437;0,000299999;3,50064;-2,38665e-05;0,7924445733217571
3,5;0,35;0,0003;0,351299;0,000299999;3,50063;-2,37619e-05;0,7892791920841497
3,5;0,35;0,0003;0,351281;0,0003;3,50063;-2,38626e-05;0,7926620325608275
3,5;0,35;0,0003;0,351068;0,000300001;3,50064;-2,38029e-05;0,7911582761330789
3,5;0,35;0,0003;0,351174;0,000300003;3,50065;-2,37686e-05;0,7897767445086535
3,5;0,35;0,0003;0,351156;0,000300004;3,50064;-2,38394e-05;0,7921649686755844
3,5;0,35;0,0002;0,351546;0,000199982;3,50063;-1,56177e-05;0,7776608189953085
3,5;0,35;0,0002;0,351613;0,000199982;3,50064;-1,56642e-05;0,7798298222400648
3,5;0,35;0,0002;0,351635;0,000199981;3,50063;-1,55884e-05;0,7760092889004189
3,5;0,35;0,0002;0,351655;0,00019998;3,50064;-1,55908e-05;0,77609072010413
3,5;0,35;0,0002;0,3516;0,000199982;3,50063;-1,56844e-05;0,7808621031296684
3,5;0,35;0,0002;0,351585;0,000199981;3,50064;-1,56154e-05;0,7774661521297103
3,5;0,35;0,0002;0,35159;0,000199984;3,50063;-1,56613e-05;0,7797264274187812
3,5;0,35;0,0001;0,351559;9,99922e-05;3,50063;-7,31613e-06;0,72855657174854
3,5;0,35;0,0001;0,351485;9,99909e-05;3,50064;-7,43962e-06;0,7410217086003316
3,5;0,35;0,0001;0,351385;9,99913e-05;3,50065;-7,46107e-06;0,7433688749077891
3,5;0,35;0,0001;0,351378;9,9991e-05;3,50066;-7,34795e-06;0,7321172610718555
3,5;0,35;0,0001;0,35129;9,99911e-05;3,50065;-7,37535e-06;0,7350285243023055
3,5;0,35;0,0001;0,351217;9,9991e-05;3,50066;-7,38647e-06;0,736292589950688
3,5;0,35;0,0001;0,351244;9,99905e-05;3,50064;-7,33562e-06;0,7311670681416332
3,5;0,35;8e-05;0,351378;7,99923e-05;3,50066;-5,76203e-06;0,7176334878881057
3,5;0,35;8e-05;0,351278;7,99935e-05;3,50066;-5,78749e-06;0,7209987888859272
3,5;0,35;8e-05;0,351365;7,99935e-05;3,50066;-5,82686e-06;0,7257237199225353
3,5;0,35;8e-05;0,351355;7,99936e-05;3,50067;-5,72141e-06;0,7126115600447536
3,5;0,35;8e-05;0,351378;7,99936e-05;3,50065;-5,73824e-06;0,7146569004803662
3,5;0,35;8e-05;0,351351;7,99928e-05;3,50066;-5,77382e-06;0,7191526415606583
3,5;0,35;8e-05;0,351347;7,99932e-05;3,50065;-5,7169e-06;0,7120655371759959
3,5;0,35;6e-05;0,351499;5,99927e-05;3,50065;-4,12619e-06;0,6849760896852718
3,5;0,35;6e-05;0,351483;5,99928e-05;3,50066;-4,13837e-06;0,6870301444639388
3,5;0,35;6e-05;0,351499;5,99926e-05;3,50065;-4,18984e-06;0,695543589468891
3,5;0,35;6e-05;0,351581;5,99925e-05;3,50066;-4,08554e-06;0,6780739213583351
3,5;0,35;6e-05;0,351575;5,99927e-05;3,50065;-4,11135e-06;0,6823650082053447
3,5;0,35;6e-05;0,351543;5,99928e-05;3,50065;-4,15339e-06;0,6894040302636889
3,5;0,35;6e-05;0,351623;5,99926e-05;3,50063;-4,09437e-06;0,6794513059123164
3,5;0,35;5e-05;0,351575;4,99921e-05;3,50067;-3,39574e-06;0,676341813058159
3,5;0,35;5e-05;0,351587;4,9992e-05;3,50067;-3,36986e-06;0,6711656341727411
3,5;0,35;5e-05;0,351581;4,9992e-05;3,50066;-3,35822e-06;0,6688568315141856
3,5;0,35;5e-05;0,351621;4,99913e-05;3,50065;-3,47932e-06;0,6929052147746216
3,5;0,35;5e-05;0,351595;4,99917e-05;3,50063;-3,40615e-06;0,6783742961355191
3,5;0,35;5e-05;0,351607;4,99922e-05;3,50064;-3,3881e-06;0,6747515785266229
3,5;0,35;5e-05;0,351506;4,99928e-05;3,50065;-3,51266e-06;0,6997527321550049
3,5;0,35;4e-05;0,351525;3,99915e-05;3,50065;-2,48235e-06;0,6181413491694061
3,5;0,35;4e-05;0,351655;3,99919e-05;3,50065;-2,47494e-06;0,6160621565053057
3,5;0,35;4e-05;0,351612;3,99921e-05;3,50065;-2,5154e-06;0,6262069018337845
3,5;0,35;4e-05;0,351616;3,99922e-05;3,50065;-2,44475e-06;0,6086101929901244
3,5;0,35;4e-05;0,351675;3,99919e-05;3,50065;-2,51497e-06;0,6259908230336099
3,5;0,35;4e-05;0,351628;3,99923e-05;3,50066;-2,49876e-06;0,6220347471491422
3,5;0,35;4e-05;0,351683;3,99926e-05;3,50065;-2,49222e-06;0,6203032456634917
3,5;0,35;3e-05;0,351469;2,99911e-05;3,50064;-1,6611e-06;0,5516502362765381
3,5;0,35;3e-05;0,351522;2,99904e-05;3,50064;-1,70998e-06;0,5678108841143195
3,5;0,35;3e-05;0,351568;2,99905e-05;3,50064;-1,72723e-06;0,5734619125695876
3,5;0,35;3e-05;0,351567;2,99916e-05;3,50065;-1,63782e-06;0,5437598328161637
3,5;0,35;3e-05;0,351611;2,99916e-05;3,50066;-1,70332e-06;0,5654368252778982
3,5;0,35;3e-05;0,351588;2,99918e-05;3,50064;-1,70756e-06;0,5668744050379242
3,5;0,35;3e-05;0,351573;2,99917e-05;3,50062;-1,68055e-06;0,5579301228371474
3,5;0,35;2e-05;0,351515;1,99908e-05;3,50062;-1,08663e-06;0,5413181941137698
3,5;0,35;2e-05;0,351572;1,99898e-05;3,50064;-6,36772e-07;0,31718210779436573
3,5;0,35;2e-05;0,351547;1,99902e-05;3,50067;-5,64673e-07;0,2812857036660266
3,5;0,35;2e-05;0,35156;1,99904e-05;3,50067;-5,20713e-07;0,2593753218791009
3,5;0,35;2e-05;0,351619;1,99909e-05;3,50066;-7,17524e-07;0,3573400411419931
3,5;0,35;2e-05;0,3516;1,99913e-05;3,50066;-5,56472e-07;0,27714263775276937
3,5;0,35;2e-05;0,351736;1,99911e-05;3,50067;-5,53923e-07;0,27577002535938805
3,5;0,35;1e-05;0,351891;9,99965e-06;3,50062;3,02005e-10;0,0
3,5;0,35;1e-05;0,352087;9,99963e-06;3,5006;3,7916e-08;0,0
3,5;0,35;1e-05;0,352228;9,99964e-06;3,50061;-3,8496e-08;0,03826053978560102
3,5;0,35;1e-05;0,352252;9,99964e-06;3,50061;2,74964e-08;0,0
3,5;0,35;1e-05;0,352308;9,99967e-06;3,50061;1,45366e-08;0,0
3,5;0,35;1e-05;0,352395;9,99966e-06;3,50058;1,99988e-08;0,0
3,5;0,35;1e-05;0,352424;9,99965e-06;3,50063;2,75102e-08;0,0
4,0;0,35;0,05;0,353056;0,05;4,00061;-0,0033065;0,7493438414869029
4,0;0,35;0,05;0,3535;0,0499999;4,00062;-0,00331928;0,7512986994064511
4,0;0,35;0,05;0,353285;0,05;4,00063;-0,00332349;0,7527097838119364
4,0;0,35;0,05;0,353475;0,0500001;4,00063;-0,00332232;0,7520388417232927
4,0;0,35;0,05;0,354174;0,0500001;4,00063;-0,0033288;0,7520185281505125
4,0;0,35;0,05;0,35398;0,05;4,00064;-0,00332662;0,7519412981976381
4,0;0,35;0,04;0,374508;0,0399984;4,00057;-0,00292664;0,781605234912292
4,0;0,35;0,04;0,374623;0,0399983;4,00057;-0,0029279;0,7817036552805333
4,0;0,35;0,04;0,374622;0,0399981;4,00058;-0,00292867;0,7819171847236144
4,0;0,35;0,04;0,374788;0,0399981;4,00057;-0,00292881;0,7816062681659406
4,0;0,35;0,04;0,374733;0,0399981;4,00058;-0,00292989;0,7820112001388868
4,0;0,35;0,04;0,374894;0,039998;4,00056;-0,00293038;0,781804136646626
4,0;0,35;0,04;0,374978;0,0399978;4,00057;-0,00292951;0,781402804977506
4,0;0,35;0,03;0,35764;0,0299987;4,00059;-0,00209756;0,7821497601733863
4,0;0,35;0,03;0,357857;0,0299988;4,00059;-0,00209785;0,7817809395408424
4,0;0,35;0,03;0,357815;0,0299987;4,0006;-0,00209677;0,7814747446214265
4,0;0,35;0,03;0,357856;0,0299987;4,00058;-0,00209755;0,7816719781895192
4,0;0,35;0,03;0,357813;0,0299987;4,00059;-0,0020989;0,7822710214332896
4,0;0,35;0,03;0,357933;0,0299987;4,00058;-0,00209909;0,7820775939438632
4,0;0,35;0,03;0,358075;0,0299988;4,00059;-0,00210105;0,7824967628321835
4,0;0,35;0,02;0,349523;0,019997;4,00058;-0,0014076;0,8056781981704462
4,0;0,35;0,02;0,349434;0,0199972;4,00057;-0,00140764;0,8058962287470348
4,0;0,35;0,02;0,349448;0,0199969;4,00057;-0,00140791;0,8060306072189936
4,0;0,35;0,02;0,349457;0,019997;4,00057;-0,0014078;0,8059428446283756
4,0;0,35;0,02;0,349465;0,0199968;4,00057;-0,00140805;0,8060755745413851
4,0;0,35;0,02;0,349463;0,0199967;4,00058;-0,00140813;0,8061320324828298
4,0;0,35;0,02;0,349546;0,0199968;4,00056;-0,00140854;0,8061672166872111
4,0;0,35;0,01;0,343548;0,00999922;4,00059;-0,000706917;0,8232636164011236
4,0;0,35;0,01;0,343427;0,00999919;4,00059;-0,000706806;0,8234268339460539
4,0;0,35;0,01;0,343496;0,0099992;4,00058;-0,000706276;0,8226412241353438
4,0;0,35;0,01;0,343368;0,00999922;4,00059;-0,000706329;0,8230100529042775
4,0;0,35;0,01;0,343335;0,00999926;4,00059;-0,000706098;0,8228166802469993
4,0;0,35;0,01;0,343205;0,00999926;4,0006;-0,00070596;0,8229695333609466
4,0;0,35;0,01;0,343251;0,00999925;4,00062;-0,000705745;0,822613578430961
4,0;0,35;0,008;0,33702;0,00799938;4,0006;-0,000550398;0,8167515655598435
4,0;0,35;0,008;0,336983;0,0079994;4,00058;-0,000550444;0,8169033849823393
4,0;0,35;0,008;0,337009;0,00799934;4,00057;-0,000550533;0,8169765201301922
4,0;0,35;0,008;0,337007;0,00799934;4,00059;-0,000550067;0,8162939135513245
4,0;0,35;0,008;0,33696;0,00799939;4,00059;-0,000550409;0,8169102614627248
4,0;0,35;0,008;0,336924;0,00799943;4,00059;-0,000550542;0,817190879313769
4,0;0,35;0,008;0,336961;0,00799948;4,00058;-0,000550453;0,8169619075266454
4,0;0,35;0,006;0,337152;0,00599947;4,00059;-0,000413811;0,8184411364384595
4,0;0,35;0,006;0,337146;0,00599952;4,00059;-0,000413821;0,8184686590965431
4,0;0,35;0,006;0,337142;0,00599942;4,0006;-0,000413862;0,818575151972094
4,0;0,35;0,006;0,337169;0,00599943;4,00059;-0,00041348;0,8177506995531428
4,0;0,35;0,006;0,337191;0,00599937;4,0006;-0,000413857;0,8184531311475985
4,0;0,35;0,006;0,337178;0,00599931;4,00061;-0,000413725;0,818233859002622
4,0;0,35;0,006;0,33715;0,0059993;4,0006;-0,000413732;0,8183149763339709
4,0;0,35;0,005;0,335843;0,00499941;4,00058;-0,000343057;0,8173991648209131
4,0;0,35;0,005;0,335859;0,00499943;4,00059;-0,000343009;0,8172446343974278
4,0;0,35;0,005;0,335922;0,00499945;4,00059;-0,000343083;0,8172643734947875
4,0;0,35;0,005;0,335843;0,0049995;4,00059;-0,000343171;0,8176581160049945
4,0;0,35;0,005;0,335893;0,00499946;4,0006;-0,000343174;0,8175521334597226
4,0;0,35;0,005;0,33597;0,00499942;4,00061;-0,000343087;0,8171661268482958
4,0;0,35;0,005;0,335779;0,00499939;4,00061;-0,000343296;0,8181339422656985
4,0;0,35;0,004;0,33338;0,00399926;4,00061;-0,000271851;0,8157141000939994
4,0;0,35;0,004;0,333324;0,0039992;4,00061;-0,000271732;0,8155062482477655
4,0;0,35;0,004;0,333415;0,00399921;4,0006;-0,000271733;0,8152825933763014
4,0;0,35;0,004;0,333365;0,00399925;4,00059;-0,00027181;0,8156257358338977
4,0;0,35;0,004;0,333441;0,00399923;4,0006;-0,000271795;0,8154009486257969
4,0;0,35;0,004;0,333426;0,00399925;4,0006;-0,000271716;0,8151965394053036
4,0;0,35;0,004;0,333274;0,00399925;4,0006;-0,000271749;0,8156673862567777
4,0;0,35;0,003;0,330724;0,00299936;4,00058;-0,000201543;0,8128237240524029
4,0;0,35;0,003;0,330613;0,00299925;4,00059;-0,000201464;0,8128097482171658
4,0;0,35;0,003;0,330234;0,00299924;4,00059;-0,000201539;0,8140482365818108
4,0;0,35;0,003;0,330706;0,00299925;4,00061;-0,000201532;0,8128595062854561
4,0;0,35;0,003;0,330639;0,00299925;4,0006;-0,00020148;0,8128124113329572
4,0;0,35;0,003;0,330712;0,0029992;4,0006;-0,000201537;0,8128764449590503
4,0;0,35;0,003;0,330675;0,00299916;4,0006;-0,000201657;0,8134623091002867
4,0;0,35;0,002;0,317285;0,00199906;4,00059;-0,000128281;0,8091164143615974
4,0;0,35;0,002;0,323068;0,00199908;4,0006;-0,000126154;0,7814515170496823
4,0;0,35;0,002;0,321633;0,0019991;4,0006;-0,000125047;0,7780424395375478
4,0;0,35;0,002;0,320964;0,00199918;4,0006;-0,000125488;0,7823824609854224
4,0;0,35;0,002;0,320006;0,00199925;4,0006;-0,000127494;0,7972410483540773
4,0;0,35;0,002;0,321906;0,00199914;4,0006;-0,000127509;0,7926723144919622
4,0;0,35;0,002;0,318205;0,0019992;4,00062;-0,000128498;0,8080912928959078
4,0;0,35;0,001;0,343039;0,00099996;4,00059;-6,85218e-05;0,7991470165367093
4,0;0,35;0,001;0,34322;0,000999961;4,0006;-6,85271e-05;0,7987885569259713
4,0;0,35;0,001;0,343146;0,00099996;4,00061;-6,86183e-05;0,8000269220813538
4,0;0,35;0,001;0,343227;0,000999959;4,0006;-6,85489e-05;0,799027971304454
4,0;0,35;0,001;0,343272;0,000999959;4,00058;-6,85395e-05;0,7988096771039137
4,0;0,35;0,001;0,343271;0,000999959;4,00059;-6,86686e-05;0,80031863526866
4,0;0,35;0,001;0,343348;0,000999958;4,00059;-6,85963e-05;0,7992975004349043
4,0;0,35;0,0008;0,342433;0,000799995;4,0006;-5,47388e-05;0,7993878071178333
4,0;0,35;0,0008;0,342595;0,000799995;4,00058;-5,47986e-05;0,7998786955450625
4,0;0,35;0,0008;0,342633;0,000799996;4,00058;-5,46675e-05;0,7978755719093145
4,0;0,35;0,0008;0,342641;0,000799996;4,00061;-5,47365e-05;0,7988699694703089
4,0;0,35;0,0008;0,342666;0,000799993;4,00061;-5,47607e-05;0,7991678520795702
4,0;0,35;0,0008;0,342678;0,000799992;4,00061;-5,47207e-05;0,7985571323906412
4,0;0,35;0,0008;0,34274;0,000799993;4,0006;-5,47914e-05;0,7994412413324874
4,0;0,35;0,0006;0,342344;0,000600003;4,00056;-4,08898e-05;0,7963786930767401
4,0;0,35;0,0006;0,342311;0,000600004;4,00057;-4,08846e-05;0,7963548440740917
4,0;0,35;0,0006;0,342349;0,000600002;4,00059;-4,09568e-05;0,7976792607475877
4,0;0,35;0,0006;0,342359;0,000600003;4,00058;-4,09013e-05;0,7965717497981015
4,0;0,35;0,0006;0,342434;0,000600004;4,00058;-4,09069e-05;0,7965049956119686
4,0;0,35;0,0006;0,342445;0,000600006;4,00058;-4,09872e-05;0,7980402345226792
4,0;0,35;0,0006;0,342459;0,000600006;4,00059;-4,09385e-05;0,7970614290072703
4,0;0,35;0,0005;0,342325;0,000500009;4,0006;-3,40314e-05;0,7954053502126425
4,0;0,35;0,0005;0,342281;0,000500011;4,00059;-3,3971e-05;0,7940905458779922
4,0;0,35;0,0005;0,342325;0,000500009;4,00059;-3,40604e-05;0,7960811683027914
4,0;0,35;0,0005;0,34243;0,000500008;4,00058;-3,40056e-05;0,794556239867151
4,0;0,35;0,0005;0,342348;0,000500009;4,0006;-3,39538e-05;0,7935383135505912
4,0;0,35;0,0005;0,342359;0,000500009;4,00059;-3,40363e-05;0,7954388842475368
4,0;0,35;0,0005;0,342402;0,00050001;4,00058;-3,39815e-05;0,794054885252959
4,0;0,35;0,0004;0,342327;0,000399995;4,00059;-2,70362e-05;0,7899033919636218
4,0;0,35;0,0004;0,342323;0,000399995;4,00058;-2,71354e-05;0,7928089517480126
4,0;0,35;0,0004;0,342367;0,000399995;4,00058;-2,70245e-05;0,789467338030685
4,0;0,35;0,0004;0,342294;0,000399994;4,0006;-2,70459e-05;0,790266923768445
4,0;0,35;0,0004;0,34232;0,000399994;4,00057;-2,7107e-05;0,7919861362625977
4,0;0,35;0,0004;0,342313;0,000399994;4,00059;-2,70213e-05;0,7895023276099773
4,0;0,35;0,0004;0,342317;0,000399994;4,00059;-2,7054e-05;0,7904485123714309
4,0;0,35;0,0003;0,342415;0,000299997;4,00059;-2,00852e-05;0,7822228757748932
4,0;0,35;0,0003;0,342547;0,000299996;4,0006;-2,01604e-05;0,7848535786033757
4,0;0,35;0,0003;0,342666;0,000299993;4,00059;-2,01083e-05;0,78255931424273
4,0;0,35;0,0003;0,342532;0,000299997;4,00059;-2,00968e-05;0,7824072992753096
4,0;0,35;0,0003;0,342599;0,000299998;4,0006;-2,01749e-05;0,7852936233674563
4,0;0,35;0,0003;0,342594;0,000299997;4,0006;-2,00816e-05;0,7816760008690903
4,0;0,35;0,0003;0,342615;0,000299998;4,0006;-2,01265e-05;0,7833731028584201
4,0;0,35;0,0002;0,350513;0,000199981;4,00061;-1,33545e-05;0,7621860274955572
4,0;0,35;0,0002;0,350801;0,000199982;4,0006;-1,32263e-05;0,7542438361186997
4,0;0,35;0,0002;0,350526;0,000199982;4,00059;-1,34181e-05;0,7657798329132619
4,0;0,35;0,0002;0,350255;0,000199983;4,00059;-1,33794e-05;0,7641581690444315
4,0;0,35;0,0002;0,350433;0,000199983;4,0006;-1,33188e-05;0,7603125381494121
4,0;0,35;0,0002;0,350417;0,000199982;4,00061;-1,33917e-05;0,7645147227189412
4,0;0,35;0,0002;0,350626;0,000199982;4,00059;-1,32719e-05;0,7572200783719631
4,0;0,35;0,0001;0,351774;9,99905e-05;4,00061;-6,31337e-06;0,7180670211592917
4,0;0,35;0,0001;0,351808;9,9991e-05;4,0006;-6,24277e-06;0,7099632071648138
4,0;0,35;0,0001;0,351729;9,99905e-05;4,00059;-6,21509e-06;0,7069758026797607
4,0;0,35;0,0001;0,351688;9,99905e-05;4,00058;-6,28923e-06;0,7154909531866959
4,0;0,35;0,0001;0,351722;9,99902e-05;4,00062;-6,30655e-06;0,7174013241741973
4,0;0,35;0,0001;0,351767;9,99909e-05;4,00063;-6,30495e-06;0,7171243377195657
4,0;0,35;0,0001;0,351735;9,99908e-05;4,00062;-6,42563e-06;0,7309158629808747
4,0;0,35;8e-05;0,351771;7,99929e-05;4,00062;-4,84142e-06;0,6883171439470318
4,0;0,35;8e-05;0,351764;7,99932e-05;4,00063;-4,78209e-06;0,6798947242191083
4,0;0,35;8e-05;0,351758;7,99934e-05;4,00061;-4,8714e-06;0,6925990131641723
4,0;0,35;8e-05;0,351757;7,99932e-05;4,00062;-4,86015e-06;0,69100494590804
4,0;0,35;8e-05;0,351698;7,99927e-05;4,00062;-4,86594e-06;0,6919485392402246
4,0;0,35;8e-05;0,351767;7,99926e-05;4,00062;-4,9662e-06;0,7060681144344776
4,0;0,35;8e-05;0,35175;7,99926e-05;4,00061;-4,95998e-06;0,7052161062567086
4,0;0,35;6e-05;0,351825;5,99917e-05;4,0006;-3,49275e-06;0,6620255743776953
4,0;0,35;6e-05;0,35182;5,99908e-05;4,0006;-3,59054e-06;0,6805808457908935
4,0;0,35;6e-05;0,351897;5,99909e-05;4,00062;-3,43657e-06;0,6512557256488122
4,0;0,35;6e-05;0,351881;5,99909e-05;4,00062;-3,46165e-06;0,6560384019401023
4,0;0,35;6e-05;0,351903;5,99903e-05;4,00061;-3,5195e-06;0,6669652126426163
4,0;0,35;6e-05;0,351802;5,9991e-05;4,0006;-3,37144e-06;0,6390813741323359
4,0;0,35;6e-05;0,351828;5,99918e-05;4,00061;-3,41563e-06;0,647403053261616
4,0;0,35;5e-05;0,351835;4,99929e-05;4,00061;-2,75548e-06;0,6267236867526615
4,0;0,35;5e-05;0,351903;4,99929e-05;4,0006;-2,72713e-06;0,6201541754526169
4,0;0,35;5e-05;0,351893;4,99929e-05;4,0006;-2,83139e-06;0,643881380600905
4,0;0,35;5e-05;0,351899;4,99926e-05;4,00061;-2,77472e-06;0,630988761384639
4,0;0,35;5e-05;0,352029;4,9993e-05;4,00061;-2,79542e-06;0,6354562322623369
4,0;0,35;5e-05;0,351997;4,99923e-05;4,00063;-2,92578e-06;0,6651628328296457
4,0;0,35;5e-05;0,352016;4,99924e-05;4,00063;-2,85087e-06;0,6480961043592831
4,0;0,35;4e-05;0,351848;3,99916e-05;4,0006;-2,04344e-06;0,5809826382177852
4,0;0,35;4e-05;0,351976;3,99911e-05;4,00061;-1,9943e-06;0,5668136546061204
4,0;0,35;4e-05;0,35199;3,99913e-05;4,0006;-2,07611e-06;0,5900375398185088
4,0;0,35;4e-05;0,35207;3,99918e-05;4,00059;-2,05026e-06;0,5825497386421142
4,0;0,35;4e-05;0,352024;3,99917e-05;4,00059;-2,06426e-06;0,5866057326745083
4,0;0,35;4e-05;0,352028;3,9991e-05;4,0006;-2,15456e-06;0,6122717914006591
4,0;0,35;4e-05;0,352;3,99912e-05;4,0006;-2,07858e-06;0,5907242169981944
4,0;0,35;3e-05;0,351921;2,99897e-05;4,00061;-1,31655e-06;0,4990525387142107
4,0;0,35;3e-05;0,351966;2,99896e-05;4,00059;-1,49817e-06;0,567824014219999
4,0;0,35;3e-05;0,351965;2,99896e-05;4,0006;-1,28892e-06;0,4885184173048803
4,0;0,35;3e-05;0,351992;2,99894e-05;4,00058;-1,35859e-06;0,5148856678505552
4,0;0,35;3e-05;0,351993;2,99903e-05;4,00059;-1,41275e-06;0,5353952625697271
4,0;0,35;3e-05;0,352042;2,99906e-05;4,00058;-1,27546e-06;0,48329262571358816
4,0;0,35;3e-05;0,352001;2,99908e-05;4,00059;-1,32054e-06;0,500430369697168
4,0;0,35;2e-05;0,351827;1,99901e-05;4,00061;-3,62923e-07;0,2064412958763629
4,0;0,35;2e-05;0,351885;1,9989e-05;4,00064;-3,55982e-07;0,2024723340338287
4,0;0,35;2e-05;0,351958;1,99892e-05;4,00062;-5,12996e-07;0,2917124911787314
4,0;0,35;2e-05;0,351939;1,999e-05;4,00063;-3,68055e-07;0,20929599573852886
4,0;0,35;2e-05;0,352086;1,99901e-05;4,00063;-3,61526e-07;0,20549639153002838
4,0;0,35;2e-05;0,352141;1,99903e-05;4,00062;-5,0395e-07;0,2864038464717164
4,0;0,35;2e-05;0,352139;1,99899e-05;4,00063;-3,88481e-07;0,22078696122800553
4,0;0,35;1e-05;0,352236;9,99967e-06;4,00056;1,91803e-08;0,0
4,0;0,35;1e-05;0,352602;9,99966e-06;4,00054;-2,19324e-09;0,0024884835255191804
4,0;0,35;1e-05;0,352644;9,99967e-06;4,00061;2,05419e-08;0,0
4,0;0,35;1e-05;0,352641;9,99967e-06;4,0006;4,61335e-08;0,0
4,0;0,35;1e-05;0,35276;9,99968e-06;4,00058;1,41959e-08;0,0
4,0;0,35;1e-05;0,352822;9,99969e-06;4,00055;1,92365e-08;0,0
4,0;0,35;1e-05;0,352792;9,99967e-06;4,00057;2,96448e-08;0,0
4,5;0,35;0,05;0,430995;-8,41737e-05;4,5005;1,90151e-08;-0,0
4,5;0,35;0,05;0,430997;-8,53896e-05;4,50047;1,93072e-08;-0,0
4,5;0,35;0,05;0,430999;-8,533e-05;4,50046;1,96304e-08;-0,0
4,5;0,35;0,05;0,430997;-8,46148e-05;4,50053;1,86228e-08;-0,0
4,5;0,35;0,05;0,430996;-8,55804e-05;4,50044;1,8602e-08;-0,0
4,5;0,35;0,05;0,431003;-8,78453e-05;4,50052;1,89595e-08;-0,0
4,5;0,35;0,05;0,430996;-8,52108e-05;4,50044;1,97381e-08;-0,0
4,5;0,35;0,05;0,431008;-8,05855e-05;4,50045;1,95558e-08;-0,0
4,5;0,35;0,04;0,432792;-7,04646e-05;4,50045;1,95558e-08;-0,0
4,5;0,35;0,04;0,4328;-7,07746e-05;4,50042;1,91571e-08;-0,0
4,5;0,35;0,04;0,432798;-7,06673e-05;4,50046;1,85912e-08;-0,0
4,5;0,35;0,04;0,432796;-7,06911e-05;4,50048;1,84559e-08;-0,0
4,5;0,35;0,04;0,432792;-6,93202e-05;4,5005;1,87132e-08;-0,0
4,5;0,35;0,04;0,432796;-7,2217e-05;4,50048;1,88338e-08;-0,0
4,5;0,35;0,04;0,432791;-7,15494e-05;4,50042;1,98572e-08;-0,0
4,5;0,35;0,04;0,432797;-7,05719e-05;4,50048;1,90845e-08;-0,0
4,5;0,35;0,03;0,433595;-4,7648e-05;4,50049;1,87632e-08;-0,0
4,5;0,35;0,03;0,433593;-4,61459e-05;4,50048;1,8723e-08;-0,0
4,5;0,35;0,03;0,433596;-4,85063e-05;4,50049;1,87407e-08;-0,0
4,5;0,35;0,03;0,433591;-4,65393e-05;4,50046;1,90042e-08;-0,0
4,5;0,35;0,03;0,433597;-4,7636e-05;4,5005;1,82896e-08;-0,0
4,5;0,35;0,03;0,43359;-4,63009e-05;4,5005;1,85479e-08;-0,0
4,5;0,35;0,03;0,43359;-4,52995e-05;4,50049;1,87275e-08;-0,0
4,5;0,35;0,03;0,433588;-4,55499e-05;4,50048;1,88164e-08;-0,0
4,5;0,35;0,02;0,436822;-1,60813e-05;4,50047;1,85765e-08;-0,0
4,5;0,35;0,02;0,436809;-1,96099e-05;4,50046;1,90447e-08;-0,0
4,5;0,35;0,02;0,436818;-1,90616e-05;4,50046;1,94682e-08;-0,0
4,5;0,35;0,02;0,436815;-1,86205e-05;4,50049;1,95855e-08;-0,0
4,5;0,35;0,02;0,436817;-1,83702e-05;4,50048;1,95322e-08;-0,0
4,5;0,35;0,02;0,436818;-1,69754e-05;4,50052;1,95748e-08;-0,0
4,5;0,35;0,02;0,436818;-1,9598e-05;4,50055;1,88139e-08;-0,0
4,5;0,35;0,02;0,436814;-2,12789e-05;4,50055;1,85346e-08;-0,0
4,5;0,35;0,01;0,443303;-3,16107e-05;4,5005;1,86487e-08;-0,0
4,5;0,35;0,01;0,443299;-3,01266e-05;4,50047;1,93153e-08;-0,0
4,5;0,35;0,01;0,443299;-3,31891e-05;4,50051;1,93881e-08;-0,0
4,5;0,35;0,01;0,443298;-3,27003e-05;4,50054;1,86009e-08;-0,0
4,5;0,35;0,01;0,443298;-3,04317e-05;4,50047;1,87149e-08;-0,0
4,5;0,35;0,01;0,443297;-3,18933e-05;4,50046;1,94011e-08;-0,0
4,5;0,35;0,01;0,443296;-3,27849e-05;4,50052;1,94838e-08;-0,0
4,5;0,35;0,01;0,443295;-3,12126e-05;4,50051;1,84573e-08;-0,0
4,5;0,35;0,008;0,444286;-1,98531e-05;4,50049;1,32961e-08;-0,0
4,5;0,35;0,008;0,444281;-1,99997e-05;4,50048;1,32464e-08;-0,0
4,5;0,35;0,008;0,444281;-2,07829e-05;4,50051;1,33402e-08;-0,0
4,5;0,35;0,008;0,444283;-2,02215e-05;4,50051;1,33651e-08;-0,0
4,5;0,35;0,008;0,444286;-1,90437e-05;4,5005;1,34218e-08;-0,0
4,5;0,35;0,008;0,444281;-2,09177e-05;4,50049;1,34311e-08;-0,0
4,5;0,35;0,008;0,444284;-1,85955e-05;4,50049;1,36624e-08;-0,0
4,5;0,35;0,008;0,44428;-2,06637e-05;4,50051;1,30752e-08;-0,0
4,5;0,35;0,006;0,445317;-7,59125e-06;4,5005;9,5877e-09;-0,0
4,5;0,35;0,006;0,445318;-6,72698e-06;4,5005;9,58821e-09;-0,0
4,5;0,35;0,006;0,445317;-6,56366e-06;4,50051;9,59322e-09;-0,0
4,5;0,35;0,006;0,445315;-6,50764e-06;4,50049;9,54478e-09;-0,0
4,5;0,35;0,006;0,445319;-6,32167e-06;4,50049;9,56084e-09;-0,0
4,5;0,35;0,006;0,445318;-6,15478e-06;4,5005;9,63774e-09;-0,0
4,5;0,35;0,006;0,445313;-6,41465e-06;4,50049;9,61305e-09;-0,0
4,5;0,35;0,006;0,445315;-5,22494e-06;4,50051;9,57987e-09;-0,0
4,5;0,35;0,005;0,445831;-1,48416e-06;4,5003;9,0158e-09;-0,0
4,5;0,35;0,005;0,445825;-1,78099e-06;4,50025;9,10234e-09;-0,0
4,5;0,35;0,005;0,445834;-1,29819e-06;4,50022;9,42024e-09;-0,0
4,5;0,35;0,005;0,445824;-1,20997e-06;4,50021;9,6492e-09;-0,0
4,5;0,35;0,005;0,445826;-1,09792e-06;4,50022;9,94292e-09;-0,0
4,5;0,35;0,005;0,445827;-2,79903e-06;4,50023;9,87958e-09;-0,0
4,5;0,35;0,005;0,445832;-2,31147e-06;4,50024;1,01465e-08;-0,0
4,5;0,35;0,005;0,445827;-3,12209e-06;4,50024;1,01766e-08;-0,0
4,5;0,35;0,004;0,446359;-7,22408e-07;4,50009;1,06382e-08;-0,0
4,5;0,35;0,004;0,446358;-3,19481e-07;4,50007;1,09692e-08;-0,0
4,5;0,35;0,004;0,446358;-2,99215e-07;4,50006;1,10314e-08;-0,0
4,5;0,35;0,004;0,44636;-3,74317e-07;4,50007;1,10194e-08;-0,0
4,5;0,35;0,004;0,446362;-4,75645e-07;4,5001;1,07496e-08;-0,0
4,5;0,35;0,004;0,446357;-2,87294e-07;4,50009;1,06055e-08;-0,0
4,5;0,35;0,004;0,446357;-2,06232e-07;4,50012;1,04154e-08;-0,0
4,5;0,35;0,004;0,446361;-7,86781e-07;4,50016;9,56643e-09;-0,0
4,5;0,35;0,003;0,446902;-6,28233e-07;4,50025;1,07651e-08;-0,0
4,5;0,35;0,003;0,446902;-1,52588e-07;4,50025;1,0761e-08;-0,0
4,5;0,35;0,003;0,446905;-4,52995e-07;4,50023;1,09313e-08;-0,0
4,5;0,35;0,003;0,446905;-2,94447e-07;4,50023;1,07103e-08;-0,0
4,5;0,35;0,003;0,4469;-5,31673e-07;4,50028;1,03072e-08;-0,0
4,5;0,35;0,003;0,4469;-6,93798e-07;4,50031;1,00106e-08;-0,0
4,5;0,35;0,003;0,446898;1,69277e-07;4,50031;9,91607e-09;0,0
4,5;0,35;0,003;0,446895;2,40803e-07;4,50026;1,03484e-08;0,0
4,5;0,35;0,002;0,447448;-3,39746e-07;4,50043;1,29048e-08;-0,0
4,5;0,35;0,002;0,44745;-3,71933e-07;4,50043;1,14317e-08;-0,0
4,5;0,35;0,002;0,447446;-3,82662e-07;4,50032;1,3571e-08;-0,0
4,5;0,35;0,002;0,447444;-5,40018e-07;4,50049;1,28294e-08;-0,0
4,5;0,35;0,002;0,447446;-2,38419e-07;4,50044;1,13954e-08;-0,0
4,5;0,35;0,002;0,447443;-9,82285e-07;4,50033;1,33703e-08;-0,0
4,5;0,35;0,002;0,447443;-1,02401e-06;4,50046;1,29513e-08;-0,0
4,5;0,35;0,002;0,447447;-1,02878e-06;4,50042;1,14207e-08;-0,0
4,5;0,35;0,001;0,444812;-9,57298e-06;4,50042;9,19055e-09;-0,0
4,5;0,35;0,001;0,444832;-8,27575e-06;4,50043;9,10574e-09;-0,0
4,5;0,35;0,001;0,44482;-9,49657e-06;4,50042;8,69398e-09;-0,0
4,5;0,35;0,001;0,444811;-9,79889e-06;4,50042;8,37528e-09;-0,0
4,5;0,35;0,001;0,444812;-9,19592e-06;4,50042;8,22128e-09;-0,0
4,5;0,35;0,001;0,444811;-9,79841e-06;4,50042;8,22525e-09;-0,0
4,5;0,35;0,001;0,444812;-9,6128e-06;4,50041;8,41575e-09;-0,0
4,5;0,35;0,001;0,444836;-8,08513e-06;4,50041;8,28167e-09;-0,0
4,5;0,35;0,0008;0,445408;-3,04878e-06;4,50043;8,5896e-09;-0,0
4,5;0,35;0,0008;0,445408;-3,0973e-06;4,50036;7,14872e-09;-0,0
4,5;0,35;0,0008;0,445409;-3,10195e-06;4,50042;9,65027e-09;-0,0
4,5;0,35;0,0008;0,445408;-2,99573e-06;4,50035;7,79202e-09;-0,0
4,5;0,35;0,0008;0,445409;-2,97713e-06;4,50045;1,04357e-08;-0,0
4,5;0,35;0,0008;0,445406;-3,07548e-06;4,50047;1,02724e-08;-0,0
4,5;0,35;0,0008;0,445408;-3,04008e-06;4,50039;7,42418e-09;-0,0
4,5;0,35;0,0008;0,44541;-3,01611e-06;4,50036;8,10019e-09;-0,0
4,5;0,35;0,0006;0,446151;-5,06043e-07;4,5004;8,8825e-09;-0,0
4,5;0,35;0,0006;0,446159;-1,56403e-07;4,5004;8,71069e-09;-0,0
4,5;0,35;0,0006;0,446155;-6,7234e-07;4,50041;9,58751e-09;-0,0
4,5;0,35;0,0006;0,44615;-7,01189e-07;4,50042;8,4566e-09;-0,0
4,5;0,35;0,0006;0,446158;-3,64423e-07;4,50038;9,62484e-09;-0,0
4,5;0,35;0,0006;0,446145;-1,77741e-07;4,50042;8,85944e-09;-0,0
4,5;0,35;0,0006;0,446142;-2,02298e-07;4,50041;8,76838e-09;-0,0
4,5;0,35;0,0006;0,446145;9,05991e-08;4,50042;9,6714e-09;0,0
4,5;0,35;0,0005;0,446564;3,54409e-07;4,50036;9,94534e-09;0,0
4,5;0,35;0,0005;0,446564;1,7333e-07;4,50039;7,21507e-09;0,0
4,5;0,35;0,0005;0,446557;-3,09348e-07;4,50046;1,12379e-08;-0,0
4,5;0,35;0,0005;0,446557;3,58939e-07;4,50033;9,01949e-09;0,0
4,5;0,35;0,0005;0,446563;3,38078e-07;4,50039;7,42511e-09;0,0
4,5;0,35;0,0005;0,446554;3,67641e-07;4,50044;1,1404e-08;0,0
4,5;0,35;0,0005;0,446563;3,08633e-07;4,50033;8,656e-09;0,0
4,5;0,35;0,0005;0,446566;3,87907e-07;4,5004;8,68753e-09;0,0
4,5;0,35;0,0004;0,446984;1,70827e-07;4,50043;1,14681e-08;0,0
4,5;0,35;0,0004;0,446981;-1,61052e-07;4,50043;1,11824e-08;-0,0
4,5;0,35;0,0004;0,446984;1,48773e-07;4,50041;1,14977e-08;0,0
4,5;0,35;0,0004;0,446979;-1,17779e-07;4,50042;1,15251e-08;-0,0
4,5;0,35;0,0004;0,446977;-1,50442e-07;4,50042;1,15286e-08;-0,0
4,5;0,35;0,0004;0,446985;1,37329e-07;4,50042;1,14675e-08;0,0
4,5;0,35;0,0004;0,446979;6,41346e-08;4,50042;1,15682e-08;0,0
4,5;0,35;0,0004;0,446975;-2,26736e-07;4,50035;8,22549e-09;-0,0
4,5;0,35;0,0003;0,447382;1,72853e-08;4,50039;1,16459e-08;0,0
4,5;0,35;0,0003;0,447396;1,89304e-07;4,50045;1,36478e-08;0,0
4,5;0,35;0,0003;0,447384;-2,37703e-07;4,50043;1,17216e-08;-0,0
4,5;0,35;0,0003;0,44739;-2,24948e-07;4,50035;8,39047e-09;-0,0
4,5;0,35;0,0003;0,447389;-2,21014e-07;4,5003;7,65024e-09;-0,0
4,5;0,35;0,0003;0,447393;1,15037e-07;4,50036;1,0649e-08;0,0
4,5;0,35;0,0003;0,447392;2,04444e-07;4,50043;1,34816e-08;0,0
4,5;0,35;0,0003;0,447389;1,97291e-07;4,50042;1,20643e-08;0,0
4,5;0,35;0,0002;0,447792;3,55244e-08;4,5003;8,36509e-09;0,0
4,5;0,35;0,0002;0,447796;1,52588e-08;4,50031;9,91046e-09;0,0
4,5;0,35;0,0002;0,447796;3,93391e-08;4,50037;1,24298e-08;0,0
4,5;0,35;0,0002;0,447792;4,87566e-08;4,5004;1,5188e-08;0,0
4,5;0,35;0,0002;0,447794;9,32217e-08;4,50044;1,5856e-08;0,0
4,5;0,35;0,0002;0,447793;9,25064e-08;4,50043;1,44671e-08;0,0
4,5;0,35;0,0002;0,447794;5,126e-08;4,50039;1,22704e-08;0,0
4,5;0,35;0,0002;0,447795;6,91414e-08;4,50034;1,21405e-08;0,0
4,5;0,35;0,0001;0,448218;-8,05855e-08;4,50037;6,32586e-09;-0,0
4,5;0,35;0,0001;0,448223;1,80078e-07;4,50046;5,776e-09;0,0
4,5;0,35;0,0001;0,44822;-4,85063e-08;4,50041;1,21254e-08;-0,0
4,5;0,35;0,0001;0,448218;-8,68201e-08;4,50038;6,33163e-09;-0,0
4,5;0,35;0,0001;0,448223;1,3628e-07;4,50044;9,69419e-09;0,0
4,5;0,35;0,0001;0,448226;1,52671e-07;4,50039;1,19787e-08;0,0
4,5;0,35;0,0001;0,448221;-3,81589e-08;4,50037;6,43373e-09;-0,0
4,5;0,35;0,0001;0,448222;-2,39491e-08;4,50039;1,05725e-08;-0,0
4,5;0,35;8e-05;0,448299;-1,08576e-07;4,50048;1,09274e-08;-0,0
4,5;0,35;8e-05;0,448301;-3,87073e-08;4,50048;1,49418e-08;-0,0
4,5;0,35;8e-05;0,4483;1,47355e-07;4,50041;1,51705e-08;0,0
4,5;0,35;8e-05;0,448302;9,87649e-08;4,50035;1,0771e-08;0,0
4,5;0,35;8e-05;0,448299;9,98616e-08;4,50036;6,16909e-09;0,0
4,5;0,35;8e-05;0,448302;2,76208e-08;4,50041;4,12529e-09;0,0
4,5;0,35;8e-05;0,4483;1,07288e-09;4,50048;7,44969e-09;0,0
4,5;0,35;8e-05;0,448295;-1,12271e-07;4,5005;1,16833e-08;-0,0
4,5;0,35;6e-05;0,448364;8,74519e-08;4,50044;9,11496e-09;0,0
4,5;0,35;6e-05;0,448367;-4,35352e-08;4,50047;9,77603e-09;-0,0
4,5;0,35;6e-05;0,448369;-6,09636e-08;4,50048;1,34062e-08;-0,0
4,5;0,35;6e-05;0,448366;1,14429e-07;4,50046;1,41999e-08;0,0
4,5;0,35;6e-05;0,448363;1,11902e-07;4,50041;1,39182e-08;0,0
4,5;0,35;6e-05;0,448363;7,74622e-08;4,50039;1,09036e-08;0,0
4,5;0,35;6e-05;0,448365;2,86102e-08;4,5004;9,17894e-09;0,0
4,5;0,35;6e-05;0,448367;-1,99318e-08;4,50044;1,33366e-08;-0,0
4,5;0,35;5e-05;0,4484;1,0097e-08;4,50043;1,39933e-08;0,0
4,5;0,35;5e-05;0,448403;1,68443e-08;4,50044;6,00559e-09;0,0
4,5;0,35;5e-05;0,448402;3,02315e-08;4,50044;1,23174e-08;0,0
4,5;0,35;5e-05;0,448402;1,18494e-08;4,50043;1,36858e-08;0,0
4,5;0,35;5e-05;0,4484;3,80278e-09;4,50045;1,2982e-08;0,0
4,5;0,35;5e-05;0,448401;-4,08888e-09;4,50045;1,3062e-08;-0,0
4,5;0,35;5e-05;0,448401;4,03404e-08;4,50046;1,2957e-08;0,0
4,5;0,35;5e-05;0,448401;2,32577e-08;4,50043;1,3308e-08;0,0
4,5;0,35;4e-05;0,448439;-2,16246e-08;4,50045;1,4825e-08;-0,0
4,5;0,35;4e-05;0,448435;1,17278e-07;4,50045;1,50503e-08;0,0
4,5;0,35;4e-05;0,44844;-6,60419e-09;4,50046;1,52176e-08;-0,0
4,5;0,35;4e-05;0,448434;-7,93934e-09;4,50045;1,45444e-08;-0,0
4,5;0,35;4e-05;0,448437;1,28543e-07;4,50047;1,5049e-08;0,0
4,5;0,35;4e-05;0,44844;-2,54512e-08;4,50046;1,52336e-08;-0,0
4,5;0,35;4e-05;0,448435;8,0204e-08;4,50047;1,46689e-08;0,0
4,5;0,35;4e-05;0,448443;-5,01871e-09;4,50045;1,45884e-08;-0,0
4,5;0,35;3e-05;0,448475;1,56283e-08;4,50043;1,70735e-08;0,0
4,5;0,35;3e-05;0,448474;2,95043e-08;4,50047;1,46696e-08;0,0
4,5;0,35;3e-05;0,448475;2,72512e-08;4,5005;2,2543e-08;0,0
4,5;0,35;3e-05;0,448473;4,25458e-08;4,50043;1,68547e-08;0,0
4,5;0,35;3e-05;0,448474;3,6788e-08;4,50048;1,47613e-08;0,0
4,5;0,35;3e-05;0,448472;3,36409e-08;4,50053;2,1805e-08;0,0
4,5;0,35;3e-05;0,448472;2,63095e-08;4,50043;1,7689e-08;0,0
4,5;0,35;3e-05;0,448473;3,41415e-08;4,50045;2,34342e-08;0,0
4,5;0,35;2e-05;0,448513;6,69837e-08;4,50008;-3,85092e-08;5,768203350876734
4,5;0,35;2e-05;0,448511;-1,38164e-08;4,50004;-3,06648e-08;-22,268374361362294
4,5;0,35;2e-05;0,44851;-3,14713e-09;4,50008;-3,83078e-08;-122,12951499739994
4,5;0,35;2e-05;0,448513;-2,86102e-10;4,50006;-3,07534e-08;-1078,4884840771444
4,5;0,35;2e-05;0,448513;3,49045e-08;4,50006;-3,9028e-08;11,21858658045859
4,5;0,35;2e-05;0,448508;1,65939e-08;4,50007;-3,48878e-08;21,094740680467908
4,5;0,35;2e-05;0,448509;3,04461e-08;4,50005;-3,21536e-08;10,596052764046819
4,5;0,35;2e-05;0,448511;-2,99573e-08;4,50006;-2,88296e-08;-9,655641966996193
4,5;0,35;1e-05;0,448553;1,04356e-08;4,50043;5,51257e-07;0,0
4,5;0,35;1e-05;0,448538;7,18272e-08;4,5004;3,06009e-06;0,0
4,5;0,35;1e-05;0,448547;7,02131e-08;4,50045;2,94142e-06;0,0
4,5;0,35;1e-05;0,448541;4,78399e-08;4,50047;2,97958e-06;0,0
4,5;0,35;1e-05;0,448555;3,64661e-08;4,50046;3,01833e-06;0,0
4,5;0,35;1e-05;0,448534;7,14207e-08;4,50046;2,90498e-06;0,0
4,5;0,35;1e-05;0,448553;-1,68717e-08;4,50044;2,96754e-06;-0,0
