Time [s],Pru00,Pru01
0.000000000,1,0
0.065459948,0,0
0.065493084,1,0
0.065493294,1,1
0.065503742,1,0
0.165459742,0,0
0.165493110,1,0
0.165493340,1,1
0.165503748,1,0
0.265459818,0,0
0.265492958,1,0
0.265493184,1,1
0.265503592,1,0
0.365459706,0,0
0.365492896,1,0
0.365493122,1,1
0.365503574,1,0
0.465459904,0,0
0.465493950,1,0
0.465494580,1,1
0.465504998,1,0
0.565463740,0,0
0.565493416,1,0
0.565493642,1,1
0.565504050,1,0
0.665461658,0,0
0.665492704,1,0
0.665492910,1,1
0.665503352,1,0
0.765462202,0,0
0.765492592,1,0
0.765492808,1,1
0.765503252,1,0
0.865459632,0,0
0.865492608,1,0
0.865492818,1,1
0.865503232,1,0
0.965459506,0,0
0.965492552,1,0
0.965492778,1,1
0.965503212,1,0
1.065459182,0,0
1.065492440,1,0
1.065492656,1,1
1.065503108,1,0
1.165459878,0,0
1.165492578,1,0
1.165492804,1,1
1.165503262,1,0
1.265458826,0,0
1.265492256,1,0
1.265492470,1,1
1.265502904,1,0
1.365460472,0,0
1.365492170,1,0
1.365492400,1,1
1.365502808,1,0
1.465458768,0,0
1.465492134,1,0
1.465492366,1,1
1.465502788,1,0
1.565458842,0,0
1.565491992,1,0
1.565492192,1,1
1.565502600,1,0
1.665458520,0,0
1.665491980,1,0
1.665492200,1,1
1.665502608,1,0
1.765458598,0,0
1.765491754,1,0
1.765491904,1,1
1.765502334,1,0
1.865458562,0,0
1.865491768,1,0
1.865491998,1,1
1.865502406,1,0
1.965457916,0,0
1.965491664,1,0
1.965491870,1,1
1.965502302,1,0
2.065458732,0,0
2.065492342,1,0
2.065492982,1,1
2.065503390,1,0
2.165459538,0,0
2.165491776,1,0
2.165492006,1,1
2.165502436,1,0
2.265458114,0,0
2.265491420,1,0
2.265491574,1,1
2.265501990,1,0
2.365458546,0,0
2.365491594,1,0
2.365492236,1,1
2.365502648,1,0
2.465462272,0,0
2.465491392,1,0
2.465491618,1,1
2.465502034,1,0
2.565458118,0,0
2.565491478,1,0
2.565491702,1,1
2.565502112,1,0
2.665458954,0,0
2.665491160,1,0
2.665491386,1,1
2.665501834,1,0
2.765457828,0,0
2.765491124,1,0
2.765491304,1,1
2.765551878,1,0
2.865458180,0,0
2.865491520,1,0
2.865492352,1,1
2.865502760,1,0
2.965458268,0,0
2.965490966,1,0
2.965491182,1,1
2.965501636,1,0
3.065458302,0,0
3.065490780,1,0
3.065490950,1,1
3.065501360,1,0
3.165460976,0,0
3.165491292,1,0
3.165491942,1,1
3.165502356,1,0
3.265458678,0,0
3.265490676,1,0
3.265490832,1,1
3.265501240,1,0
3.365460516,0,0
3.365490654,1,0
3.365490870,1,1
3.365501308,1,0
3.465457158,0,0
3.465490598,1,0
3.465490798,1,1
3.465501208,1,0
3.565457054,0,0
3.565490442,1,0
3.565490596,1,1
3.565501014,1,0
3.665456978,0,0
3.665490384,1,0
3.665490610,1,1
3.665501018,1,0
3.765456990,0,0
3.765490340,1,0
3.765490554,1,1
3.765500998,1,0
3.865458016,0,0
3.865490234,1,0
3.865490384,1,1
3.865500808,1,0
3.965456810,0,0
3.965490568,1,0
3.965490792,1,1
3.965501210,1,0
4.065457122,0,0
4.065490030,1,0
4.065490250,1,1
4.065500678,1,0
4.165456666,0,0
4.165489984,1,0
4.165490138,1,1
4.165500572,1,0
4.265456678,0,0
4.265489948,1,0
4.265490110,1,1
4.265500552,1,0
4.365456374,0,0
4.365489792,1,0
4.365490022,1,1
4.365500446,1,0
4.465456198,0,0
4.465490494,1,0
4.465491308,1,1
4.465511746,1,0
4.565460700,0,0
4.565490148,1,0
4.565490572,1,1
4.565501016,1,0
4.665456202,0,0
4.665489682,1,0
4.665490108,1,1
4.665500516,1,0
4.765457788,0,0
4.765489538,1,0
4.765489742,1,1
4.765500156,1,0
4.865456252,0,0
4.865489528,1,0
4.865489744,1,1
4.865500152,1,0
4.965456074,0,0
4.965489410,1,0
4.965489636,1,1
4.965500044,1,0
5.065455954,0,0
5.065489554,1,0
5.065489780,1,1
5.065500194,1,0
5.165456048,0,0
5.165489160,1,0
5.165489384,1,1
5.165499832,1,0
5.265457712,0,0
5.265489112,1,0
5.265489336,1,1
5.265499746,1,0
5.365456296,0,0
5.365489054,1,0
5.365489278,1,1
5.365499722,1,0
5.465457858,0,0
5.465488994,1,0
5.465489210,1,1
5.465499618,1,0
5.565455648,0,0
5.565488898,1,0
5.565489124,1,1
5.565499532,1,0
5.665455742,0,0
5.665489052,1,0
5.665489278,1,1
5.665499686,1,0
5.765455486,0,0
5.765488722,1,0
5.765488878,1,1
5.765499322,1,0
5.865455326,0,0
5.865488684,1,0
5.865488898,1,1
5.865499308,1,0
5.965455266,0,0
5.965488536,1,0
5.965488740,1,1
5.965499200,1,0
6.065455390,0,0
6.065488450,1,0
6.065488894,1,1
6.065499348,1,0
6.165455922,0,0
6.165488420,1,0
6.165488646,1,1
6.165499070,1,0
6.265458202,0,0
6.265488490,1,0
6.265488700,1,1
6.265499128,1,0
6.365455222,0,0
6.365488260,1,0
6.365488692,1,1
6.365499104,1,0
6.465454874,0,0
6.465488224,1,0
6.465488454,1,1
6.465498912,1,0
6.565455688,0,0
6.565488126,1,0
6.565488340,1,1
6.565498750,1,0
6.665454738,0,0
6.665488004,1,0
6.665488164,1,1
6.665498574,1,0
6.765454548,0,0
6.765487884,1,0
6.765488044,1,1
6.765498462,1,0
6.865454496,0,0
6.865487826,1,0
6.865487986,1,1
6.865498440,1,0
6.965454458,0,0
6.965487788,1,0
6.965488000,1,1
6.965498418,1,0
7.065454350,0,0
7.065487668,1,0
7.065487888,1,1
7.065498308,1,0
7.165454150,0,0
7.165487826,1,0
7.165488052,1,1
7.165498460,1,0
7.265451310,0,0
7.265487788,1,0
7.265488012,1,1
7.265498436,1,0
7.365454040,0,0
7.365487420,1,0
7.365487644,1,1
7.365498074,1,0
7.465453540,0,0
7.465487360,1,0
7.465487776,1,1
7.465498220,1,0
7.565454132,0,0
7.565487290,1,0
7.565487514,1,1
7.565497938,1,0
7.665455790,0,0
7.665487148,1,0
7.665487308,1,1
7.665497742,1,0
7.765453920,0,0
7.765487560,1,0
7.765487786,1,1
7.765498228,1,0
7.865454032,0,0
7.865487072,1,0
7.865487296,1,1
7.865497706,1,0
7.965453434,0,0
7.965486910,1,0
7.965487066,1,1
7.965497510,1,0
8.065453622,0,0
8.065486888,1,0
8.065487334,1,1
8.065497742,1,0
8.165453450,0,0
8.165486808,1,0
8.165487010,1,1
8.165497462,1,0
8.265453922,0,0
8.265486720,1,0
8.265486946,1,1
8.265497354,1,0
8.365453332,0,0
8.365486640,1,0
8.365487056,1,1
8.365497500,1,0
8.465453252,0,0
8.465486538,1,0
8.465486698,1,1
8.465497132,1,0
8.565453230,0,0
8.565486538,1,0
8.565486984,1,1
8.565497392,1,0
8.665456270,0,0
8.665486388,1,0
8.665486598,1,1
8.665497026,1,0
8.765453630,0,0
8.765486270,1,0
8.765486424,1,1
8.765496834,1,0
8.865452810,0,0
8.865486158,1,0
8.865486312,1,1
8.865496722,1,0
8.965452828,0,0
8.965486124,1,0
8.965486340,1,1
8.965496778,1,0
9.065452886,0,0
9.065486756,1,0
9.065486982,1,1
9.065497436,1,0
9.165452586,0,0
9.165485966,1,0
9.165486382,1,1
9.165496816,1,0
9.265452678,0,0
9.265486076,1,0
9.265486500,1,1
9.265496958,1,0
9.365455534,0,0
9.365485862,1,0
9.365486092,1,1
9.365496506,1,0
9.465452414,0,0
9.465485680,1,0
9.465485902,1,1
9.465496310,1,0
9.565452292,0,0
9.565485942,1,0
9.565486172,1,1
9.565496626,1,0
9.665452312,0,0
9.665485772,1,0
9.665485996,1,1
9.665496430,1,0
9.765452252,0,0
9.765485568,1,0
9.765485784,1,1
9.765496232,1,0
9.865452070,0,0
9.865485366,1,0
9.865485526,1,1
9.865495950,1,0
9.965452296,0,0
9.965486228,1,0
9.965486878,1,1
9.965497288,1,0
10.065451446,0,0
10.065485278,1,0
10.065485502,1,1
10.065495910,1,0
10.165451858,0,0
10.165485126,1,0
10.165485284,1,1
10.165495714,1,0
10.265451696,0,0
10.265485072,1,0
10.265485282,1,1
10.265495690,1,0
10.365452142,0,0
10.365485712,1,0
10.365486138,1,1
10.365496546,1,0
10.465455162,0,0
10.465485082,1,0
10.465485312,1,1
10.465495756,1,0
10.565452192,0,0
10.565484900,1,0
10.565485130,1,1
10.565495560,1,0
10.665452600,0,0
10.665484748,1,0
10.665484968,1,1
10.665495376,1,0
10.765451448,0,0
10.765484564,1,0
10.765484736,1,1
10.765495178,1,0
10.865451294,0,0
10.865484554,1,0
10.865484714,1,1
10.865495154,1,0
10.965452786,0,0
10.965485104,1,0
10.965485520,1,1
10.965495978,1,0
11.065451306,0,0
11.065484562,1,0
11.065484766,1,1
11.065495186,1,0
11.165450952,0,0
11.165484288,1,0
11.165484454,1,1
11.165494902,1,0
11.265454112,0,0
11.265484408,1,0
11.265484844,1,1
11.265495302,1,0
11.365450866,0,0
11.365484408,1,0
11.365484638,1,1
11.365495046,1,0
11.465450978,0,0
11.465484266,1,0
11.465484710,1,1
11.465495118,1,0
11.565450686,0,0
11.565484082,1,0
11.565484306,1,1
11.565494750,1,0
11.665450352,0,0
11.665483968,1,0
11.665484384,1,1
11.665494808,1,0
11.765450658,0,0
11.765484500,1,0
11.765485624,1,1
11.765496058,1,0
11.865450388,0,0
11.865483718,1,0
11.865483948,1,1
11.865494356,1,0
11.965450246,0,0
11.965483594,1,0
11.965483748,1,1
11.965494158,1,0
12.065453634,0,0
12.065483480,1,0
12.065483694,1,1
12.065494128,1,0
12.165450278,0,0
12.165483378,1,0
12.165483538,1,1
12.165493946,1,0
12.265450158,0,0
12.265483308,1,0
12.265483458,1,1
12.265493866,1,0
12.365450478,0,0
12.365483254,1,0
12.365483464,1,1
12.365493924,1,0
12.465450604,0,0
12.465484350,1,0
12.465484976,1,1
12.465495424,1,0
12.565452260,0,0
12.565483388,1,0
12.565483614,1,1
12.565494036,1,0
12.665451548,0,0
12.665483276,1,0
12.665483502,1,1
12.665493926,1,0
12.765449774,0,0
12.765482894,1,0
12.765483124,1,1
12.765543702,1,0
12.865450172,0,0
12.865483298,1,0
12.865484118,1,1
12.865494546,1,0
12.965450786,0,0
12.965484066,1,0
12.965484682,1,1
12.965505144,1,0
13.065453884,0,0
13.065482692,1,0
13.065482918,1,1
13.065493326,1,0
13.165445464,0,0
13.165482822,1,0
13.165483256,1,1
13.165493666,1,0
13.265449070,0,0
13.265482728,1,0
13.265483132,1,1
13.265493550,1,0
13.365449106,0,0
13.365482472,1,0
13.365482688,1,1
13.365493096,1,0
13.465451442,0,0
13.465482990,1,0
13.465484172,1,1
13.465494600,1,0
13.565450790,0,0
13.565482478,1,0
13.565482704,1,1
13.565493128,1,0
13.665448866,0,0
13.665482236,1,0
13.665482450,1,1
13.665492860,1,0
13.765448974,0,0
13.765482140,1,0
13.765482370,1,1
13.765492828,1,0
13.865448758,0,0
13.865482056,1,0
13.865482262,1,1
13.865492714,1,0
13.965448594,0,0
13.965482174,1,0
13.965482406,1,1
13.965492858,1,0
14.065448452,0,0
14.065482082,1,0
14.065482292,1,1
14.065492746,1,0
14.165448520,0,0
14.165481768,1,0
14.165481932,1,1
14.165492376,1,0
14.265448356,0,0
14.265481652,1,0
14.265481808,1,1
14.265492262,1,0
14.365448210,0,0
14.365481610,1,0
14.365482040,1,1
14.365492488,1,0
14.465449390,0,0
14.465481438,1,0
14.465481608,1,1
14.465492036,1,0
14.565448486,0,0
14.565481474,1,0
14.565481700,1,1
14.565492108,1,0
14.665444880,0,0
14.665481378,1,0
14.665481818,1,1
14.665492248,1,0
14.765447838,0,0
14.765481274,1,0
14.765481494,1,1
14.765491904,1,0
14.865448874,0,0
14.865481232,1,0
14.865481408,1,1
14.865491816,1,0
14.965447630,0,0
14.965481050,1,0
14.965481266,1,1
14.965491704,1,0
15.065447688,0,0
15.065480966,1,0
15.065481140,1,1
15.065491588,1,0
15.165448162,0,0
15.165481750,1,0
15.165482380,1,1
15.165492834,1,0
15.265447988,0,0
15.265481438,1,0
15.265481658,1,1
15.265492066,1,0
15.365446024,0,0
15.365480754,1,0
15.365480986,1,1
15.365491444,1,0
15.465447782,0,0
15.465481330,1,0
15.465482158,1,1
15.465492602,1,0
15.565447578,0,0
15.565480784,1,0
15.565481228,1,1
15.565491638,1,0
15.665447272,0,0
15.665480490,1,0
15.665480720,1,1
15.665491128,1,0
15.765447108,0,0
15.765480458,1,0
15.765480684,1,1
15.765491102,1,0
15.865447616,0,0
15.865480284,1,0
15.865480440,1,1
15.865490848,1,0
15.965447072,0,0
15.965480178,1,0
15.965480632,1,1
15.965491072,1,0
16.065446716,0,0
16.065480162,1,0
16.065480378,1,1
16.065490786,1,0
16.165446680,0,0
16.165480050,1,0
16.165480230,1,1
16.165490672,1,0
16.265446626,0,0
16.265479916,1,0
16.265480096,1,1
16.265490506,1,0
16.365446494,0,0
16.365479852,1,0
16.365480256,1,1
16.365490666,1,0
16.465446438,0,0
16.465479724,1,0
16.465479890,1,1
16.465490298,1,0
16.565446382,0,0
16.565479650,1,0
16.565479816,1,1
16.565490268,1,0
16.665446328,0,0
16.665479568,1,0
16.665479734,1,1
16.665490156,1,0
16.765446104,0,0
16.765479544,1,0
16.765479774,1,1
16.765490212,1,0
16.865446120,0,0
16.865479476,1,0
16.865479702,1,1
16.865490110,1,0
16.965446184,0,0
16.965479302,1,0
16.965479512,1,1
16.965489920,1,0
17.065446148,0,0
17.065480180,1,0
17.065480804,1,1
17.065491252,1,0
17.165448146,0,0
17.165479194,1,0
17.165479420,1,1
17.165489862,1,0
17.265446620,0,0
17.265479318,1,0
17.265479548,1,1
17.265490002,1,0
17.365445556,0,0
17.365478972,1,0
17.365479386,1,1
17.365489800,1,0
17.465445708,0,0
17.465478826,1,0
17.465478996,1,1
17.465489430,1,0
17.565445582,0,0
17.565478884,1,0
17.565479314,1,1
17.565489742,1,0
17.665446250,0,0
17.665478778,1,0
17.665479422,1,1
17.665489880,1,0
17.765446922,0,0
17.765478700,1,0
17.765478926,1,1
17.765489340,1,0
17.865445616,0,0
17.865478634,1,0
17.865478846,1,1
17.865489254,1,0
17.965446292,0,0
17.965478430,1,0
17.965478656,1,1
17.965489064,1,0
18.065447768,0,0
18.065479346,1,0
18.065479556,1,1
18.065489970,1,0
18.165445092,0,0
18.165478250,1,0
18.165478414,1,1
18.165488834,1,0
18.265446224,0,0
18.265478182,1,0
18.265478408,1,1
18.265488816,1,0
18.365444858,0,0
18.365478148,1,0
18.365478574,1,1
18.365488982,1,0
18.465444614,0,0
18.465478004,1,0
18.465478174,1,1
18.465488612,1,0
18.565444750,0,0
18.565478906,1,0
18.565479520,1,1
18.565489940,1,0
18.665448042,0,0
18.665478330,1,0
18.665478550,1,1
18.665488974,1,0
18.765444446,0,0
18.765477834,1,0
18.765478060,1,1
18.765488518,1,0
18.865444980,0,0
18.865477700,1,0
18.865477916,1,1
18.865488324,1,0
18.965444196,0,0
18.965477586,1,0
18.965477800,1,1
18.965488208,1,0
19.065446438,0,0
19.065477536,1,0
19.065477736,1,1
19.065488176,1,0
19.165444142,0,0
19.165477460,1,0
19.165477684,1,1
19.165488144,1,0
19.265447238,0,0
19.265477564,1,0
19.265477790,1,1
19.265488198,1,0
19.365444100,0,0
19.365477260,1,0
19.365477480,1,1
19.365487914,1,0
19.465446672,0,0
19.465478380,1,0
19.465478800,1,1
19.465489240,1,0
19.565446968,0,0
19.565477494,1,0
19.565477910,1,1
19.565488358,1,0
19.665446762,0,0
19.665476968,1,0
19.665477134,1,1
19.665487562,1,0
19.765443674,0,0
19.765477154,1,0
19.765477370,1,1
19.765487788,1,0
19.865443930,0,0
19.865476778,1,0
19.865477004,1,1
19.865487418,1,0
19.965443414,0,0
19.965476990,1,0
19.965477208,1,1
19.965487638,1,0
20.065443634,0,0
20.065476632,1,0
20.065476848,1,1
20.065487266,1,0
20.165443198,0,0
20.165476788,1,0
20.165477004,1,1
20.165487412,1,0
20.265443102,0,0
20.265476452,1,0
20.265476652,1,1
20.265487062,1,0
20.365444706,0,0
20.365476374,1,0
20.365476584,1,1
20.365487028,1,0
20.465443518,0,0
20.465476284,1,0
20.465476494,1,1
20.465486908,1,0
20.565444070,0,0
20.565476168,1,0
20.565476384,1,1
20.565486792,1,0
20.665442944,0,0
20.665476514,1,0
20.665476740,1,1
20.665487188,1,0
20.765439348,0,0
20.765476086,1,0
20.765476316,1,1
20.765486730,1,0
20.865442592,0,0
20.865475888,1,0
20.865476118,1,1
20.865486526,1,0
20.965443422,0,0
20.965475860,1,0
20.965476080,1,1
20.965486494,1,0
21.065442524,0,0
21.065475784,1,0
21.065475946,1,1
21.065486378,1,0
21.165442380,0,0
21.165475640,1,0
21.165475810,1,1
21.165486264,1,0
21.265442244,0,0
21.265475522,1,0
21.265475686,1,1
21.265486144,1,0
21.365442106,0,0
21.365475502,1,0
21.365475928,1,1
21.365486366,1,0
21.465442226,0,0
21.465475346,1,0
21.465475506,1,1
21.465485914,1,0
21.565441980,0,0
21.565475350,1,0
21.565475766,1,1
21.565486224,1,0
21.665441906,0,0
21.665475184,1,0
21.665475354,1,1
21.665485768,1,0
21.765441838,0,0
21.765475104,1,0
21.765475268,1,1
21.765485678,1,0
21.865442238,0,0
21.865475246,1,0
21.865475468,1,1
21.865485900,1,0
21.965443354,0,0
21.965474922,1,0
21.965475138,1,1
21.965485546,1,0
22.065441476,0,0
22.065474854,1,0
22.065475064,1,1
22.065485514,1,0
22.165441340,0,0
22.165474716,1,0
22.165474876,1,1
22.165485310,1,0
22.265441320,0,0
22.265474648,1,0
22.265474812,1,1
22.265485220,1,0
22.365441522,0,0
22.365474630,1,0
22.365474862,1,1
22.365485274,1,0
22.465441084,0,0
22.465474464,1,0
22.465474680,1,1
22.465485090,1,0
22.565441230,0,0
22.565474386,1,0
22.565474602,1,1
22.565485056,1,0
22.665440980,0,0
22.665474316,1,0
22.665474492,1,1
22.665484936,1,0
22.765443012,0,0
22.765474190,1,0
22.765474400,1,1
22.765534968,1,0
22.865441744,0,0
22.865474824,1,0
22.865475654,1,1
22.865496092,1,0
22.965442628,0,0
22.965474056,1,0
22.965474690,1,1
22.965485100,1,0
23.065442158,0,0
23.065473916,1,0
23.065474096,1,1
23.065484556,1,0
23.165440252,0,0
23.165474738,1,0
23.165474958,1,1
23.165485372,1,0
23.265440442,0,0
23.265473750,1,0
23.265473922,1,1
23.265484330,1,0
23.365440444,0,0
23.365473894,1,0
23.365474324,1,1
23.365484734,1,0
23.465440228,0,0
23.465473546,1,0
23.465473710,1,1
23.465484120,1,0
23.565440160,0,0
23.565473516,1,0
23.565473930,1,1
23.565484340,1,0
23.665441470,0,0
23.665473438,1,0
23.665473664,1,1
23.665484072,1,0
23.765440642,0,0
23.765473302,1,0
23.765473482,1,1
23.765483890,1,0
23.865439946,0,0
23.865473484,1,0
23.865473714,1,1
23.865484122,1,0
23.965439008,0,0
23.965473552,1,0
23.965473782,1,1
23.965484192,1,0
24.065439716,0,0
24.065473084,1,0
24.065473310,1,1
24.065483734,1,0
24.165439628,0,0
24.165472948,1,0
24.165473124,1,1
24.165483532,1,0
24.265439540,0,0
24.265472870,1,0
24.265473050,1,1
24.265483500,1,0
24.365440124,0,0
24.365472780,1,0
24.365473010,1,1
24.365483464,1,0
24.465440562,0,0
24.465473150,1,0
24.465473576,1,1
24.465484024,1,0
24.565439374,0,0
24.565472644,1,0
24.565472808,1,1
24.565483226,1,0
24.665439266,0,0
24.665472508,1,0
24.665472718,1,1
24.665483126,1,0
24.765439160,0,0
24.765472428,1,0
24.765472642,1,1
24.765483092,1,0
24.865438882,0,0
24.865472366,1,0
24.865472782,1,1
24.865483226,1,0
24.965440702,0,0
24.965473420,1,0
24.965474036,1,1
24.965484470,1,0
25.065439022,0,0
25.065472402,1,0
25.065472632,1,1
25.065483076,1,0
25.165438724,0,0
25.165472084,1,0
25.165472250,1,1
25.165482702,1,0
25.265439616,0,0
25.265471974,1,0
25.265472138,1,1
25.265482582,1,0
25.365438926,0,0
25.365471894,1,0
25.365472340,1,1
25.365482748,1,0
25.465438098,0,0
25.465471858,1,0
25.465472284,1,1
25.465482716,1,0
25.565438730,0,0
25.565471710,1,0
25.565471880,1,1
25.565482288,1,0
25.665438334,0,0
25.665471600,1,0
25.665471766,1,1
25.665482174,1,0
25.765438454,0,0
25.765471810,1,0
25.765472234,1,1
25.765482648,1,0
25.865438612,0,0
25.865471652,1,0
25.865472088,1,1
25.865482530,1,0
25.965439716,0,0
25.965471606,1,0
25.965472250,1,1
25.965482670,1,0
26.065438058,0,0
26.065471646,1,0
26.065472076,1,1
26.065482484,1,0
26.165437890,0,0
26.165471076,1,0
26.165471296,1,1
26.165481704,1,0
26.265437998,0,0
26.265471066,1,0
26.265471276,1,1
26.265481684,1,0
26.365437768,0,0
26.365470918,1,0
26.365471344,1,1
26.365481752,1,0
26.465438452,0,0
26.465471070,1,0
26.465471296,1,1
26.465481720,1,0
26.565437544,0,0
26.565470810,1,0
26.565470976,1,1
26.565481430,1,0
26.665437324,0,0
26.665470640,1,0
26.665470810,1,1
26.665481224,1,0
26.765435176,0,0
26.765470562,1,0
26.765470732,1,1
26.765481190,1,0
26.865437204,0,0
26.865470504,1,0
26.865470670,1,1
26.865481078,1,0
26.965437046,0,0
26.965470474,1,0
26.965470700,1,1
26.965481130,1,0
27.065437048,0,0
27.065470404,1,0
27.065470818,1,1
27.065481262,1,0
27.165437186,0,0
27.165470224,1,0
27.165470444,1,1
27.165480888,1,0
27.265439948,0,0
27.265470168,1,0
27.265470372,1,1
27.265480780,1,0
27.365437950,0,0
27.365470288,1,0
27.365470712,1,1
27.365481172,1,0
27.465437180,0,0
27.465471026,1,0
27.465471682,1,1
27.465482090,1,0
27.565435452,0,0
27.565470326,1,0
27.565470556,1,1
27.565480966,1,0
27.665436428,0,0
27.665470038,1,0
27.665470464,1,1
27.665480872,1,0
27.765437772,0,0
27.765469700,1,0
27.765469880,1,1
27.765480330,1,0
27.865436222,0,0
27.865469640,1,0
27.865469866,1,1
27.865480294,1,0
27.965440912,0,0
27.965469948,1,0
27.965470374,1,1
27.965480782,1,0
28.065436830,0,0
28.065470110,1,0
28.065470536,1,1
28.065480944,1,0
28.165436252,0,0
28.165469582,1,0
28.165470412,1,1
28.165480826,1,0
28.265436954,0,0
28.265469482,1,0
28.265469696,1,1
28.265480110,1,0
28.365435874,0,0
28.365469110,1,0
28.365469336,1,1
28.365479744,1,0
28.465436232,0,0
28.465469740,1,0
28.465469966,1,1
28.465480388,1,0
28.565439952,0,0
28.565469662,1,0
28.565470288,1,1
28.565480696,1,0
28.665435602,0,0
28.665469372,1,0
28.665469592,1,1
28.665480002,1,0
28.765435364,0,0
28.765468992,1,0
28.765469216,1,1
28.765479626,1,0
28.865435364,0,0
28.865468680,1,0
28.865468884,1,1
28.865479334,1,0
28.965435922,0,0
28.965469122,1,0
28.965469348,1,1
28.965479754,1,0
29.065437114,0,0
29.065468572,1,0
29.065468774,1,1
29.065479212,1,0
29.165435114,0,0
29.165468482,1,0
29.165468692,1,1
29.165479102,1,0
29.265434954,0,0
29.265468320,1,0
29.265468526,1,1
29.265478980,1,0
29.365436090,0,0
29.365468450,1,0
29.365469090,1,1
29.365479538,1,0
29.465434862,0,0
29.465468150,1,0
29.465468562,1,1
29.465478996,1,0
29.565434962,0,0
29.565468062,1,0
29.565468288,1,1
29.565478706,1,0
29.665434454,0,0
29.665467910,1,0
29.665468076,1,1
29.665478500,1,0
29.765434492,0,0
29.765467828,1,0
29.765467994,1,1
29.765478402,1,0
29.865438142,0,0
29.865467820,1,0
29.865468050,1,1
29.865478458,1,0
29.965434810,0,0
29.965467590,1,0
29.965467766,1,1
29.965478174,1,0
30.065434222,0,0
30.065467848,1,0
30.065468078,1,1
30.065478488,1,0
30.165435368,0,0
30.165467508,1,0
30.165467722,1,1
30.165478130,1,0
30.265435648,0,0
30.265467356,1,0
30.265467536,1,1
30.265477944,1,0
30.365430840,0,0
30.365467306,1,0
30.365467532,1,1
30.365477940,1,0
30.465434238,0,0
30.465468156,1,0
30.465468600,1,1
30.465479010,1,0
30.565434698,0,0
30.565467604,1,0
30.565467824,1,1
30.565478232,1,0
30.665435134,0,0
30.665467452,1,0
30.665467678,1,1
30.665478112,1,0
30.765433604,0,0
30.765466922,1,0
30.765467092,1,1
30.765477500,1,0
30.865433532,0,0
30.865466884,1,0
30.865467098,1,1
30.865477552,1,0
30.965435462,0,0
30.965466802,1,0
30.965467032,1,1
30.965477440,1,0
31.065434770,0,0
31.065466648,1,0
31.065467094,1,1
31.065477502,1,0
31.165435080,0,0
31.165466588,1,0
31.165466812,1,1
31.165477222,1,0
31.265433218,0,0
31.265466468,1,0
31.265466648,1,1
31.265477102,1,0
31.365432958,0,0
31.365466628,1,0
31.365466858,1,1
31.365477266,1,0
31.465432988,0,0
31.465466314,1,0
31.465466534,1,1
31.465476974,1,0
31.565432906,0,0
31.565466212,1,0
31.565466444,1,1
31.565476852,1,0
31.665432864,0,0
31.665466032,1,0
31.665466208,1,1
31.665476646,1,0
31.765432714,0,0
31.765466024,1,0
31.765466414,1,1
31.765476868,1,0
31.865432534,0,0
31.865465862,1,0
31.865466036,1,1
31.865476490,1,0
31.965432542,0,0
31.965465838,1,0
31.965466052,1,1
31.965476462,1,0
32.065434220,0,0
32.065466618,1,0
32.065467476,1,1
32.065487912,1,0
32.165434210,0,0
32.165465838,1,0
32.165466068,1,1
32.165476488,1,0
32.265432388,0,0
32.265465476,1,0
32.265465652,1,1
32.265476110,1,0
32.365432268,0,0
32.365465634,1,0
32.365465858,1,1
32.365476268,1,0
32.465432344,0,0
32.465465312,1,0
32.465465482,1,1
32.465475890,1,0
32.565433564,0,0
32.565465262,1,0
32.565465492,1,1
32.565475940,1,0
32.665431812,0,0
32.665465192,1,0
32.665465416,1,1
32.665475826,1,0
32.765431762,0,0
32.765465068,1,0
32.765465234,1,1
32.765525788,1,0
32.865432518,0,0
32.865465506,1,0
32.865466332,1,1
32.865486768,1,0
32.965431646,0,0
32.965465044,1,0
32.965465270,1,1
32.965475684,1,0
33.065431464,0,0
33.065464866,1,0
33.065465306,1,1
33.065475734,1,0
33.165431756,0,0
33.165464694,1,0
33.165464924,1,1
33.165475356,1,0
33.265431204,0,0
33.265464590,1,0
33.265464754,1,1
33.265475164,1,0
33.365431030,0,0
33.365464728,1,0
33.365464938,1,1
33.365475382,1,0
33.465433030,0,0
33.465465528,1,0
33.465466528,1,1
33.465476962,1,0
33.565432758,0,0
33.565464516,1,0
33.565464746,1,1
33.565475156,1,0
33.665430888,0,0
33.665464244,1,0
33.665464672,1,1
33.665475118,1,0
33.765431034,0,0
33.765464110,1,0
33.765464336,1,1
33.765474744,1,0
33.865430710,0,0
33.865464060,1,0
33.865464274,1,1
33.865474708,1,0
33.965430568,0,0
33.965464150,1,0
33.965464380,1,1
33.965474788,1,0
34.065430470,0,0
34.065464076,1,0
34.065464500,1,1
34.065474920,1,0
34.165430618,0,0
34.165463744,1,0
34.165463958,1,1
34.165474372,1,0
34.265430332,0,0
34.265463692,1,0
34.265463922,1,1
34.265474334,1,0
34.365431242,0,0
34.365463622,1,0
34.365463838,1,1
34.365474244,1,0
34.465430350,0,0
34.465463440,1,0
34.465463864,1,1
34.465474294,1,0
34.565430180,0,0
34.565464076,1,0
34.565464704,1,1
34.565475114,1,0
34.665430436,0,0
34.665463492,1,0
34.665463938,1,1
34.665474398,1,0
34.765429882,0,0
34.765463222,1,0
34.765463388,1,1
34.765473796,1,0
34.865429922,0,0
34.865463052,1,0
34.865463218,1,1
34.865473676,1,0
34.965429752,0,0
34.965463050,1,0
34.965463264,1,1
34.965473722,1,0
35.065430488,0,0
35.065463564,1,0
35.065463790,1,1
35.065474198,1,0
35.165429844,0,0
35.165463094,1,0
35.165463524,1,1
35.165473932,1,0
35.265429322,0,0
35.265462814,1,0
35.265463038,1,1
35.265473472,1,0
35.365429372,0,0
35.365462582,1,0
35.365462792,1,1
35.365473200,1,0
35.465429212,0,0
35.465463386,1,0
35.465463812,1,1
35.465474266,1,0
35.565430486,0,0
35.565462444,1,0
35.565462624,1,1
35.565473038,1,0
35.665428944,0,0
35.665462324,1,0
35.665462504,1,1
35.665472918,1,0
35.765430154,0,0
35.765462204,1,0
35.765462374,1,1
35.765472796,1,0
35.865428602,0,0
35.865462070,1,0
35.865462234,1,1
35.865472674,1,0
35.965428810,0,0
35.965462116,1,0
35.965462316,1,1
35.965472724,1,0
36.065430246,0,0
36.065461974,1,0
36.065462200,1,1
36.065472608,1,0
36.165430676,0,0
36.165462284,1,0
36.165462514,1,1
36.165472922,1,0
36.265429134,0,0
36.265462060,1,0
36.265462490,1,1
36.265472900,1,0
36.365428100,0,0
36.365461746,1,0
36.365461966,1,1
36.365472376,1,0
36.465428156,0,0
36.465461594,1,0
36.465461810,1,1
36.465472252,1,0
36.565429806,0,0
36.565461494,1,0
36.565461654,1,1
36.565472062,1,0
36.665428482,0,0
36.665461312,1,0
36.665461482,1,1
36.665471942,1,0
36.765427982,0,0
36.765461318,1,0
36.765461478,1,1
36.765471902,1,0
36.865427848,0,0
36.865461204,1,0
36.865461364,1,1
36.865471778,1,0
36.965427754,0,0
36.965461102,1,0
36.965461268,1,1
36.965471676,1,0
37.065427652,0,0
37.065461002,1,0
37.065461168,1,1
37.065471576,1,0
37.165431268,0,0
37.165461008,1,0
37.165461238,1,1
37.165471648,1,0
37.265427508,0,0
37.265460854,1,0
37.265461078,1,1
37.265471522,1,0
37.365428162,0,0
37.365460822,1,0
37.365461036,1,1
37.365471484,1,0
37.465428302,0,0
37.465460690,1,0
37.465460912,1,1
37.465471364,1,0
37.565427018,0,0
37.565460568,1,0
37.565460794,1,1
37.565471242,1,0
37.665427088,0,0
37.665460444,1,0
37.665460614,1,1
37.665471032,1,0
37.765426994,0,0
37.765460320,1,0
37.765460480,1,1
37.765470908,1,0
37.865426938,0,0
37.865460258,1,0
37.865460418,1,1
37.865470872,1,0
37.965426896,0,0
37.965460218,1,0
37.965460632,1,1
37.965471090,1,0
38.065426706,0,0
38.065460532,1,0
38.065460756,1,1
38.065471166,1,0
38.165426532,0,0
38.165459938,1,0
38.165460118,1,1
38.165470532,1,0
38.265426676,0,0
38.265459874,1,0
38.265460086,1,1
38.265470494,1,0
38.365426314,0,0
38.365459804,1,0
38.365460034,1,1
38.365470458,1,0
38.465426392,0,0
38.465459762,1,0
38.465459976,1,1
38.465470420,1,0
38.565428456,0,0
38.565460886,1,0
38.565461310,1,1
38.565471740,1,0
38.665428654,0,0
38.665459482,1,0
38.665459712,1,1
38.665470170,1,0
38.765426580,0,0
38.765459450,1,0
38.765459656,1,1
38.765470064,1,0
38.865427190,0,0
38.865459300,1,0
38.865459510,1,1
38.865469944,1,0
38.965427416,0,0
38.965459194,1,0
38.965459400,1,1
38.965469818,1,0
39.065426282,0,0
39.065459070,1,0
39.065459294,1,1
39.065469704,1,0
39.165428470,0,0
39.165458966,1,0
39.165459152,1,1
39.165469580,1,0
39.265426678,0,0
39.265459226,1,0
39.265459456,1,1
39.265469884,1,0
39.365425824,0,0
39.365459082,1,0
39.365459306,1,1
39.365469760,1,0
39.465425510,0,0
39.465458766,1,0
39.465458986,1,1
39.465469396,1,0
39.565425984,0,0
39.565458722,1,0
39.565458952,1,1
39.565469362,1,0
39.665425260,0,0
39.665458530,1,0
39.665458712,1,1
39.665469154,1,0
39.765425300,0,0
39.765458388,1,0
39.765458558,1,1
39.765468968,1,0
39.865425078,0,0
39.865458424,1,0
39.865458648,1,1
39.865469098,1,0
39.965425292,0,0
39.965458938,1,0
39.965459384,1,1
39.965469822,1,0
40.065426368,0,0
40.065458356,1,0
40.065458578,1,1
40.065469020,1,0
40.165424734,0,0
40.165458064,1,0
40.165458230,1,1
40.165468644,1,0
40.265424894,0,0
40.265458000,1,0
40.265458220,1,1
40.265468630,1,0
40.365424558,0,0
40.365457954,1,0
40.365458180,1,1
40.365468588,1,0
40.465424672,0,0
40.465457902,1,0
40.465458342,1,1
40.465468750,1,0
40.565425050,0,0
40.565457720,1,0
40.565457890,1,1
40.565468298,1,0
40.665425348,0,0
40.665457646,1,0
40.665458082,1,1
40.665468516,1,0
40.765424156,0,0
40.765457492,1,0
40.765457662,1,1
40.765468070,1,0
40.865424200,0,0
40.865457436,1,0
40.865457602,1,1
40.865468030,1,0
40.965424424,0,0
40.965457584,1,0
40.965457810,1,1
40.965468248,1,0
41.065425474,0,0
41.065457642,1,0
41.065458072,1,1
41.065468480,1,0
41.165423740,0,0
41.165457088,1,0
41.165457248,1,1
41.165467676,1,0
41.265423786,0,0
41.265457022,1,0
41.265457246,1,1
41.265467656,1,0
41.365424190,0,0
41.365456988,1,0
41.365457218,1,1
41.365467626,1,0
41.465421456,0,0
41.465456876,1,0
41.465457102,1,1
41.465467510,1,0
41.565424124,0,0
41.565456792,1,0
41.565457022,1,1
41.565467472,1,0
41.665424200,0,0
41.665456636,1,0
41.665456806,1,1
41.665467260,1,0
41.765423254,0,0
41.765456542,1,0
41.765456712,1,1
41.765467136,1,0
41.865423320,0,0
41.865457452,1,0
41.865457876,1,1
41.865478320,1,0
41.965426936,0,0
41.965456816,1,0
41.965457026,1,1
41.965467486,1,0
42.065423174,0,0
42.065456282,1,0
42.065456496,1,1
42.065466936,1,0
42.165424928,0,0
42.165456396,1,0
42.165456606,1,1
42.165467064,1,0
42.265423614,0,0
42.265456042,1,0
42.265456202,1,1
42.265466612,1,0
42.365424512,0,0
42.365455960,1,0
42.365456192,1,1
42.365466600,1,0
42.465425166,0,0
42.465455926,1,0
42.465456372,1,1
42.465466814,1,0
42.565423712,0,0
42.565455800,1,0
42.565456024,1,1
42.565466434,1,0
42.665422418,0,0
42.665455706,1,0
42.665455932,1,1
42.665466340,1,0
42.765422544,0,0
42.765455564,1,0
42.765455728,1,1
42.765516284,1,0
42.865423062,0,0
42.865456230,1,0
42.865456674,1,1
42.865477148,1,0
42.965423366,0,0
42.965455604,1,0
42.965456054,1,1
42.965466482,1,0
43.065424622,0,0
43.065455538,1,0
43.065456170,1,1
43.065466614,1,0
43.165422066,0,0
43.165455476,1,0
43.165455888,1,1
43.165466320,1,0
43.265423596,0,0
43.265455304,1,0
43.265455534,1,1
43.265465942,1,0
43.365421682,0,0
43.365455068,1,0
43.365455742,1,1
43.365466156,1,0
43.465425666,0,0
43.465455592,1,0
43.465456018,1,1
43.465466456,1,0
43.565424492,0,0
43.565455498,1,0
43.565455930,1,1
43.565466338,1,0
43.665423448,0,0
43.665454776,1,0
43.665454942,1,1
43.665465364,1,0
43.765421374,0,0
43.765454662,1,0
43.765454826,1,1
43.765465240,1,0
43.865422278,0,0
43.865454556,1,0
43.865454720,1,1
43.865465130,1,0
43.965420934,0,0
43.965454390,1,0
43.965454836,1,1
43.965465258,1,0
44.065420956,0,0
44.065454578,1,0
44.065454788,1,1
44.065465220,1,0
44.165421004,0,0
44.165454264,1,0
44.165454720,1,1
44.165465128,1,0
44.265422170,0,0
44.265454198,1,0
44.265454398,1,1
44.265464832,1,0
44.365419206,0,0
44.365454140,1,0
44.365454576,1,1
44.365464984,1,0
44.465421258,0,0
44.465453988,1,0
44.465454624,1,1
44.465465032,1,0
44.565420524,0,0
44.565453894,1,0
44.565454060,1,1
44.565464484,1,0
44.665420372,0,0
44.665453730,1,0
44.665453894,1,1
44.665464304,1,0
44.765420336,0,0
44.765453632,1,0
44.765453798,1,1
44.765464208,1,0
44.865420370,0,0
44.865453488,1,0
44.865453648,1,1
44.865464082,1,0
44.965420104,0,0
44.965453454,1,0
44.965453620,1,1
44.965464044,1,0
45.065420542,0,0
45.065453302,1,0
45.065453466,1,1
45.065463920,1,0
45.165419808,0,0
45.165453236,1,0
45.165453400,1,1
45.165463810,1,0
45.265419764,0,0
45.265453130,1,0
45.265453294,1,1
45.265463702,1,0
45.365419746,0,0
45.365453116,1,0
45.365453342,1,1
45.365463750,1,0
45.465422074,0,0
45.465453694,1,0
45.465453924,1,1
45.465464332,1,0
45.565423258,0,0
45.565453278,1,0
45.565453906,1,1
45.565464316,1,0
45.665422054,0,0
45.665452802,1,0
45.665453032,1,1
45.665463440,1,0
45.765420658,0,0
45.765452668,1,0
45.765452832,1,1
45.765463242,1,0
45.865419414,0,0
45.865452534,1,0
45.865452700,1,1
45.865463118,1,0
45.965419812,0,0
45.965452522,1,0
45.965452752,1,1
45.965463166,1,0
46.065419498,0,0
46.065452456,1,0
46.065452680,1,1
46.065463124,1,0
46.165419152,0,0
46.165452228,1,0
46.165452400,1,1
46.165462828,1,0
46.265418966,0,0
46.265452226,1,0
46.265452386,1,1
46.265462794,1,0
46.365418682,0,0
46.365452134,1,0
46.365452358,1,1
46.365462766,1,0
46.465418690,0,0
46.465452048,1,0
46.465452272,1,1
46.465462726,1,0
46.565418596,0,0
46.565451970,1,0
46.565452196,1,1
46.565462604,1,0
46.665418468,0,0
46.665451786,1,0
46.665451952,1,1
46.665462396,1,0
46.765418442,0,0
46.765451764,1,0
46.765451974,1,1
46.765462382,1,0
46.865419052,0,0
46.865451740,1,0
46.865451944,1,1
46.865462354,1,0
46.965418276,0,0
46.965451444,1,0
46.965451608,1,1
46.965462058,1,0
47.065419758,0,0
47.065451888,1,0
47.065452534,1,1
47.065462952,1,0
47.165417984,0,0
47.165451644,1,0
47.165452090,1,1
47.165462498,1,0
47.265420072,0,0
47.265451470,1,0
47.265451700,1,1
47.265462120,1,0
47.365417938,0,0
47.365451146,1,0
47.365451350,1,1
47.365461758,1,0
47.465418012,0,0
47.465451098,1,0
47.465451322,1,1
47.465461732,1,0
47.565419266,0,0
47.565451244,1,0
47.565451870,1,1
47.565462288,1,0
47.665417490,0,0
47.665450892,1,0
47.665451112,1,1
47.665461570,1,0
47.765420984,0,0
47.765450786,1,0
47.765450986,1,1
47.765461446,1,0
47.865416032,0,0
47.865450660,1,0
47.865450814,1,1
47.865461234,1,0
47.965418746,0,0
47.965450534,1,0
47.965450760,1,1
47.965461192,1,0
48.065418682,0,0
48.065450472,1,0
48.065450696,1,1
48.065461154,1,0
48.165417068,0,0
48.165450368,1,0
48.165450542,1,1
48.165460952,1,0
48.265416994,0,0
48.265450292,1,0
48.265450500,1,1
48.265460910,1,0
48.365416708,0,0
48.365450144,1,0
48.365450360,1,1
48.365460782,1,0
48.465416810,0,0
48.465450180,1,0
48.465450406,1,1
48.465460830,1,0
48.565418308,0,0
48.565451056,1,0
48.565451662,1,1
48.565462070,1,0
48.665416974,0,0
48.665450180,1,0
48.665450410,1,1
48.665460840,1,0
48.765416468,0,0
48.765449764,1,0
48.765449978,1,1
48.765460388,1,0
48.865416350,0,0
48.865449718,1,0
48.865449934,1,1
48.865460346,1,0
48.965416274,0,0
48.965449614,1,0
48.965449830,1,1
48.965460238,1,0
49.065418420,0,0
49.065449500,1,0
49.065449720,1,1
49.065460130,1,0
49.165416406,0,0
49.165449402,1,0
49.165449618,1,1
49.165460026,1,0
49.265417378,0,0
49.265449926,1,0
49.265450352,1,1
49.265460760,1,0
49.365418034,0,0
49.365449222,1,0
49.365449448,1,1
49.365459870,1,0
49.465415798,0,0
49.465449178,1,0
49.465449408,1,1
49.465459832,1,0
49.565417922,0,0
49.565449640,1,0
49.565450086,1,1
49.565460494,1,0
49.665418166,0,0
49.665448914,1,0
49.665449338,1,1
49.665459772,1,0
49.765417452,0,0
49.765448828,1,0
49.765449038,1,1
49.765459478,1,0
49.865415264,0,0
49.865448656,1,0
49.865448826,1,1
49.865459268,1,0
49.965417060,0,0
49.965449118,1,0
49.965449328,1,1
49.965459738,1,0
50.065415446,0,0
50.065448712,1,0
50.065449156,1,1
50.065459610,1,0
50.165417248,0,0
50.165448396,1,0
50.165448600,1,1
50.165459058,1,0
50.265414982,0,0
50.265448310,1,0
50.265448476,1,1
50.265458934,1,0
50.365414826,0,0
50.365448246,1,0
50.365448472,1,1
50.365458896,1,0
50.465414802,0,0
50.465448400,1,0
50.465448628,1,1
50.465459038,1,0
50.565414616,0,0
50.565448022,1,0
50.565448232,1,1
50.565458654,1,0
50.665414638,0,0
50.665447936,1,0
50.665448102,1,1
50.665458530,1,0
50.765415664,0,0
50.765447782,1,0
50.765447948,1,1
50.765458406,1,0
50.865414518,0,0
50.865447696,1,0
50.865447866,1,1
50.865458280,1,0
50.965414292,0,0
50.965447598,1,0
50.965447762,1,1
50.965458172,1,0
51.065414254,0,0
51.065447500,1,0
51.065447670,1,1
51.065458130,1,0
51.165415648,0,0
51.165447416,1,0
51.165447588,1,1
51.165458006,1,0
51.265414062,0,0
51.265447382,1,0
51.265447606,1,1
51.265458050,1,0
51.365415984,0,0
51.365447234,1,0
51.365447664,1,1
51.365458094,1,0
51.465413920,0,0
51.465447166,1,0
51.465447332,1,1
51.465457740,1,0
51.565413932,0,0
51.565447292,1,0
51.565447738,1,1
51.565458146,1,0
51.665413836,0,0
51.665446946,1,0
51.665447168,1,1
51.665457596,1,0
51.765413592,0,0
51.765446860,1,0
51.765447026,1,1
51.765457470,1,0
51.865413446,0,0
51.865446712,1,0
51.865446876,1,1
51.865457286,1,0
51.965413328,0,0
51.965446644,1,0
51.965446810,1,1
51.965457244,1,0
52.065414842,0,0
52.065446580,1,0
52.065446806,1,1
52.065457214,1,0
52.165412894,0,0
52.165446404,1,0
52.165446580,1,1
52.165457004,1,0
52.265413100,0,0
52.265446356,1,0
52.265446522,1,1
52.265456960,1,0
52.365412972,0,0
52.365446258,1,0
52.365446478,1,1
52.365456918,1,0
52.465412764,0,0
52.465446154,1,0
52.465446364,1,1
52.465456792,1,0
52.565412718,0,0
52.565446160,1,0
52.565446390,1,1
52.565456838,1,0
52.665414692,0,0
52.665445932,1,0
52.665446146,1,1
52.665456556,1,0
52.765412508,0,0
52.765445872,1,0
52.765446098,1,1
52.765496632,1,0
52.865412808,0,0
52.865446598,1,0
52.865446822,1,1
52.865457236,1,0
52.965413494,0,0
52.965445582,1,0
52.965445752,1,1
52.965456176,1,0
53.065411986,0,0
53.065445546,1,0
53.065445710,1,1
53.065456134,1,0
53.165416470,0,0
53.165445706,1,0
53.165446132,1,1
53.165456540,1,0
53.265412122,0,0
53.265445390,1,0
53.265445550,1,1
53.265455988,1,0
53.365413054,0,0
53.365445924,1,0
53.365446150,1,1
53.365456558,1,0
53.465411838,0,0
53.465445148,1,0
53.465445328,1,1
53.465455752,1,0
53.565411672,0,0
53.565445718,1,0
53.565446124,1,1
53.565456558,1,0
53.665412144,0,0
53.665444982,1,0
53.665445202,1,1
53.665455610,1,0
53.765411536,0,0
53.765444874,1,0
53.765445054,1,1
53.765455484,1,0
53.865412350,0,0
53.865444800,1,0
53.865445014,1,1
53.865455444,1,0
53.965411454,0,0
53.965444732,1,0
53.965444932,1,1
53.965455342,1,0
54.065412286,0,0
54.065444834,1,0
54.065445054,1,1
54.065455468,1,0
54.165411768,0,0
54.165444466,1,0
54.165444626,1,1
54.165455084,1,0
54.265411000,0,0
54.265444350,1,0
54.265444510,1,1
54.265454958,1,0
54.365410894,0,0
54.365444534,1,0
54.365444760,1,1
54.365455174,1,0
54.465410940,0,0
54.465444176,1,0
54.465444350,1,1
54.465454790,1,0
54.565410812,0,0
54.565444158,1,0
54.565444382,1,1
54.565454832,1,0
54.665410662,0,0
54.665444052,1,0
54.665444468,1,1
54.665454876,1,0
54.765410486,0,0
54.765443866,1,0
54.765444088,1,1
54.765454496,1,0
54.865410642,0,0
54.865443770,1,0
54.865443940,1,1
54.865454368,1,0
54.965411272,0,0
54.965444090,1,0
54.965444720,1,1
54.965455174,1,0
55.065410454,0,0
55.065443984,1,0
55.065444420,1,1
55.065454878,1,0
55.165410158,0,0
55.165443548,1,0
55.165443712,1,1
55.165454156,1,0
55.265410072,0,0
55.265443382,1,0
55.265443586,1,1
55.265454030,1,0
55.365409946,0,0
55.365443314,1,0
55.365443532,1,1
55.365453986,1,0
55.465409888,0,0
55.465443474,1,0
55.465443704,1,1
55.465454114,1,0
55.565409748,0,0
55.565443560,1,0
55.565443990,1,1
55.565454414,1,0
55.665410804,0,0
55.665443044,1,0
55.665443268,1,1
55.665453692,1,0
55.765409538,0,0
55.765442896,1,0
55.765443120,1,1
55.765453564,1,0
55.865409600,0,0
55.865442846,1,0
55.865443020,1,1
55.865453434,1,0
55.965411622,0,0
55.965442708,1,0
55.965443160,1,1
55.965453568,1,0
56.065410646,0,0
56.065443094,1,0
56.065443320,1,1
56.065453728,1,0
56.165410838,0,0
56.165442536,1,0
56.165442710,1,1
56.165453120,1,0
56.265409090,0,0
56.265442436,1,0
56.265442652,1,1
56.265453076,1,0
56.365410050,0,0
56.365442318,1,0
56.365442534,1,1
56.365452946,1,0
56.465408922,0,0
56.465442672,1,0
56.465442898,1,1
56.465453332,1,0
56.565408806,0,0
56.565442076,1,0
56.565442246,1,1
56.565452694,1,0
56.665408970,0,0
56.665442296,1,0
56.665442506,1,1
56.665452916,1,0
56.765408582,0,0
56.765441988,1,0
56.765442418,1,1
56.765452872,1,0
56.865409332,0,0
56.865441750,1,0
56.865441916,1,1
56.865452324,1,0
56.965409176,0,0
56.965441656,1,0
56.965441826,1,1
56.965452284,1,0
57.065408238,0,0
57.065441558,1,0
57.065441722,1,1
57.065452156,1,0
57.165408192,0,0
57.165441488,1,0
57.165441698,1,1
57.165452112,1,0
57.265408780,0,0
57.265441420,1,0
57.265441590,1,1
57.265451998,1,0
57.365408012,0,0
57.365441344,1,0
57.365441548,1,1
57.365451956,1,0
57.465408298,0,0
57.465441866,1,0
57.465442490,1,1
57.465452934,1,0
57.565408760,0,0
57.565441566,1,0
57.565441792,1,1
57.565452210,1,0
57.665409550,0,0
57.665441078,1,0
57.665441288,1,1
57.665451742,1,0
57.765407612,0,0
57.765440992,1,0
57.765441218,1,1
57.765451626,1,0
57.865408468,0,0
57.865440796,1,0
57.865440962,1,1
57.865451416,1,0
57.965407610,0,0
57.965440718,1,0
57.965440948,1,1
57.965451372,1,0
58.065408142,0,0
58.065441308,1,0
58.065441764,1,1
58.065452178,1,0
58.165407402,0,0
58.165440660,1,0
58.165441282,1,1
58.165451710,1,0
58.265407044,0,0
58.265440636,1,0
58.265441030,1,1
58.265451440,1,0
58.365407240,0,0
58.365440338,1,0
58.365440564,1,1
58.365450972,1,0
58.465406732,0,0
58.465440868,1,0
58.465441508,1,1
58.465461976,1,0
58.565408370,0,0
58.565440720,1,0
58.565441350,1,1
58.565451758,1,0
58.665406842,0,0
58.665440042,1,0
58.665440268,1,1
58.665450696,1,0
58.765409836,0,0
58.765439966,1,0
58.765440192,1,1
58.765450600,1,0
58.865406560,0,0
58.865439898,1,0
58.865440102,1,1
58.865450556,1,0
58.965406412,0,0
58.965439738,1,0
58.965439968,1,1
58.965450426,1,0
59.065406182,0,0
59.065439590,1,0
59.065439816,1,1
59.065450224,1,0
59.165406214,0,0
59.165439524,1,0
59.165439740,1,1
59.165450184,1,0
59.265406108,0,0
59.265439416,1,0
59.265439576,1,1
59.265449986,1,0
59.365406220,0,0
59.365439346,1,0
59.365439770,1,1
59.365450196,1,0
59.465405780,0,0
59.465439148,1,0
59.465439318,1,1
59.465449726,1,0
59.565405790,0,0
59.565439150,1,0
59.565439372,1,1
59.565449780,1,0
59.665405754,0,0
59.665439114,1,0
59.665439340,1,1
59.665449748,1,0
59.765405588,0,0
59.765439166,1,0
59.765439390,1,1
59.765449798,1,0
59.865407096,0,0
59.865438834,1,0
59.865439050,1,1
59.865449498,1,0
59.965405358,0,0
59.965438718,1,0
59.965438878,1,1
59.965449286,1,0
60.065405310,0,0
60.065438632,1,0
60.065439038,1,1
60.065449446,1,0
60.165405274,0,0
60.165438532,1,0
60.165438748,1,1
60.165449156,1,0
60.265404996,0,0
60.265438352,1,0
60.265438518,1,1
60.265448942,1,0
60.365405046,0,0
60.365438324,1,0
60.365438554,1,1
60.365448982,1,0
60.465405818,0,0
60.465438828,1,0
60.465439458,1,1
60.465449878,1,0
60.565408958,0,0
60.565438310,1,0
60.565438534,1,1
60.565448984,1,0
60.665404282,0,0
60.665438000,1,0
60.665438176,1,1
60.665448598,1,0
60.765404534,0,0
60.765438360,1,0
60.765438590,1,1
60.765449000,1,0
60.865404484,0,0
60.865437812,1,0
60.865438034,1,1
60.865448446,1,0
60.965404216,0,0
60.965437916,1,0
60.965438146,1,1
60.965448576,1,0
61.065404130,0,0
61.065437608,1,0
61.065437772,1,1
61.065448192,1,0
61.165404192,0,0
61.165437508,1,0
61.165437672,1,1
61.165448082,1,0
61.265404030,0,0
61.265437408,1,0
61.265437578,1,1
61.265448038,1,0
61.365404022,0,0
61.365437402,1,0
61.365437838,1,1
61.365448252,1,0
61.465403926,0,0
61.465437224,1,0
61.465437404,1,1
61.465447814,1,0
61.565403688,0,0
61.565437094,1,0
61.565437314,1,1
61.565447768,1,0
61.665405436,0,0
61.665437534,1,0
61.665437760,1,1
61.665448168,1,0
61.765403518,0,0
61.765436938,1,0
61.765437168,1,1
61.765447616,1,0
61.865403680,0,0
61.865436820,1,0
61.865437046,1,1
61.865447490,1,0
61.965403384,0,0
61.965436702,1,0
61.965436886,1,1
61.965447294,1,0
62.065403674,0,0
62.065436800,1,0
62.065437226,1,1
62.065447674,1,0
62.165404574,0,0
62.165436902,1,0
62.165437128,1,1
62.165447546,1,0
62.265402914,0,0
62.265436416,1,0
62.265436622,1,1
62.265447080,1,0
62.365402928,0,0
62.365436308,1,0
62.365436528,1,1
62.365446950,1,0
62.465402850,0,0
62.465436176,1,0
62.465436336,1,1
62.465446746,1,0
62.565403260,0,0
62.565436146,1,0
62.565436372,1,1
62.565446786,1,0
62.665402670,0,0
62.665436080,1,0
62.665436286,1,1
62.665446744,1,0
62.765402582,0,0
62.765435952,1,0
62.765436372,1,1
62.765496930,1,0
62.865406624,0,0
62.865436512,1,0
62.865437150,1,1
62.865447590,1,0
62.965404764,0,0
62.965435642,1,0
62.965435798,1,1
62.965446206,1,0
63.065404248,0,0
63.065435844,1,0
63.065436076,1,1
63.065446504,1,0
63.165402598,0,0
63.165435968,1,0
63.165436188,1,1
63.165446632,1,0
63.265403540,0,0
63.265435380,1,0
63.265435544,1,1
63.265445992,1,0
63.365402072,0,0
63.365436186,1,0
63.365436412,1,1
63.365446822,1,0
63.465402002,0,0
63.465435150,1,0
63.465435314,1,1
63.465445758,1,0
63.565401742,0,0
63.565435092,1,0
63.565435252,1,1
63.565445660,1,0
63.665403784,0,0
63.665435384,1,0
63.665435804,1,1
63.665446212,1,0
63.765400986,0,0
63.765434934,1,0
63.765435164,1,1
63.765445572,1,0
63.865403294,0,0
63.865434804,1,0
63.865435018,1,1
63.865445442,1,0
63.965401486,0,0
63.965434696,1,0
63.965434920,1,1
63.965445328,1,0
64.065401118,0,0
64.065434558,1,0
64.065434784,1,1
64.065445202,1,0
64.165402510,0,0
64.165434508,1,0
64.165434724,1,1
64.165445156,1,0
64.265401022,0,0
64.265434398,1,0
64.265434612,1,1
64.265445026,1,0
64.365399572,0,0
64.365434338,1,0
64.365434764,1,1
64.365445172,1,0
64.465401510,0,0
64.465434150,1,0
64.465434320,1,1
64.465444730,1,0
64.565401044,0,0
64.565434952,1,0
64.565435176,1,1
64.565445620,1,0
64.665401784,0,0
64.665434180,1,0
64.665434596,1,1
64.665445004,1,0
64.765401032,0,0
64.765433830,1,0
64.765433980,1,1
64.765444390,1,0
64.865400544,0,0
64.865434054,1,0
64.865434264,1,1
64.865444686,1,0
64.965400264,0,0
64.965433666,1,0
64.965433886,1,1
64.965444304,1,0
65.065400118,0,0
65.065433826,1,0
65.065434250,1,1
65.065444684,1,0
65.165399968,0,0
65.165433444,1,0
65.165433608,1,1
65.165444044,1,0
65.265399976,0,0
65.265433314,1,0
65.265433474,1,1
65.265443914,1,0
65.365398618,0,0
65.365434028,1,0
65.365434872,1,1
65.365445316,1,0
65.465399930,0,0
65.465433418,1,0
65.465433644,1,1
65.465444082,1,0
65.565399700,0,0
65.565433036,1,0
65.565433242,1,1
65.565443696,1,0
65.665399380,0,0
65.665433036,1,0
65.665433482,1,1
65.665443906,1,0
65.765400580,0,0
65.765432878,1,0
65.765433094,1,1
65.765443522,1,0
65.865399210,0,0
65.865432980,1,0
65.865433206,1,1
65.865443650,1,0
65.965399384,0,0
65.965432940,1,0
65.965433164,1,1
65.965443604,1,0
66.065400152,0,0
66.065432788,1,0
66.065433004,1,1
66.065443412,1,0
66.165399222,0,0
66.165432732,1,0
66.165433338,1,1
66.165443796,1,0
66.265398962,0,0
66.265432312,1,0
66.265432468,1,1
66.265442902,1,0
66.365399226,0,0
66.365432294,1,0
66.365432508,1,1
66.365442942,1,0
66.465398966,0,0
66.465432142,1,0
66.465432358,1,1
66.465442812,1,0
66.565398716,0,0
66.565432052,1,0
66.565432204,1,1
66.565442612,1,0
66.665398554,0,0
66.665431946,1,0
66.665432176,1,1
66.665442584,1,0
66.765398458,0,0
66.765431798,1,0
66.765432008,1,1
66.765442456,1,0
66.865398370,0,0
66.865432026,1,0
66.865432246,1,1
66.865442664,1,0
66.965398518,0,0
66.965431726,1,0
66.965432152,1,1
66.965442560,1,0
67.065398348,0,0
67.065431538,1,0
67.065431752,1,1
67.065442176,1,0
67.165398750,0,0
67.165431430,1,0
67.165431586,1,1
67.165441994,1,0
67.265401650,0,0
67.265431400,1,0
67.265432014,1,1
67.265442458,1,0
67.365399082,0,0
67.365431250,1,0
67.365431474,1,1
67.365441902,1,0
67.465397852,0,0
67.465431190,1,0
67.465431416,1,1
67.465441858,1,0
67.565398272,0,0
67.565431002,1,0
67.565431158,1,1
67.565441566,1,0
67.665395902,0,0
67.665431384,1,0
67.665431838,1,1
67.665442286,1,0
67.765398346,0,0
67.765430822,1,0
67.765431052,1,1
67.765441476,1,0
67.865397656,0,0
67.865430682,1,0
67.865430852,1,1
67.865441260,1,0
67.965397374,0,0
67.965430714,1,0
67.965430934,1,1
67.965441388,1,0
68.065397256,0,0
68.065430636,1,0
68.065430856,1,1
68.065441266,1,0
68.165398248,0,0
68.165430436,1,0
68.165430660,1,1
68.165441070,1,0
68.265397458,0,0
68.265430374,1,0
68.265430580,1,1
68.265441024,1,0
68.365398688,0,0
68.365430426,1,0
68.365430656,1,1
68.365441064,1,0
68.465400668,0,0
68.465430758,1,0
68.465431218,1,1
68.465441628,1,0
68.565399068,0,0
68.565430288,1,0
68.565430732,1,1
68.565441156,1,0
68.665395300,0,0
68.665429928,1,0
68.665430362,1,1
68.665440772,1,0
68.765398608,0,0
68.765430046,1,0
68.765430272,1,1
68.765440726,1,0
68.865396328,0,0
68.865429758,1,0
68.865429980,1,1
68.865440428,1,0
68.965396290,0,0
68.965429660,1,0
68.965430070,1,1
68.965440480,1,0
69.065396284,0,0
69.065429600,1,0
69.065429814,1,1
69.065440264,1,0
69.165400114,0,0
69.165429498,1,0
69.165429908,1,1
69.165440318,1,0
69.265398554,0,0
69.265429320,1,0
69.265429490,1,1
69.265439934,1,0
69.365396632,0,0
69.365429312,1,0
69.365429538,1,1
69.365439976,1,0
69.465395744,0,0
69.465429152,1,0
69.465429376,1,1
69.465439786,1,0
69.565395574,0,0
69.565428960,1,0
69.565429120,1,1
69.565439570,1,0
69.665395652,0,0
69.665429380,1,0
69.665429796,1,1
69.665440204,1,0
69.765395482,0,0
69.765428792,1,0
69.765428962,1,1
69.765439396,1,0
69.865395504,0,0
69.865428654,1,0
69.865428818,1,1
69.865439266,1,0
69.965395984,0,0
69.965429080,1,0
69.965429740,1,1
69.965440154,1,0
70.065395444,0,0
70.065428950,1,0
70.065429396,1,1
70.065439854,1,0
70.165395212,0,0
70.165428342,1,0
70.165428502,1,1
70.165438960,1,0
70.265394992,0,0
70.265428394,1,0
70.265428618,1,1
70.265439028,1,0
70.365395004,0,0
70.365428124,1,0
70.365428558,1,1
70.365438982,1,0
70.465394724,0,0
70.465428090,1,0
70.465428316,1,1
70.465438764,1,0
70.565394932,0,0
70.565428002,1,0
70.565428442,1,1
70.565438890,1,0
70.665394642,0,0
70.665427924,1,0
70.665428084,1,1
70.665438506,1,0
70.765394594,0,0
70.765427774,1,0
70.765428004,1,1
70.765438462,1,0
70.865394366,0,0
70.865427702,1,0
70.865427852,1,1
70.865438262,1,0
70.965394822,0,0
70.965428072,1,0
70.965428502,1,1
70.965438910,1,0
71.065393654,0,0
71.065427774,1,0
71.065428194,1,1
71.065438612,1,0
71.165394154,0,0
71.165427404,1,0
71.165427574,1,1
71.165437984,1,0
71.265393966,0,0
71.265427294,1,0
71.265427448,1,1
71.265437858,1,0
71.365394266,0,0
71.365427472,1,0
71.365427692,1,1
71.365438150,1,0
71.465394894,0,0
71.465427132,1,0
71.465427362,1,1
71.465437772,1,0
71.565393674,0,0
71.565427044,1,0
71.565427486,1,1
71.565437898,1,0
71.665393436,0,0
71.665426886,1,0
71.665427050,1,1
71.665437460,1,0
71.765393488,0,0
71.765426824,1,0
71.765427042,1,1
71.765437498,1,0
71.865396246,0,0
71.865427754,1,0
71.865428546,1,1
71.865449012,1,0
71.965390908,0,0
71.965426834,1,0
71.965427066,1,1
71.965437494,1,0
72.065393506,0,0
72.065426556,1,0
72.065426786,1,1
72.065437194,1,0
72.165393058,0,0
72.165426414,1,0
72.165426838,1,1
72.165437248,1,0
72.265393056,0,0
72.265426462,1,0
72.265426692,1,1
72.265437116,1,0
72.365393254,0,0
72.365426202,1,0
72.365426628,1,1
72.365437072,1,0
72.465394356,0,0
72.465427284,1,0
72.465427928,1,1
72.465438386,1,0
72.565393006,0,0
72.565426184,1,0
72.565426388,1,1
72.565436812,1,0
72.665392486,0,0
72.665425832,1,0
72.665425982,1,1
72.665436426,1,0
72.765392464,0,0
72.765425732,1,0
72.765425948,1,1
72.765486530,1,0
72.865392884,0,0
72.865426594,1,0
72.865427020,1,1
72.865437444,1,0
72.965394704,0,0
72.965425534,1,0
72.965425764,1,1
72.965436208,1,0
73.065392546,0,0
73.065425902,1,0
73.065426332,1,1
73.065436756,1,0
73.165391816,0,0
73.165425542,1,0
73.165426362,1,1
73.165436796,1,0
73.265391892,0,0
73.265425232,1,0
73.265425388,1,1
73.265435816,1,0
73.365391732,0,0
73.365425144,1,0
73.365425350,1,1
73.365435772,1,0
73.465395572,0,0
73.465425302,1,0
73.465425732,1,1
73.465446182,1,0
73.565392104,0,0
73.565425880,1,0
73.565426306,1,1
73.565436714,1,0
73.665396364,0,0
73.665425542,1,0
73.665425972,1,1
73.665436416,1,0
73.765393794,0,0
73.765425022,1,0
73.765425248,1,1
73.765435692,1,0
73.865392384,0,0
73.865424684,1,0
73.865425122,1,1
73.865435562,1,0
73.965392872,0,0
73.965424990,1,0
73.965425216,1,1
73.965435624,1,0
74.065391362,0,0
74.065424900,1,0
74.065425126,1,1
74.065435578,1,0
74.165392744,0,0
74.165424540,1,0
74.165425328,1,1
74.165435736,1,0
74.265393612,0,0
74.265424482,1,0
74.265424708,1,1
74.265435116,1,0
74.365391864,0,0
74.365424052,1,0
74.365424486,1,1
74.365434900,1,0
74.465392170,0,0
74.465423970,1,0
74.465424120,1,1
74.465434528,1,0
74.565390632,0,0
74.565423940,1,0
74.565424094,1,1
74.565434504,1,0
74.665390520,0,0
74.665423812,1,0
74.665423962,1,1
74.665434374,1,0
74.765393000,0,0
74.765423722,1,0
74.765423876,1,1
74.765434330,1,0
74.865390204,0,0
74.865423570,1,0
74.865423724,1,1
74.865434134,1,0
74.965390252,0,0
74.965423518,1,0
74.965423678,1,1
74.965434086,1,0
75.065389780,0,0
75.065423460,1,0
75.065423674,1,1
75.065434128,1,0
75.165390212,0,0
75.165424040,1,0
75.165424664,1,1
75.165435104,1,0
75.265389982,0,0
75.265423160,1,0
75.265423308,1,1
75.265433718,1,0
75.365389770,0,0
75.365423326,1,0
75.365423542,1,1
75.365433950,1,0
75.465390958,0,0
75.465423198,1,0
75.465423828,1,1
75.465434246,1,0
75.565391520,0,0
75.565423350,1,0
75.565423780,1,1
75.565434204,1,0
75.665389620,0,0
75.665423258,1,0
75.665423488,1,1
75.665433902,1,0
75.765389520,0,0
75.765422926,1,0
75.765423350,1,1
75.765433770,1,0
75.865389348,0,0
75.865422516,1,0
75.865422670,1,1
75.865433128,1,0
75.965389938,0,0
75.965422658,1,0
75.965422878,1,1
75.965433286,1,0
76.065389018,0,0
76.065422438,1,0
76.065422662,1,1
76.065433072,1,0
76.165391336,0,0
76.165422336,1,0
76.165422566,1,1
76.165433024,1,0
76.265390396,0,0
76.265422164,1,0
76.265422584,1,1
76.265432992,1,0
76.365388764,0,0
76.365422104,1,0
76.365422330,1,1
76.365432778,1,0
76.465386696,0,0
76.465422036,1,0
76.465422256,1,1
76.465432664,1,0
76.565388776,0,0
76.565421824,1,0
76.565421990,1,1
76.565432448,1,0
76.665388456,0,0
76.665421752,1,0
76.665421916,1,1
76.665432326,1,0
76.765390834,0,0
76.765421642,1,0
76.765421856,1,1
76.765432280,1,0
76.865391654,0,0
76.865421482,1,0
76.865421638,1,1
76.865432066,1,0
76.965388414,0,0
76.965421434,1,0
76.965421588,1,1
76.965432022,1,0
77.065391912,0,0
77.065421760,1,0
77.065422364,1,1
77.065432822,1,0
77.165389800,0,0
77.165421468,1,0
77.165421694,1,1
77.165432102,1,0
77.265387360,0,0
77.265421140,1,0
77.265421356,1,1
77.265431804,1,0
77.365387880,0,0
77.365421040,1,0
77.365421266,1,1
77.365431674,1,0
77.465389958,0,0
77.465420998,1,0
77.465421228,1,1
77.465431638,1,0
77.565387220,0,0
77.565420886,1,0
77.565421116,1,1
77.565431524,1,0
77.665387466,0,0
77.665420786,1,0
77.665421012,1,1
77.665431420,1,0
77.765387526,0,0
77.765420648,1,0
77.765420878,1,1
77.765431290,1,0
77.865387198,0,0
77.865420516,1,0
77.865420696,1,1
77.865431106,1,0
77.965387188,0,0
77.965420484,1,0
77.965420694,1,1
77.965431142,1,0
78.065387466,0,0
78.065420552,1,0
78.065420764,1,1
78.065431182,1,0
78.165387144,0,0
78.165420294,1,0
78.165420514,1,1
78.165430968,1,0
78.265386764,0,0
78.265420184,1,0
78.265420410,1,1
78.265430838,1,0
78.365388324,0,0
78.365420002,1,0
78.365420426,1,1
78.365430876,1,0
78.465386694,0,0
78.465420840,1,0
78.465421728,1,1
78.465432136,1,0
78.565387132,0,0
78.565419870,1,0
78.565420096,1,1
78.565430504,1,0
78.665386372,0,0
78.665419722,1,0
78.665420138,1,1
78.665430546,1,0
78.765387802,0,0
78.765419592,1,0
78.765419792,1,1
78.765430244,1,0
78.865386162,0,0
78.865419508,1,0
78.865419732,1,1
78.865430142,1,0
78.965386558,0,0
78.965419558,1,0
78.965419772,1,1
78.965430182,1,0
79.065385778,0,0
79.065419208,1,0
79.065419408,1,1
79.065429816,1,0
79.165385878,0,0
79.165419258,1,0
79.165419484,1,1
79.165429942,1,0
79.265386708,0,0
79.265419116,1,0
79.265419330,1,1
79.265429740,1,0
79.365385776,0,0
79.365418934,1,0
79.365419154,1,1
79.365429608,1,0
79.465385744,0,0
79.465418864,1,0
79.465419028,1,1
79.465429478,1,0
79.565386676,0,0
79.565419236,1,0
79.565419660,1,1
79.565430114,1,0
79.665385706,0,0
79.665418752,1,0
79.665418982,1,1
79.665429392,1,0
79.765385364,0,0
79.765419090,1,0
79.765419320,1,1
79.765429768,1,0
79.865387152,0,0
79.865418478,1,0
79.865418644,1,1
79.865429052,1,0
79.965385520,0,0
79.965418320,1,0
79.965418484,1,1
79.965428924,1,0
80.065386140,0,0
80.065418688,1,0
80.065418918,1,1
80.065429328,1,0
80.165381438,0,0
80.165418216,1,0
80.165418442,1,1
80.165428856,1,0
80.265384088,0,0
80.265418304,1,0
80.265418534,1,1
80.265428978,1,0
80.365388008,0,0
80.365418014,1,0
80.365418440,1,1
80.365428848,1,0
80.465384494,0,0
80.465417906,1,0
80.465418106,1,1
80.465428550,1,0
80.565385704,0,0
80.565417752,1,0
80.565417912,1,1
80.565428332,1,0
80.665387132,0,0
80.665417600,1,0
80.665417764,1,1
80.665428198,1,0
80.765386622,0,0
80.765417980,1,0
80.765418410,1,1
80.765428834,1,0
80.865384178,0,0
80.865417470,1,0
80.865417646,1,1
80.865428054,1,0
80.965384050,0,0
80.965417338,1,0
80.965417514,1,1
80.965427922,1,0
81.065384030,0,0
81.065417176,1,0
81.065417356,1,1
81.065427790,1,0
81.165385004,0,0
81.165417054,1,0
81.165417218,1,1
81.165427658,1,0
81.265383664,0,0
81.265417034,1,0
81.265417264,1,1
81.265427698,1,0
81.365383714,0,0
81.365416934,1,0
81.365417160,1,1
81.365427568,1,0
81.465383514,0,0
81.465416802,1,0
81.465416966,1,1
81.465427376,1,0
81.565384480,0,0
81.565416708,1,0
81.565416934,1,1
81.565427342,1,0
81.665383320,0,0
81.665416598,1,0
81.665416804,1,1
81.665427212,1,0
81.765383780,0,0
81.765416520,1,0
81.765416750,1,1
81.765427168,1,0
81.865383190,0,0
81.865416418,1,0
81.865416584,1,1
81.865427038,1,0
81.965383010,0,0
81.965416316,1,0
81.965416474,1,1
81.965426904,1,0
82.065384566,0,0
82.065416494,1,0
82.065416720,1,1
82.065427128,1,0
82.165382814,0,0
82.165416166,1,0
82.165416330,1,1
82.165426744,1,0
82.265382694,0,0
82.265416104,1,0
82.265416334,1,1
82.265426784,1,0
82.365383026,0,0
82.365415952,1,0
82.365416176,1,1
82.365426586,1,0
82.465382202,0,0
82.465415790,1,0
82.465416004,1,1
82.465426452,1,0
82.565382540,0,0
82.565415668,1,0
82.565416084,1,1
82.565426492,1,0
82.665385628,0,0
82.665415560,1,0
82.665415730,1,1
82.665426138,1,0
82.765382110,0,0
82.765415438,1,0
82.765415842,1,1
82.765476406,1,0
82.865385026,0,0
82.865416314,1,0
82.865416910,1,1
82.865437346,1,0
82.965382084,0,0
82.965415222,1,0
82.965415394,1,1
82.965425826,1,0
83.065382604,0,0
83.065415204,1,0
83.065415370,1,1
83.065425782,1,0
83.165385262,0,0
83.165415512,1,0
83.165415942,1,1
83.165426350,1,0
83.265382802,0,0
83.265415000,1,0
83.265415224,1,1
83.265425634,1,0
83.365381502,0,0
83.365414918,1,0
83.365415142,1,1
83.365425586,1,0
83.465381398,0,0
83.465414738,1,0
83.465414918,1,1
83.465425372,1,0
83.565381378,0,0
83.565414658,1,0
83.565414828,1,1
83.565425242,1,0
83.665381298,0,0
83.665414526,1,0
83.665414690,1,1
83.665425110,1,0
83.765381776,0,0
83.765414522,1,0
83.765414748,1,1
83.765425156,1,0
83.865381144,0,0
83.865414342,1,0
83.865414568,1,1
83.865425026,1,0
83.965380782,0,0
83.965414194,1,0
83.965414368,1,1
83.965424812,1,0
84.065381204,0,0
84.065414392,1,0
84.065414796,1,1
84.065425206,1,0
84.165380762,0,0
84.165414070,1,0
84.165414234,1,1
84.165424648,1,0
84.265382280,0,0
84.265413988,1,0
84.265414218,1,1
84.265424626,1,0
84.365382930,0,0
84.365413848,1,0
84.365414074,1,1
84.365424496,1,0
84.465381330,0,0
84.465413698,1,0
84.465413858,1,1
84.465424282,1,0
84.565380388,0,0
84.565413546,1,0
84.565413710,1,1
84.565424150,1,0
84.665380196,0,0
84.665413502,1,0
84.665413668,1,1
84.665424102,1,0
84.765380124,0,0
84.765413442,1,0
84.765413612,1,1
84.765424056,1,0
84.865379962,0,0
84.865413314,1,0
84.865413478,1,1
84.865423928,1,0
84.965380364,0,0
84.965413880,1,0
84.965414110,1,1
84.965424558,1,0
85.065380172,0,0
85.065413118,1,0
85.065413348,1,1
85.065423756,1,0
85.165379650,0,0
85.165412966,1,0
85.165413132,1,1
85.165423540,1,0
85.265379656,0,0
85.265412908,1,0
85.265413128,1,1
85.265423582,1,0
85.365379498,0,0
85.365412868,1,0
85.365413512,1,1
85.365423960,1,0
85.465379566,0,0
85.465412704,1,0
85.465413318,1,1
85.465423742,1,0
85.565379304,0,0
85.565412610,1,0
85.565412786,1,1
85.565423194,1,0
85.665379142,0,0
85.665412500,1,0
85.665412670,1,1
85.665423078,1,0
85.765379532,0,0
85.765412322,1,0
85.765412486,1,1
85.765422894,1,0
85.865378922,0,0
85.865413136,1,0
85.865413562,1,1
85.865423970,1,0
85.965379198,0,0
85.965412364,1,0
85.965412790,1,1
85.965423244,1,0
86.065375256,0,0
86.065412274,1,0
86.065412500,1,1
86.065422942,1,0
86.165378694,0,0
86.165412204,1,0
86.165412436,1,1
86.165422844,1,0
86.265378624,0,0
86.265411884,1,0
86.265412112,1,1
86.265422542,1,0
86.365378634,0,0
86.365412030,1,0
86.365412454,1,1
86.365422862,1,0
86.465378500,0,0
86.465412166,1,0
86.465412398,1,1
86.465422816,1,0
86.565381728,0,0
86.565411566,1,0
86.565411786,1,1
86.565422196,1,0
86.665378236,0,0
86.665411406,1,0
86.665411576,1,1
86.665421986,1,0
86.765378876,0,0
86.765411314,1,0
86.765411484,1,1
86.765421938,1,0
86.865377874,0,0
86.865411220,1,0
86.865411390,1,1
86.865421804,1,0
86.965377880,0,0
86.965411148,1,0
86.965411314,1,1
86.965421756,1,0
87.065378510,0,0
87.065410938,1,0
87.065411108,1,1
87.065421542,1,0
87.165377708,0,0
87.165410916,1,0
87.165411076,1,1
87.165421496,1,0
87.265377496,0,0
87.265410784,1,0
87.265410948,1,1
87.265421362,1,0
87.365377354,0,0
87.365410820,1,0
87.365411030,1,1
87.365421484,1,0
87.465380104,0,0
87.465411312,1,0
87.465411952,1,1
87.465422376,1,0
87.565378742,0,0
87.565410990,1,0
87.565411220,1,1
87.565421648,1,0
87.665377090,0,0
87.665410446,1,0
87.665410870,1,1
87.665421280,1,0
87.765376888,0,0
87.765410282,1,0
87.765410488,1,1
87.765420896,1,0
87.865376922,0,0
87.865410262,1,0
87.865410488,1,1
87.865420936,1,0
87.965376590,0,0
87.965410742,1,0
87.965411172,1,1
87.965421580,1,0
88.065376872,0,0
88.065410060,1,0
88.065410284,1,1
88.065420694,1,0
88.165376570,0,0
88.165409876,1,0
88.165410040,1,1
88.165420474,1,0
88.265376386,0,0
88.265409764,1,0
88.265409924,1,1
88.265420342,1,0
88.365379276,0,0
88.365409984,1,0
88.365410420,1,1
88.365420828,1,0
88.465377004,0,0
88.465410710,1,0
88.465411320,1,1
88.465431760,1,0
88.565379158,0,0
88.565409948,1,0
88.565410816,1,1
88.565421256,1,0
88.665376058,0,0
88.665409386,1,0
88.665409610,1,1
88.665420018,1,0
88.765377046,0,0
88.765409304,1,0
88.765409534,1,1
88.765419972,1,0
88.865375764,0,0
88.865409144,1,0
88.865409358,1,1
88.865419768,1,0
88.965377662,0,0
88.965409080,1,0
88.965409306,1,1
88.965419720,1,0
89.065375580,0,0
89.065408936,1,0
89.065409152,1,1
89.065419586,1,0
89.165377748,0,0
89.165408814,1,0
89.165408984,1,1
89.165419392,1,0
89.265375874,0,0
89.265409464,1,0
89.265409890,1,1
89.265420298,1,0
89.365377682,0,0
89.365408922,1,0
89.365409148,1,1
89.365419570,1,0
89.465375252,0,0
89.465408798,1,0
89.465409028,1,1
89.465419436,1,0
89.565375278,0,0
89.565408434,1,0
89.565408666,1,1
89.565419074,1,0
89.665375054,0,0
89.665408364,1,0
89.665408574,1,1
89.665419028,1,0
89.765375424,0,0
89.765408214,1,0
89.765408428,1,1
89.765418836,1,0
89.865374942,0,0
89.865408120,1,0
89.865408344,1,1
89.865418788,1,0
89.965374750,0,0
89.965408016,1,0
89.965408186,1,1
89.965418594,1,0
90.065375934,0,0
90.065407924,1,0
90.065408154,1,1
90.065418562,1,0
90.165374392,0,0
90.165407762,1,0
90.165407944,1,1
90.165418352,1,0
90.265374382,0,0
90.265407680,1,0
90.265407886,1,1
90.265418304,1,0
90.365374280,0,0
90.365407636,1,0
90.365407862,1,1
90.365418270,1,0
90.465377808,0,0
90.465408154,1,0
90.465408584,1,1
90.465418992,1,0
90.565376396,0,0
90.565407442,1,0
90.565408084,1,1
90.565418522,1,0
90.665375372,0,0
90.665407590,1,0
90.665407816,1,1
90.665418224,1,0
90.765373820,0,0
90.765407198,1,0
90.765407362,1,1
90.765417770,1,0
90.865373746,0,0
90.865407062,1,0
90.865407222,1,1
90.865417636,1,0
90.965376974,0,0
90.965407232,1,0
90.965407462,1,1
90.965417870,1,0
91.065375052,0,0
91.065406920,1,0
91.065407150,1,1
91.065417570,1,0
91.165373390,0,0
91.165406738,1,0
91.165406912,1,1
91.165417352,1,0
91.265373306,0,0
91.265406652,1,0
91.265406828,1,1
91.265417236,1,0
91.365373182,0,0
91.365406590,1,0
91.365406820,1,1
91.365417274,1,0
91.465377120,0,0
91.465406550,1,0
91.465406780,1,1
91.465417228,1,0
91.565373138,0,0
91.565406358,1,0
91.565406778,1,1
91.565417186,1,0
91.665374256,0,0
91.665406234,1,0
91.665406414,1,1
91.665416824,1,0
91.765373352,0,0
91.765406070,1,0
91.765406236,1,1
91.765416688,1,0
91.865373470,0,0
91.865406810,1,0
91.865407026,1,1
91.865417434,1,0
91.965373210,0,0
91.965405920,1,0
91.965406090,1,1
91.965416538,1,0
92.065373238,0,0
92.065406494,1,0
92.065406720,1,1
92.065417168,1,0
92.165373214,0,0
92.165406302,1,0
92.165406532,1,1
92.165416950,1,0
92.265372252,0,0
92.265405880,1,0
92.265406296,1,1
92.265416734,1,0
92.365372138,0,0
92.365405810,1,0
92.365406036,1,1
92.365416444,1,0
92.465373668,0,0
92.465405648,1,0
92.465405872,1,1
92.465416310,1,0
92.565372186,0,0
92.565405334,1,0
92.565405554,1,1
92.565416006,1,0
92.665371944,0,0
92.665405270,1,0
92.665405446,1,1
92.665415874,1,0
92.765373952,0,0
92.765405060,1,0
92.765405224,1,1
92.765465806,1,0
92.865371968,0,0
92.865405668,1,0
92.865406502,1,1
92.865416910,1,0
92.965373344,0,0
92.965404834,1,0
92.965404994,1,1
92.965415418,1,0
93.065372712,0,0
93.065404800,1,0
93.065405020,1,1
93.065415452,1,0
93.165375320,0,0
93.165405158,1,0
93.165405388,1,1
93.165415832,1,0
93.265372428,0,0
93.265404568,1,0
93.265404742,1,1
93.265415190,1,0
93.365371126,0,0
93.365404724,1,0
93.365404938,1,1
93.365415398,1,0
93.465370934,0,0
93.465404370,1,0
93.465404594,1,1
93.465415008,1,0
93.565371048,0,0
93.565404356,1,0
93.565404586,1,1
93.565415044,1,0
93.665372136,0,0
93.665404144,1,0
93.665404360,1,1
93.665414768,1,0
93.765370712,0,0
93.765404042,1,0
93.765404268,1,1
93.765414722,1,0
93.865370512,0,0
93.865403948,1,0
93.865404164,1,1
93.865414586,1,0
93.965371106,0,0
93.965403794,1,0
93.965403960,1,1
93.965414368,1,0
94.065370472,0,0
94.065404032,1,0
94.065404252,1,1
94.065414660,1,0
94.165370220,0,0
94.165403610,1,0
94.165403790,1,1
94.165414200,1,0
94.265370180,0,0
94.265403488,1,0
94.265403662,1,1
94.265414072,1,0
94.365371824,0,0
94.365403482,1,0
94.365403708,1,1
94.365414116,1,0
94.465370462,0,0
94.465403800,1,0
94.465404432,1,1
94.465414840,1,0
94.565372402,0,0
94.565403580,1,0
94.565404014,1,1
94.565414454,1,0
94.665370008,0,0
94.665403146,1,0
94.665403356,1,1
94.665413810,1,0
94.765370496,0,0
94.765403002,1,0
94.765403172,1,1
94.765413592,1,0
94.865369782,0,0
94.865402908,1,0
94.865403138,1,1
94.865413546,1,0
94.965370408,0,0
94.965402816,1,0
94.965403048,1,1
94.965413500,1,0
95.065369406,0,0
95.065402746,1,0
95.065402922,1,1
95.065413370,1,0
95.165369234,0,0
95.165402582,1,0
95.165402758,1,1
95.165413166,1,0
95.265369202,0,0
95.265402478,1,0
95.265402642,1,1
95.265413052,1,0
95.365368996,0,0
95.365402356,1,0
95.365402576,1,1
95.365413004,1,0
95.465368854,0,0
95.465402244,1,0
95.465402424,1,1
95.465412872,1,0
95.565368832,0,0
95.565402242,1,0
95.565402466,1,1
95.565412910,1,0
95.665368762,0,0
95.665402118,1,0
95.665402338,1,1
95.665412776,1,0
95.765368506,0,0
95.765401884,1,0
95.765402048,1,1
95.765412472,1,0
95.865368702,0,0
95.865401822,1,0
95.865402248,1,1
95.865412682,1,0
95.965368352,0,0
95.965401942,1,0
95.965402162,1,1
95.965412570,1,0
96.065368350,0,0
96.065401908,1,0
96.065402132,1,1
96.065412540,1,0
96.165370034,0,0
96.165402242,1,0
96.165402668,1,1
96.165413086,1,0
96.265371284,0,0
96.265401400,1,0
96.265401630,1,1
96.265412040,1,0
96.365367940,0,0
96.365401330,1,0
96.365401756,1,1
96.365412164,1,0
96.465369390,0,0
96.465401168,1,0
96.465401384,1,1
96.465411792,1,0
96.565367748,0,0
96.565401152,1,0
96.565401378,1,1
96.565411826,1,0
96.665367642,0,0
96.665401070,1,0
96.665401500,1,1
96.665411948,1,0
96.765367608,0,0
96.765400928,1,0
96.765401144,1,1
96.765411562,1,0
96.865368940,0,0
96.865400728,1,0
96.865400892,1,1
96.865411346,1,0
96.965367336,0,0
96.965400674,1,0
96.965400838,1,1
96.965411298,1,0
97.065367332,0,0
97.065400568,1,0
97.065400734,1,1
97.065411162,1,0
97.165367176,0,0
97.165400496,1,0
97.165400716,1,1
97.165411124,1,0
97.265367114,0,0
97.265400366,1,0
97.265400582,1,1
97.265410994,1,0
97.365366934,0,0
97.365400242,1,0
97.365400462,1,1
97.365410872,1,0
97.465366970,0,0
97.465400248,1,0
97.465400472,1,1
97.465410906,1,0
97.565368446,0,0
97.565400144,1,0
97.565400370,1,1
97.565410778,1,0
97.665366392,0,0
97.665400234,1,0
97.665400458,1,1
97.665410902,1,0
97.765366522,0,0
97.765399842,1,0
97.765400066,1,1
97.765410514,1,0
97.865366510,0,0
97.865399646,1,0
97.865399826,1,1
97.865410236,1,0
97.965366366,0,0
97.965399632,1,0
97.965399858,1,1
97.965410270,1,0
98.065367282,0,0
98.065399590,1,0
98.065399822,1,1
98.065410228,1,0
98.165366218,0,0
98.165399930,1,0
98.165400150,1,1
98.165410608,1,0
98.265367486,0,0
98.265399256,1,0
98.265399420,1,1
98.265409880,1,0
98.365366812,0,0
98.365399200,1,0
98.365399426,1,1
98.365409834,1,0
98.465366308,0,0
98.465399808,1,0
98.465400414,1,1
98.465410822,1,0
98.565365176,0,0
98.565399466,1,0
98.565399696,1,1
98.565410106,1,0
98.665367504,0,0
98.665399412,1,0
98.665399632,1,1
98.665410056,1,0
98.765368530,0,0
98.765398898,1,0
98.765399128,1,1
98.765409582,1,0
98.865366826,0,0
98.865398634,1,0
98.865398860,1,1
98.865409278,1,0
98.965365754,0,0
98.965398572,1,0
98.965398788,1,1
98.965409232,1,0
99.065365542,0,0
99.065398520,1,0
99.065398736,1,1
99.065409184,1,0
99.165365860,0,0
99.165398346,1,0
99.165398516,1,1
99.165408966,1,0
99.265365066,0,0
99.265398222,1,0
99.265398386,1,1
99.265408830,1,0
99.365364880,0,0
99.365398238,1,0
99.365398450,1,1
99.365408868,1,0
99.465365868,0,0
99.465398278,1,0
99.465398502,1,1
99.465408912,1,0
99.565364866,0,0
99.565397894,1,0
99.565398074,1,1
99.565408522,1,0
99.665364412,0,0
99.665398128,1,0
99.665398354,1,1
99.665408812,1,0
99.765364656,0,0
99.765397774,1,0
99.765398000,1,1
99.765408424,1,0
99.865364312,0,0
99.865397642,1,0
99.865397812,1,1
99.865408220,1,0
99.965367040,0,0
99.965398450,1,0
99.965398884,1,1
99.965409294,1,0
100.059316224,1,0
